Timestamp,Category,Source,Severity,Event Type,Details
19/07/2026 11:12:25.398 AM,workflow,slicing,INFO,SliceStartedEvent,slice_index: 1 | output_path: D:\UFAMeasy_Workspace\UFAMeasy\slice\demoo11 | plane_count: 3
19/07/2026 11:12:25.398 AM,workflow,slicing,INFO,SliceStartedEvent,slice_index: 1 | output_path: D:\UFAMeasy_Workspace\UFAMeasy\slice\demoo11 | plane_count: 3
19/07/2026 11:12:25.430 AM,workflow,slicing,INFO,SliceCompletedEvent,slice_index: 1 | filename: slice_1.stl | output_path: D:\UFAMeasy_Workspace\UFAMeasy\slice\demoo11 | z_offset: 0.0 | center_x: 10.0 | center_y: 10.0 | duration_ms: 30.999999995401595
19/07/2026 11:12:25.430 AM,workflow,slicing,INFO,SliceCompletedEvent,slice_index: 1 | filename: slice_1.stl | output_path: D:\UFAMeasy_Workspace\UFAMeasy\slice\demoo11 | z_offset: 0.0 | center_x: 10.0 | center_y: 10.0 | duration_ms: 30.999999995401595
19/07/2026 11:12:25.458 AM,workflow,slicing,INFO,SliceStartedEvent,slice_index: 2 | output_path: D:\UFAMeasy_Workspace\UFAMeasy\slice\demoo11 | plane_count: 3
19/07/2026 11:12:25.458 AM,workflow,slicing,INFO,SliceStartedEvent,slice_index: 2 | output_path: D:\UFAMeasy_Workspace\UFAMeasy\slice\demoo11 | plane_count: 3
19/07/2026 11:12:25.465 AM,workflow,slicing,INFO,SliceCompletedEvent,slice_index: 2 | filename: slice_2.stl | output_path: D:\UFAMeasy_Workspace\UFAMeasy\slice\demoo11 | z_offset: 3.0 | center_x: 10.0 | center_y: 10.0 | duration_ms: 0.0
19/07/2026 11:12:25.465 AM,workflow,slicing,INFO,SliceCompletedEvent,slice_index: 2 | filename: slice_2.stl | output_path: D:\UFAMeasy_Workspace\UFAMeasy\slice\demoo11 | z_offset: 3.0 | center_x: 10.0 | center_y: 10.0 | duration_ms: 0.0
19/07/2026 11:12:25.486 AM,workflow,slicing,INFO,SliceStartedEvent,slice_index: 3 | output_path: D:\UFAMeasy_Workspace\UFAMeasy\slice\demoo11 | plane_count: 3
19/07/2026 11:12:25.486 AM,workflow,slicing,INFO,SliceStartedEvent,slice_index: 3 | output_path: D:\UFAMeasy_Workspace\UFAMeasy\slice\demoo11 | plane_count: 3
19/07/2026 11:12:25.492 AM,workflow,slicing,INFO,SliceCompletedEvent,slice_index: 3 | filename: slice_3.stl | output_path: D:\UFAMeasy_Workspace\UFAMeasy\slice\demoo11 | z_offset: 5.0 | center_x: 10.0 | center_y: 10.0 | duration_ms: 0.0
19/07/2026 11:12:25.492 AM,workflow,slicing,INFO,SliceCompletedEvent,slice_index: 3 | filename: slice_3.stl | output_path: D:\UFAMeasy_Workspace\UFAMeasy\slice\demoo11 | z_offset: 5.0 | center_x: 10.0 | center_y: 10.0 | duration_ms: 0.0
19/07/2026 11:12:25.500 AM,workflow,slicing,INFO,SliceStartedEvent,slice_index: 4 | output_path: D:\UFAMeasy_Workspace\UFAMeasy\slice\demoo11 | plane_count: 3
19/07/2026 11:12:25.500 AM,workflow,slicing,INFO,SliceStartedEvent,slice_index: 4 | output_path: D:\UFAMeasy_Workspace\UFAMeasy\slice\demoo11 | plane_count: 3
19/07/2026 11:12:25.510 AM,workflow,slicing,INFO,SliceCompletedEvent,slice_index: 4 | filename: slice_4.stl | output_path: D:\UFAMeasy_Workspace\UFAMeasy\slice\demoo11 | z_offset: 19.0 | center_x: 10.0 | center_y: 10.0 | duration_ms: 14.999999999417923
19/07/2026 11:12:25.510 AM,workflow,slicing,INFO,SliceCompletedEvent,slice_index: 4 | filename: slice_4.stl | output_path: D:\UFAMeasy_Workspace\UFAMeasy\slice\demoo11 | z_offset: 19.0 | center_x: 10.0 | center_y: 10.0 | duration_ms: 14.999999999417923
19/07/2026 11:12:28.102 AM,session,session_sidecar,INFO,SessionSavedEvent,Saved session 'D:\UFAMeasy_Workspace\UFAMeasy\slice\demoo11\Unnamed.ufamsession.json' with 4 slices
19/07/2026 11:12:28.102 AM,session,session_sidecar,INFO,SessionSavedEvent,Saved session 'D:\UFAMeasy_Workspace\UFAMeasy\slice\demoo11\Unnamed.ufamsession.json' with 4 slices
19/07/2026 11:13:27.380 AM,session,document,INFO,FileEvent,Document Closed | Path: D:/UFAMeasy_Workspace/UFAMeasy/slice/demoo11/Unnamed.FCStd | Name: Unnamed
19/07/2026 11:13:27.380 AM,session,document,INFO,FileEvent,Document Closed | Path: D:/UFAMeasy_Workspace/UFAMeasy/slice/demoo11/Unnamed.FCStd | Name: Unnamed
19/07/2026 11:14:23.417 AM,workflow,geometry,INFO,ShapeChangedEvent,"Created Box (Label: 'Box') [a=20.0, b=20.0, c=20.0]"
19/07/2026 11:14:23.417 AM,workflow,geometry,INFO,ShapeChangedEvent,"Created Box (Label: 'Box') [a=20.0, b=20.0, c=20.0]"
19/07/2026 11:14:36.236 AM,session,document,INFO,FileEvent,Document Saved | Path: D:/UFAMeasy_Workspace/UFAMeasy/slice/demoo11/12345677.FCStd
19/07/2026 11:14:36.236 AM,session,document,INFO,FileEvent,Document Saved | Path: D:/UFAMeasy_Workspace/UFAMeasy/slice/demoo11/12345677.FCStd
19/07/2026 11:14:36.236 AM,session,persistence,INFO,SessionSavedEvent,Saved session 'D:/UFAMeasy_Workspace/UFAMeasy/slice/demoo11/12345677.FCStd' with 0 slices
19/07/2026 11:14:36.236 AM,session,persistence,INFO,SessionSavedEvent,Saved session 'D:/UFAMeasy_Workspace/UFAMeasy/slice/demoo11/12345677.FCStd' with 0 slices
19/07/2026 11:14:39.959 AM,workflow,slicing,INFO,SliceStartedEvent,slice_index: 1 | output_path: D:\UFAMeasy_Workspace\UFAMeasy\slice\demoo11 | plane_count: 0
19/07/2026 11:14:39.959 AM,workflow,slicing,INFO,SliceStartedEvent,slice_index: 1 | output_path: D:\UFAMeasy_Workspace\UFAMeasy\slice\demoo11 | plane_count: 0
19/07/2026 11:14:40.485 AM,workflow,slicing,INFO,SliceCompletedEvent,slice_index: 1 | filename: slice_1.stl | output_path: D:\UFAMeasy_Workspace\UFAMeasy\slice\demoo11 | z_offset: 0.0 | center_x: 10.0 | center_y: 10.0 | duration_ms: 515.9999999959837
19/07/2026 11:14:40.485 AM,workflow,slicing,INFO,SliceCompletedEvent,slice_index: 1 | filename: slice_1.stl | output_path: D:\UFAMeasy_Workspace\UFAMeasy\slice\demoo11 | z_offset: 0.0 | center_x: 10.0 | center_y: 10.0 | duration_ms: 515.9999999959837
19/07/2026 11:14:43.129 AM,session,session_sidecar,INFO,SessionSavedEvent,Saved session 'D:\UFAMeasy_Workspace\UFAMeasy\slice\demoo11\12345677.ufamsession.json' with 1 slices
19/07/2026 11:14:43.129 AM,session,session_sidecar,INFO,SessionSavedEvent,Saved session 'D:\UFAMeasy_Workspace\UFAMeasy\slice\demoo11\12345677.ufamsession.json' with 1 slices
19/07/2026 11:14:54.220 AM,workflow,slicing,INFO,SliceStartedEvent,slice_index: 1 | output_path: D:\UFAMeasy_Workspace\UFAMeasy\slice\demoo11 | plane_count: 0
19/07/2026 11:14:54.220 AM,workflow,slicing,INFO,SliceStartedEvent,slice_index: 1 | output_path: D:\UFAMeasy_Workspace\UFAMeasy\slice\demoo11 | plane_count: 0
19/07/2026 11:14:54.250 AM,workflow,slicing,INFO,SliceCompletedEvent,slice_index: 1 | filename: slice_1.stl | output_path: D:\UFAMeasy_Workspace\UFAMeasy\slice\demoo11 | z_offset: 0.0 | center_x: 10.0 | center_y: 10.0 | duration_ms: 16.00000000325963
19/07/2026 11:14:54.250 AM,workflow,slicing,INFO,SliceCompletedEvent,slice_index: 1 | filename: slice_1.stl | output_path: D:\UFAMeasy_Workspace\UFAMeasy\slice\demoo11 | z_offset: 0.0 | center_x: 10.0 | center_y: 10.0 | duration_ms: 16.00000000325963
19/07/2026 11:14:56.846 AM,session,session_sidecar,INFO,SessionSavedEvent,Saved session 'D:\UFAMeasy_Workspace\UFAMeasy\slice\demoo11\12345677.ufamsession.json' with 1 slices
19/07/2026 11:14:56.846 AM,session,session_sidecar,INFO,SessionSavedEvent,Saved session 'D:\UFAMeasy_Workspace\UFAMeasy\slice\demoo11\12345677.ufamsession.json' with 1 slices
19/07/2026 11:15:19.742 AM,workflow,slicing,INFO,SliceStartedEvent,slice_index: 1 | output_path: D:\UFAMeasy_Workspace\UFAMeasy\slice\demoo11 | plane_count: 3
19/07/2026 11:15:19.742 AM,workflow,slicing,INFO,SliceStartedEvent,slice_index: 1 | output_path: D:\UFAMeasy_Workspace\UFAMeasy\slice\demoo11 | plane_count: 3
19/07/2026 11:15:19.771 AM,workflow,slicing,INFO,SliceCompletedEvent,slice_index: 1 | filename: slice_1.stl | output_path: D:\UFAMeasy_Workspace\UFAMeasy\slice\demoo11 | z_offset: 0.0 | center_x: 10.0 | center_y: 10.0 | duration_ms: 31.000000002677552
19/07/2026 11:15:19.771 AM,workflow,slicing,INFO,SliceCompletedEvent,slice_index: 1 | filename: slice_1.stl | output_path: D:\UFAMeasy_Workspace\UFAMeasy\slice\demoo11 | z_offset: 0.0 | center_x: 10.0 | center_y: 10.0 | duration_ms: 31.000000002677552
19/07/2026 11:15:19.795 AM,workflow,slicing,INFO,SliceStartedEvent,slice_index: 2 | output_path: D:\UFAMeasy_Workspace\UFAMeasy\slice\demoo11 | plane_count: 3
19/07/2026 11:15:19.795 AM,workflow,slicing,INFO,SliceStartedEvent,slice_index: 2 | output_path: D:\UFAMeasy_Workspace\UFAMeasy\slice\demoo11 | plane_count: 3
19/07/2026 11:15:19.800 AM,workflow,slicing,INFO,SliceCompletedEvent,slice_index: 2 | filename: slice_2.stl | output_path: D:\UFAMeasy_Workspace\UFAMeasy\slice\demoo11 | z_offset: 5.0 | center_x: 10.0 | center_y: 10.0 | duration_ms: 15.999999995983671
19/07/2026 11:15:19.800 AM,workflow,slicing,INFO,SliceCompletedEvent,slice_index: 2 | filename: slice_2.stl | output_path: D:\UFAMeasy_Workspace\UFAMeasy\slice\demoo11 | z_offset: 5.0 | center_x: 10.0 | center_y: 10.0 | duration_ms: 15.999999995983671
19/07/2026 11:15:19.819 AM,workflow,slicing,INFO,SliceStartedEvent,slice_index: 3 | output_path: D:\UFAMeasy_Workspace\UFAMeasy\slice\demoo11 | plane_count: 3
19/07/2026 11:15:19.819 AM,workflow,slicing,INFO,SliceStartedEvent,slice_index: 3 | output_path: D:\UFAMeasy_Workspace\UFAMeasy\slice\demoo11 | plane_count: 3
19/07/2026 11:15:19.825 AM,workflow,slicing,INFO,SliceCompletedEvent,slice_index: 3 | filename: slice_3.stl | output_path: D:\UFAMeasy_Workspace\UFAMeasy\slice\demoo11 | z_offset: 7.0 | center_x: 10.0 | center_y: 10.0 | duration_ms: 0.0
19/07/2026 11:15:19.825 AM,workflow,slicing,INFO,SliceCompletedEvent,slice_index: 3 | filename: slice_3.stl | output_path: D:\UFAMeasy_Workspace\UFAMeasy\slice\demoo11 | z_offset: 7.0 | center_x: 10.0 | center_y: 10.0 | duration_ms: 0.0
19/07/2026 11:15:19.832 AM,workflow,slicing,INFO,SliceStartedEvent,slice_index: 4 | output_path: D:\UFAMeasy_Workspace\UFAMeasy\slice\demoo11 | plane_count: 3
19/07/2026 11:15:19.832 AM,workflow,slicing,INFO,SliceStartedEvent,slice_index: 4 | output_path: D:\UFAMeasy_Workspace\UFAMeasy\slice\demoo11 | plane_count: 3
19/07/2026 11:15:19.841 AM,workflow,slicing,INFO,SliceCompletedEvent,slice_index: 4 | filename: slice_4.stl | output_path: D:\UFAMeasy_Workspace\UFAMeasy\slice\demoo11 | z_offset: 11.0 | center_x: 10.0 | center_y: 10.0 | duration_ms: 0.0
19/07/2026 11:15:19.841 AM,workflow,slicing,INFO,SliceCompletedEvent,slice_index: 4 | filename: slice_4.stl | output_path: D:\UFAMeasy_Workspace\UFAMeasy\slice\demoo11 | z_offset: 11.0 | center_x: 10.0 | center_y: 10.0 | duration_ms: 0.0
19/07/2026 11:15:22.411 AM,session,session_sidecar,INFO,SessionSavedEvent,Saved session 'D:\UFAMeasy_Workspace\UFAMeasy\slice\demoo11\12345677.ufamsession.json' with 4 slices
19/07/2026 11:15:22.411 AM,session,session_sidecar,INFO,SessionSavedEvent,Saved session 'D:\UFAMeasy_Workspace\UFAMeasy\slice\demoo11\12345677.ufamsession.json' with 4 slices
19/07/2026 11:38:12.908 AM,workflow,geometry,INFO,ShapeChangedEvent,"Created Box (Label: 'Box') [a=20.0, b=20.0, c=20.0]"
19/07/2026 11:38:12.908 AM,workflow,geometry,INFO,ShapeChangedEvent,"Created Box (Label: 'Box') [a=20.0, b=20.0, c=20.0]"
19/07/2026 11:38:38.170 AM,session,document,INFO,FileEvent,Document Saved | Path: D:/UFAMeasy_Workspace/UFAMeasy/slice/demoo11/box.FCStd
19/07/2026 11:38:38.170 AM,session,document,INFO,FileEvent,Document Saved | Path: D:/UFAMeasy_Workspace/UFAMeasy/slice/demoo11/box.FCStd
19/07/2026 11:38:38.170 AM,session,persistence,INFO,SessionSavedEvent,Saved session 'D:/UFAMeasy_Workspace/UFAMeasy/slice/demoo11/box.FCStd' with 0 slices
19/07/2026 11:38:38.170 AM,session,persistence,INFO,SessionSavedEvent,Saved session 'D:/UFAMeasy_Workspace/UFAMeasy/slice/demoo11/box.FCStd' with 0 slices
19/07/2026 11:38:57.100 AM,workflow,slicing,INFO,SliceStartedEvent,slice_index: 1 | output_path: D:\UFAMeasy_Workspace\UFAMeasy\slice\demoo11 | plane_count: 2
19/07/2026 11:38:57.100 AM,workflow,slicing,INFO,SliceStartedEvent,slice_index: 1 | output_path: D:\UFAMeasy_Workspace\UFAMeasy\slice\demoo11 | plane_count: 2
19/07/2026 11:38:57.249 AM,workflow,slicing,INFO,SliceCompletedEvent,slice_index: 1 | filename: slice_1.stl | output_path: D:\UFAMeasy_Workspace\UFAMeasy\slice\demoo11 | z_offset: 0.0 | center_x: 10.0 | center_y: 10.0 | duration_ms: 141.00000000325963
19/07/2026 11:38:57.249 AM,workflow,slicing,INFO,SliceCompletedEvent,slice_index: 1 | filename: slice_1.stl | output_path: D:\UFAMeasy_Workspace\UFAMeasy\slice\demoo11 | z_offset: 0.0 | center_x: 10.0 | center_y: 10.0 | duration_ms: 141.00000000325963
19/07/2026 11:38:57.277 AM,workflow,slicing,INFO,SliceStartedEvent,slice_index: 2 | output_path: D:\UFAMeasy_Workspace\UFAMeasy\slice\demoo11 | plane_count: 2
19/07/2026 11:38:57.277 AM,workflow,slicing,INFO,SliceStartedEvent,slice_index: 2 | output_path: D:\UFAMeasy_Workspace\UFAMeasy\slice\demoo11 | plane_count: 2
19/07/2026 11:38:57.283 AM,workflow,slicing,INFO,SliceCompletedEvent,slice_index: 2 | filename: slice_2.stl | output_path: D:\UFAMeasy_Workspace\UFAMeasy\slice\demoo11 | z_offset: 3.0 | center_x: 10.0 | center_y: 10.0 | duration_ms: 14.999999999417923
19/07/2026 11:38:57.283 AM,workflow,slicing,INFO,SliceCompletedEvent,slice_index: 2 | filename: slice_2.stl | output_path: D:\UFAMeasy_Workspace\UFAMeasy\slice\demoo11 | z_offset: 3.0 | center_x: 10.0 | center_y: 10.0 | duration_ms: 14.999999999417923
19/07/2026 11:38:57.290 AM,workflow,slicing,INFO,SliceStartedEvent,slice_index: 3 | output_path: D:\UFAMeasy_Workspace\UFAMeasy\slice\demoo11 | plane_count: 2
19/07/2026 11:38:57.290 AM,workflow,slicing,INFO,SliceStartedEvent,slice_index: 3 | output_path: D:\UFAMeasy_Workspace\UFAMeasy\slice\demoo11 | plane_count: 2
19/07/2026 11:38:57.303 AM,workflow,slicing,INFO,SliceCompletedEvent,slice_index: 3 | filename: slice_3.stl | output_path: D:\UFAMeasy_Workspace\UFAMeasy\slice\demoo11 | z_offset: 8.0 | center_x: 10.0 | center_y: 10.0 | duration_ms: 15.999999995983671
19/07/2026 11:38:57.303 AM,workflow,slicing,INFO,SliceCompletedEvent,slice_index: 3 | filename: slice_3.stl | output_path: D:\UFAMeasy_Workspace\UFAMeasy\slice\demoo11 | z_offset: 8.0 | center_x: 10.0 | center_y: 10.0 | duration_ms: 15.999999995983671
19/07/2026 11:38:59.871 AM,session,session_sidecar,INFO,SessionSavedEvent,Saved session 'D:\UFAMeasy_Workspace\UFAMeasy\slice\demoo11\box.ufamsession.json' with 3 slices
19/07/2026 11:38:59.871 AM,session,session_sidecar,INFO,SessionSavedEvent,Saved session 'D:\UFAMeasy_Workspace\UFAMeasy\slice\demoo11\box.ufamsession.json' with 3 slices
19/07/2026 11:39:15.211 AM,workflow,geometry,INFO,ShapeChangedEvent,Deleted Part::Feature (Label: 'PreviewSlice')
19/07/2026 11:39:15.211 AM,workflow,geometry,INFO,ShapeChangedEvent,Deleted Part::Feature (Label: 'PreviewSlice')
19/07/2026 11:39:15.219 AM,workflow,slicer_ui,INFO,ParameterChangedEvent,Changed 2 parameters in Slice 1 [--layer-height: 1.0 → 0.1]
19/07/2026 11:39:15.219 AM,workflow,slicer_ui,INFO,ParameterChangedEvent,Changed 2 parameters in Slice 1 [--layer-height: 1.0 → 0.1]
19/07/2026 11:39:15.274 AM,session,session_sidecar,INFO,SessionSavedEvent,Saved session 'D:\UFAMeasy_Workspace\UFAMeasy\slice\demoo11\box.ufamsession.json' with 3 slices
19/07/2026 11:39:15.274 AM,session,session_sidecar,INFO,SessionSavedEvent,Saved session 'D:\UFAMeasy_Workspace\UFAMeasy\slice\demoo11\box.ufamsession.json' with 3 slices
19/07/2026 11:39:22.003 AM,workflow,geometry,INFO,ShapeChangedEvent,Deleted Part::Feature (Label: 'PreviewSlice')
19/07/2026 11:39:22.003 AM,workflow,geometry,INFO,ShapeChangedEvent,Deleted Part::Feature (Label: 'PreviewSlice')
19/07/2026 11:39:22.006 AM,workflow,slicer_ui,INFO,ParameterChangedEvent,Changed 1 parameters in Slice 1 [--first-layer-height: 1.0 → 0.1]
19/07/2026 11:39:22.006 AM,workflow,slicer_ui,INFO,ParameterChangedEvent,Changed 1 parameters in Slice 1 [--first-layer-height: 1.0 → 0.1]
19/07/2026 11:39:22.019 AM,session,session_sidecar,INFO,SessionSavedEvent,Saved session 'D:\UFAMeasy_Workspace\UFAMeasy\slice\demoo11\box.ufamsession.json' with 3 slices
19/07/2026 11:39:22.019 AM,session,session_sidecar,INFO,SessionSavedEvent,Saved session 'D:\UFAMeasy_Workspace\UFAMeasy\slice\demoo11\box.ufamsession.json' with 3 slices
19/07/2026 11:39:39.707 AM,workflow,geometry,INFO,ShapeChangedEvent,Deleted Part::Feature (Label: 'PreviewSlice')
19/07/2026 11:39:39.707 AM,workflow,geometry,INFO,ShapeChangedEvent,Deleted Part::Feature (Label: 'PreviewSlice')
19/07/2026 11:39:39.712 AM,workflow,slicer_ui,INFO,ParameterChangedEvent,Changed 3 parameters in Slice 2 [--first-layer-height: 1.0 → 0.1; --layer-height: 1.0 → 0.1]
19/07/2026 11:39:39.712 AM,workflow,slicer_ui,INFO,ParameterChangedEvent,Changed 3 parameters in Slice 2 [--first-layer-height: 1.0 → 0.1; --layer-height: 1.0 → 0.1]
19/07/2026 11:39:39.720 AM,session,session_sidecar,INFO,SessionSavedEvent,Saved session 'D:\UFAMeasy_Workspace\UFAMeasy\slice\demoo11\box.ufamsession.json' with 3 slices
19/07/2026 11:39:39.720 AM,session,session_sidecar,INFO,SessionSavedEvent,Saved session 'D:\UFAMeasy_Workspace\UFAMeasy\slice\demoo11\box.ufamsession.json' with 3 slices
19/07/2026 11:39:48.926 AM,workflow,geometry,INFO,ShapeChangedEvent,Deleted Part::Feature (Label: 'PreviewSlice')
19/07/2026 11:39:48.926 AM,workflow,geometry,INFO,ShapeChangedEvent,Deleted Part::Feature (Label: 'PreviewSlice')
19/07/2026 11:39:48.929 AM,workflow,slicer_ui,INFO,ParameterChangedEvent,Changed 3 parameters in Slice 3 [--first-layer-height: 1.0 → 0.1; --layer-height: 1.0 → 0.1]
19/07/2026 11:39:48.929 AM,workflow,slicer_ui,INFO,ParameterChangedEvent,Changed 3 parameters in Slice 3 [--first-layer-height: 1.0 → 0.1; --layer-height: 1.0 → 0.1]
19/07/2026 11:39:48.936 AM,session,session_sidecar,INFO,SessionSavedEvent,Saved session 'D:\UFAMeasy_Workspace\UFAMeasy\slice\demoo11\box.ufamsession.json' with 3 slices
19/07/2026 11:39:48.936 AM,session,session_sidecar,INFO,SessionSavedEvent,Saved session 'D:\UFAMeasy_Workspace\UFAMeasy\slice\demoo11\box.ufamsession.json' with 3 slices
19/07/2026 11:39:52.015 AM,gcode,gcode_generation,INFO,GCodeGeneratedEvent,stl_path: D:\UFAMeasy_Workspace\UFAMeasy\slice\demoo11\slice_1\layer_1.stl | gcode_path: D:\UFAMeasy_Workspace\UFAMeasy\slice\demoo11\slice_1\layer_1.nc | config_path: D:\UFAMeasy_Workspace\UFAMeasy\slice\demoo11\slice_1\layer_1.ini | z_offset: 0.0 | duration_ms: 483.99999999674037
19/07/2026 11:39:52.015 AM,gcode,gcode_generation,INFO,GCodeGeneratedEvent,stl_path: D:\UFAMeasy_Workspace\UFAMeasy\slice\demoo11\slice_1\layer_1.stl | gcode_path: D:\UFAMeasy_Workspace\UFAMeasy\slice\demoo11\slice_1\layer_1.nc | config_path: D:\UFAMeasy_Workspace\UFAMeasy\slice\demoo11\slice_1\layer_1.ini | z_offset: 0.0 | duration_ms: 483.99999999674037
19/07/2026 11:39:52.368 AM,gcode,gcode_generation,INFO,GCodeGeneratedEvent,stl_path: D:\UFAMeasy_Workspace\UFAMeasy\slice\demoo11\slice_1\layer_2.stl | gcode_path: D:\UFAMeasy_Workspace\UFAMeasy\slice\demoo11\slice_1\layer_2.nc | config_path: D:\UFAMeasy_Workspace\UFAMeasy\slice\demoo11\slice_1\layer_2.ini | z_offset: 0.1 | duration_ms: 360.0000000005821
19/07/2026 11:39:52.368 AM,gcode,gcode_generation,INFO,GCodeGeneratedEvent,stl_path: D:\UFAMeasy_Workspace\UFAMeasy\slice\demoo11\slice_1\layer_2.stl | gcode_path: D:\UFAMeasy_Workspace\UFAMeasy\slice\demoo11\slice_1\layer_2.nc | config_path: D:\UFAMeasy_Workspace\UFAMeasy\slice\demoo11\slice_1\layer_2.ini | z_offset: 0.1 | duration_ms: 360.0000000005821
19/07/2026 11:39:52.763 AM,gcode,gcode_generation,INFO,GCodeGeneratedEvent,stl_path: D:\UFAMeasy_Workspace\UFAMeasy\slice\demoo11\slice_1\layer_3.stl | gcode_path: D:\UFAMeasy_Workspace\UFAMeasy\slice\demoo11\slice_1\layer_3.nc | config_path: D:\UFAMeasy_Workspace\UFAMeasy\slice\demoo11\slice_1\layer_3.ini | z_offset: 0.2 | duration_ms: 389.9999999994179
19/07/2026 11:39:52.763 AM,gcode,gcode_generation,INFO,GCodeGeneratedEvent,stl_path: D:\UFAMeasy_Workspace\UFAMeasy\slice\demoo11\slice_1\layer_3.stl | gcode_path: D:\UFAMeasy_Workspace\UFAMeasy\slice\demoo11\slice_1\layer_3.nc | config_path: D:\UFAMeasy_Workspace\UFAMeasy\slice\demoo11\slice_1\layer_3.ini | z_offset: 0.2 | duration_ms: 389.9999999994179
19/07/2026 11:39:53.122 AM,gcode,gcode_generation,INFO,GCodeGeneratedEvent,stl_path: D:\UFAMeasy_Workspace\UFAMeasy\slice\demoo11\slice_1\layer_4.stl | gcode_path: D:\UFAMeasy_Workspace\UFAMeasy\slice\demoo11\slice_1\layer_4.nc | config_path: D:\UFAMeasy_Workspace\UFAMeasy\slice\demoo11\slice_1\layer_4.ini | z_offset: 0.30000000000000004 | duration_ms: 360.0000000005821
19/07/2026 11:39:53.122 AM,gcode,gcode_generation,INFO,GCodeGeneratedEvent,stl_path: D:\UFAMeasy_Workspace\UFAMeasy\slice\demoo11\slice_1\layer_4.stl | gcode_path: D:\UFAMeasy_Workspace\UFAMeasy\slice\demoo11\slice_1\layer_4.nc | config_path: D:\UFAMeasy_Workspace\UFAMeasy\slice\demoo11\slice_1\layer_4.ini | z_offset: 0.30000000000000004 | duration_ms: 360.0000000005821
19/07/2026 11:39:53.504 AM,gcode,gcode_generation,INFO,GCodeGeneratedEvent,stl_path: D:\UFAMeasy_Workspace\UFAMeasy\slice\demoo11\slice_1\layer_5.stl | gcode_path: D:\UFAMeasy_Workspace\UFAMeasy\slice\demoo11\slice_1\layer_5.nc | config_path: D:\UFAMeasy_Workspace\UFAMeasy\slice\demoo11\slice_1\layer_5.ini | z_offset: 0.4 | duration_ms: 389.9999999994179
19/07/2026 11:39:53.504 AM,gcode,gcode_generation,INFO,GCodeGeneratedEvent,stl_path: D:\UFAMeasy_Workspace\UFAMeasy\slice\demoo11\slice_1\layer_5.stl | gcode_path: D:\UFAMeasy_Workspace\UFAMeasy\slice\demoo11\slice_1\layer_5.nc | config_path: D:\UFAMeasy_Workspace\UFAMeasy\slice\demoo11\slice_1\layer_5.ini | z_offset: 0.4 | duration_ms: 389.9999999994179
19/07/2026 11:39:53.813 AM,gcode,gcode_generation,INFO,GCodeGeneratedEvent,stl_path: D:\UFAMeasy_Workspace\UFAMeasy\slice\demoo11\slice_1\layer_6.stl | gcode_path: D:\UFAMeasy_Workspace\UFAMeasy\slice\demoo11\slice_1\layer_6.nc | config_path: D:\UFAMeasy_Workspace\UFAMeasy\slice\demoo11\slice_1\layer_6.ini | z_offset: 0.5 | duration_ms: 296.9999999986612
19/07/2026 11:39:53.813 AM,gcode,gcode_generation,INFO,GCodeGeneratedEvent,stl_path: D:\UFAMeasy_Workspace\UFAMeasy\slice\demoo11\slice_1\layer_6.stl | gcode_path: D:\UFAMeasy_Workspace\UFAMeasy\slice\demoo11\slice_1\layer_6.nc | config_path: D:\UFAMeasy_Workspace\UFAMeasy\slice\demoo11\slice_1\layer_6.ini | z_offset: 0.5 | duration_ms: 296.9999999986612
19/07/2026 11:39:54.161 AM,gcode,gcode_generation,INFO,GCodeGeneratedEvent,stl_path: D:\UFAMeasy_Workspace\UFAMeasy\slice\demoo11\slice_1\layer_7.stl | gcode_path: D:\UFAMeasy_Workspace\UFAMeasy\slice\demoo11\slice_1\layer_7.nc | config_path: D:\UFAMeasy_Workspace\UFAMeasy\slice\demoo11\slice_1\layer_7.ini | z_offset: 0.6 | duration_ms: 343.0000000007567
19/07/2026 11:39:54.161 AM,gcode,gcode_generation,INFO,GCodeGeneratedEvent,stl_path: D:\UFAMeasy_Workspace\UFAMeasy\slice\demoo11\slice_1\layer_7.stl | gcode_path: D:\UFAMeasy_Workspace\UFAMeasy\slice\demoo11\slice_1\layer_7.nc | config_path: D:\UFAMeasy_Workspace\UFAMeasy\slice\demoo11\slice_1\layer_7.ini | z_offset: 0.6 | duration_ms: 343.0000000007567
19/07/2026 11:39:54.517 AM,gcode,gcode_generation,INFO,GCodeGeneratedEvent,stl_path: D:\UFAMeasy_Workspace\UFAMeasy\slice\demoo11\slice_1\layer_8.stl | gcode_path: D:\UFAMeasy_Workspace\UFAMeasy\slice\demoo11\slice_1\layer_8.nc | config_path: D:\UFAMeasy_Workspace\UFAMeasy\slice\demoo11\slice_1\layer_8.ini | z_offset: 0.7 | duration_ms: 343.99999999732245
19/07/2026 11:39:54.517 AM,gcode,gcode_generation,INFO,GCodeGeneratedEvent,stl_path: D:\UFAMeasy_Workspace\UFAMeasy\slice\demoo11\slice_1\layer_8.stl | gcode_path: D:\UFAMeasy_Workspace\UFAMeasy\slice\demoo11\slice_1\layer_8.nc | config_path: D:\UFAMeasy_Workspace\UFAMeasy\slice\demoo11\slice_1\layer_8.ini | z_offset: 0.7 | duration_ms: 343.99999999732245
19/07/2026 11:39:54.900 AM,gcode,gcode_generation,INFO,GCodeGeneratedEvent,stl_path: D:\UFAMeasy_Workspace\UFAMeasy\slice\demoo11\slice_1\layer_9.stl | gcode_path: D:\UFAMeasy_Workspace\UFAMeasy\slice\demoo11\slice_1\layer_9.nc | config_path: D:\UFAMeasy_Workspace\UFAMeasy\slice\demoo11\slice_1\layer_9.ini | z_offset: 0.7999999999999999 | duration_ms: 375.0
19/07/2026 11:39:54.900 AM,gcode,gcode_generation,INFO,GCodeGeneratedEvent,stl_path: D:\UFAMeasy_Workspace\UFAMeasy\slice\demoo11\slice_1\layer_9.stl | gcode_path: D:\UFAMeasy_Workspace\UFAMeasy\slice\demoo11\slice_1\layer_9.nc | config_path: D:\UFAMeasy_Workspace\UFAMeasy\slice\demoo11\slice_1\layer_9.ini | z_offset: 0.7999999999999999 | duration_ms: 375.0
19/07/2026 11:39:55.213 AM,gcode,gcode_generation,INFO,GCodeGeneratedEvent,stl_path: D:\UFAMeasy_Workspace\UFAMeasy\slice\demoo11\slice_1\layer_10.stl | gcode_path: D:\UFAMeasy_Workspace\UFAMeasy\slice\demoo11\slice_1\layer_10.nc | config_path: D:\UFAMeasy_Workspace\UFAMeasy\slice\demoo11\slice_1\layer_10.ini | z_offset: 0.8999999999999999 | duration_ms: 311.99999999807915
19/07/2026 11:39:55.213 AM,gcode,gcode_generation,INFO,GCodeGeneratedEvent,stl_path: D:\UFAMeasy_Workspace\UFAMeasy\slice\demoo11\slice_1\layer_10.stl | gcode_path: D:\UFAMeasy_Workspace\UFAMeasy\slice\demoo11\slice_1\layer_10.nc | config_path: D:\UFAMeasy_Workspace\UFAMeasy\slice\demoo11\slice_1\layer_10.ini | z_offset: 0.8999999999999999 | duration_ms: 311.99999999807915
19/07/2026 11:39:55.587 AM,gcode,gcode_generation,INFO,GCodeGeneratedEvent,stl_path: D:\UFAMeasy_Workspace\UFAMeasy\slice\demoo11\slice_1\layer_11.stl | gcode_path: D:\UFAMeasy_Workspace\UFAMeasy\slice\demoo11\slice_1\layer_11.nc | config_path: D:\UFAMeasy_Workspace\UFAMeasy\slice\demoo11\slice_1\layer_11.ini | z_offset: 0.9999999999999999 | duration_ms: 375.0
19/07/2026 11:39:55.587 AM,gcode,gcode_generation,INFO,GCodeGeneratedEvent,stl_path: D:\UFAMeasy_Workspace\UFAMeasy\slice\demoo11\slice_1\layer_11.stl | gcode_path: D:\UFAMeasy_Workspace\UFAMeasy\slice\demoo11\slice_1\layer_11.nc | config_path: D:\UFAMeasy_Workspace\UFAMeasy\slice\demoo11\slice_1\layer_11.ini | z_offset: 0.9999999999999999 | duration_ms: 375.0
19/07/2026 11:39:55.911 AM,gcode,gcode_generation,INFO,GCodeGeneratedEvent,stl_path: D:\UFAMeasy_Workspace\UFAMeasy\slice\demoo11\slice_1\layer_12.stl | gcode_path: D:\UFAMeasy_Workspace\UFAMeasy\slice\demoo11\slice_1\layer_12.nc | config_path: D:\UFAMeasy_Workspace\UFAMeasy\slice\demoo11\slice_1\layer_12.ini | z_offset: 1.0999999999999999 | duration_ms: 328.0000000013388
19/07/2026 11:39:55.911 AM,gcode,gcode_generation,INFO,GCodeGeneratedEvent,stl_path: D:\UFAMeasy_Workspace\UFAMeasy\slice\demoo11\slice_1\layer_12.stl | gcode_path: D:\UFAMeasy_Workspace\UFAMeasy\slice\demoo11\slice_1\layer_12.nc | config_path: D:\UFAMeasy_Workspace\UFAMeasy\slice\demoo11\slice_1\layer_12.ini | z_offset: 1.0999999999999999 | duration_ms: 328.0000000013388
19/07/2026 11:39:56.277 AM,gcode,gcode_generation,INFO,GCodeGeneratedEvent,stl_path: D:\UFAMeasy_Workspace\UFAMeasy\slice\demoo11\slice_1\layer_13.stl | gcode_path: D:\UFAMeasy_Workspace\UFAMeasy\slice\demoo11\slice_1\layer_13.nc | config_path: D:\UFAMeasy_Workspace\UFAMeasy\slice\demoo11\slice_1\layer_13.ini | z_offset: 1.2 | duration_ms: 360.0000000005821
19/07/2026 11:39:56.277 AM,gcode,gcode_generation,INFO,GCodeGeneratedEvent,stl_path: D:\UFAMeasy_Workspace\UFAMeasy\slice\demoo11\slice_1\layer_13.stl | gcode_path: D:\UFAMeasy_Workspace\UFAMeasy\slice\demoo11\slice_1\layer_13.nc | config_path: D:\UFAMeasy_Workspace\UFAMeasy\slice\demoo11\slice_1\layer_13.ini | z_offset: 1.2 | duration_ms: 360.0000000005821
19/07/2026 11:39:56.618 AM,gcode,gcode_generation,INFO,GCodeGeneratedEvent,stl_path: D:\UFAMeasy_Workspace\UFAMeasy\slice\demoo11\slice_1\layer_14.stl | gcode_path: D:\UFAMeasy_Workspace\UFAMeasy\slice\demoo11\slice_1\layer_14.nc | config_path: D:\UFAMeasy_Workspace\UFAMeasy\slice\demoo11\slice_1\layer_14.ini | z_offset: 1.3 | duration_ms: 343.99999999732245
19/07/2026 11:39:56.618 AM,gcode,gcode_generation,INFO,GCodeGeneratedEvent,stl_path: D:\UFAMeasy_Workspace\UFAMeasy\slice\demoo11\slice_1\layer_14.stl | gcode_path: D:\UFAMeasy_Workspace\UFAMeasy\slice\demoo11\slice_1\layer_14.nc | config_path: D:\UFAMeasy_Workspace\UFAMeasy\slice\demoo11\slice_1\layer_14.ini | z_offset: 1.3 | duration_ms: 343.99999999732245
19/07/2026 11:39:57.022 AM,gcode,gcode_generation,INFO,GCodeGeneratedEvent,stl_path: D:\UFAMeasy_Workspace\UFAMeasy\slice\demoo11\slice_1\layer_15.stl | gcode_path: D:\UFAMeasy_Workspace\UFAMeasy\slice\demoo11\slice_1\layer_15.nc | config_path: D:\UFAMeasy_Workspace\UFAMeasy\slice\demoo11\slice_1\layer_15.ini | z_offset: 1.4000000000000001 | duration_ms: 406.00000000267755
19/07/2026 11:39:57.022 AM,gcode,gcode_generation,INFO,GCodeGeneratedEvent,stl_path: D:\UFAMeasy_Workspace\UFAMeasy\slice\demoo11\slice_1\layer_15.stl | gcode_path: D:\UFAMeasy_Workspace\UFAMeasy\slice\demoo11\slice_1\layer_15.nc | config_path: D:\UFAMeasy_Workspace\UFAMeasy\slice\demoo11\slice_1\layer_15.ini | z_offset: 1.4000000000000001 | duration_ms: 406.00000000267755
19/07/2026 11:39:57.344 AM,gcode,gcode_generation,INFO,GCodeGeneratedEvent,stl_path: D:\UFAMeasy_Workspace\UFAMeasy\slice\demoo11\slice_1\layer_16.stl | gcode_path: D:\UFAMeasy_Workspace\UFAMeasy\slice\demoo11\slice_1\layer_16.nc | config_path: D:\UFAMeasy_Workspace\UFAMeasy\slice\demoo11\slice_1\layer_16.ini | z_offset: 1.5000000000000002 | duration_ms: 311.99999999807915
19/07/2026 11:39:57.344 AM,gcode,gcode_generation,INFO,GCodeGeneratedEvent,stl_path: D:\UFAMeasy_Workspace\UFAMeasy\slice\demoo11\slice_1\layer_16.stl | gcode_path: D:\UFAMeasy_Workspace\UFAMeasy\slice\demoo11\slice_1\layer_16.nc | config_path: D:\UFAMeasy_Workspace\UFAMeasy\slice\demoo11\slice_1\layer_16.ini | z_offset: 1.5000000000000002 | duration_ms: 311.99999999807915
19/07/2026 11:39:57.779 AM,gcode,gcode_generation,INFO,GCodeGeneratedEvent,stl_path: D:\UFAMeasy_Workspace\UFAMeasy\slice\demoo11\slice_1\layer_17.stl | gcode_path: D:\UFAMeasy_Workspace\UFAMeasy\slice\demoo11\slice_1\layer_17.nc | config_path: D:\UFAMeasy_Workspace\UFAMeasy\slice\demoo11\slice_1\layer_17.ini | z_offset: 1.6000000000000003 | duration_ms: 438.00000000192085
19/07/2026 11:39:57.779 AM,gcode,gcode_generation,INFO,GCodeGeneratedEvent,stl_path: D:\UFAMeasy_Workspace\UFAMeasy\slice\demoo11\slice_1\layer_17.stl | gcode_path: D:\UFAMeasy_Workspace\UFAMeasy\slice\demoo11\slice_1\layer_17.nc | config_path: D:\UFAMeasy_Workspace\UFAMeasy\slice\demoo11\slice_1\layer_17.ini | z_offset: 1.6000000000000003 | duration_ms: 438.00000000192085
19/07/2026 11:39:58.122 AM,gcode,gcode_generation,INFO,GCodeGeneratedEvent,stl_path: D:\UFAMeasy_Workspace\UFAMeasy\slice\demoo11\slice_1\layer_18.stl | gcode_path: D:\UFAMeasy_Workspace\UFAMeasy\slice\demoo11\slice_1\layer_18.nc | config_path: D:\UFAMeasy_Workspace\UFAMeasy\slice\demoo11\slice_1\layer_18.ini | z_offset: 1.7000000000000004 | duration_ms: 343.99999999732245
19/07/2026 11:39:58.122 AM,gcode,gcode_generation,INFO,GCodeGeneratedEvent,stl_path: D:\UFAMeasy_Workspace\UFAMeasy\slice\demoo11\slice_1\layer_18.stl | gcode_path: D:\UFAMeasy_Workspace\UFAMeasy\slice\demoo11\slice_1\layer_18.nc | config_path: D:\UFAMeasy_Workspace\UFAMeasy\slice\demoo11\slice_1\layer_18.ini | z_offset: 1.7000000000000004 | duration_ms: 343.99999999732245
19/07/2026 11:39:58.440 AM,gcode,gcode_generation,INFO,GCodeGeneratedEvent,stl_path: D:\UFAMeasy_Workspace\UFAMeasy\slice\demoo11\slice_1\layer_19.stl | gcode_path: D:\UFAMeasy_Workspace\UFAMeasy\slice\demoo11\slice_1\layer_19.nc | config_path: D:\UFAMeasy_Workspace\UFAMeasy\slice\demoo11\slice_1\layer_19.ini | z_offset: 1.8000000000000005 | duration_ms: 328.0000000013388
19/07/2026 11:39:58.440 AM,gcode,gcode_generation,INFO,GCodeGeneratedEvent,stl_path: D:\UFAMeasy_Workspace\UFAMeasy\slice\demoo11\slice_1\layer_19.stl | gcode_path: D:\UFAMeasy_Workspace\UFAMeasy\slice\demoo11\slice_1\layer_19.nc | config_path: D:\UFAMeasy_Workspace\UFAMeasy\slice\demoo11\slice_1\layer_19.ini | z_offset: 1.8000000000000005 | duration_ms: 328.0000000013388
19/07/2026 11:39:58.769 AM,gcode,gcode_generation,INFO,GCodeGeneratedEvent,stl_path: D:\UFAMeasy_Workspace\UFAMeasy\slice\demoo11\slice_1\layer_20.stl | gcode_path: D:\UFAMeasy_Workspace\UFAMeasy\slice\demoo11\slice_1\layer_20.nc | config_path: D:\UFAMeasy_Workspace\UFAMeasy\slice\demoo11\slice_1\layer_20.ini | z_offset: 1.9000000000000006 | duration_ms: 328.0000000013388
19/07/2026 11:39:58.769 AM,gcode,gcode_generation,INFO,GCodeGeneratedEvent,stl_path: D:\UFAMeasy_Workspace\UFAMeasy\slice\demoo11\slice_1\layer_20.stl | gcode_path: D:\UFAMeasy_Workspace\UFAMeasy\slice\demoo11\slice_1\layer_20.nc | config_path: D:\UFAMeasy_Workspace\UFAMeasy\slice\demoo11\slice_1\layer_20.ini | z_offset: 1.9000000000000006 | duration_ms: 328.0000000013388
19/07/2026 11:39:59.096 AM,gcode,gcode_generation,INFO,GCodeGeneratedEvent,stl_path: D:\UFAMeasy_Workspace\UFAMeasy\slice\demoo11\slice_1\layer_21.stl | gcode_path: D:\UFAMeasy_Workspace\UFAMeasy\slice\demoo11\slice_1\layer_21.nc | config_path: D:\UFAMeasy_Workspace\UFAMeasy\slice\demoo11\slice_1\layer_21.ini | z_offset: 2.0000000000000004 | duration_ms: 327.9999999940628
19/07/2026 11:39:59.096 AM,gcode,gcode_generation,INFO,GCodeGeneratedEvent,stl_path: D:\UFAMeasy_Workspace\UFAMeasy\slice\demoo11\slice_1\layer_21.stl | gcode_path: D:\UFAMeasy_Workspace\UFAMeasy\slice\demoo11\slice_1\layer_21.nc | config_path: D:\UFAMeasy_Workspace\UFAMeasy\slice\demoo11\slice_1\layer_21.ini | z_offset: 2.0000000000000004 | duration_ms: 327.9999999940628
19/07/2026 11:39:59.440 AM,gcode,gcode_generation,INFO,GCodeGeneratedEvent,stl_path: D:\UFAMeasy_Workspace\UFAMeasy\slice\demoo11\slice_1\layer_22.stl | gcode_path: D:\UFAMeasy_Workspace\UFAMeasy\slice\demoo11\slice_1\layer_22.nc | config_path: D:\UFAMeasy_Workspace\UFAMeasy\slice\demoo11\slice_1\layer_22.ini | z_offset: 2.1000000000000005 | duration_ms: 344.0000000045984
19/07/2026 11:39:59.440 AM,gcode,gcode_generation,INFO,GCodeGeneratedEvent,stl_path: D:\UFAMeasy_Workspace\UFAMeasy\slice\demoo11\slice_1\layer_22.stl | gcode_path: D:\UFAMeasy_Workspace\UFAMeasy\slice\demoo11\slice_1\layer_22.nc | config_path: D:\UFAMeasy_Workspace\UFAMeasy\slice\demoo11\slice_1\layer_22.ini | z_offset: 2.1000000000000005 | duration_ms: 344.0000000045984
19/07/2026 11:39:59.794 AM,gcode,gcode_generation,INFO,GCodeGeneratedEvent,stl_path: D:\UFAMeasy_Workspace\UFAMeasy\slice\demoo11\slice_1\layer_23.stl | gcode_path: D:\UFAMeasy_Workspace\UFAMeasy\slice\demoo11\slice_1\layer_23.nc | config_path: D:\UFAMeasy_Workspace\UFAMeasy\slice\demoo11\slice_1\layer_23.ini | z_offset: 2.2000000000000006 | duration_ms: 343.0000000007567
19/07/2026 11:39:59.794 AM,gcode,gcode_generation,INFO,GCodeGeneratedEvent,stl_path: D:\UFAMeasy_Workspace\UFAMeasy\slice\demoo11\slice_1\layer_23.stl | gcode_path: D:\UFAMeasy_Workspace\UFAMeasy\slice\demoo11\slice_1\layer_23.nc | config_path: D:\UFAMeasy_Workspace\UFAMeasy\slice\demoo11\slice_1\layer_23.ini | z_offset: 2.2000000000000006 | duration_ms: 343.0000000007567
19/07/2026 11:40:00.148 AM,gcode,gcode_generation,INFO,GCodeGeneratedEvent,stl_path: D:\UFAMeasy_Workspace\UFAMeasy\slice\demoo11\slice_1\layer_24.stl | gcode_path: D:\UFAMeasy_Workspace\UFAMeasy\slice\demoo11\slice_1\layer_24.nc | config_path: D:\UFAMeasy_Workspace\UFAMeasy\slice\demoo11\slice_1\layer_24.ini | z_offset: 2.3000000000000007 | duration_ms: 360.0000000005821
19/07/2026 11:40:00.148 AM,gcode,gcode_generation,INFO,GCodeGeneratedEvent,stl_path: D:\UFAMeasy_Workspace\UFAMeasy\slice\demoo11\slice_1\layer_24.stl | gcode_path: D:\UFAMeasy_Workspace\UFAMeasy\slice\demoo11\slice_1\layer_24.nc | config_path: D:\UFAMeasy_Workspace\UFAMeasy\slice\demoo11\slice_1\layer_24.ini | z_offset: 2.3000000000000007 | duration_ms: 360.0000000005821
19/07/2026 11:40:00.528 AM,gcode,gcode_generation,INFO,GCodeGeneratedEvent,stl_path: D:\UFAMeasy_Workspace\UFAMeasy\slice\demoo11\slice_1\layer_25.stl | gcode_path: D:\UFAMeasy_Workspace\UFAMeasy\slice\demoo11\slice_1\layer_25.nc | config_path: D:\UFAMeasy_Workspace\UFAMeasy\slice\demoo11\slice_1\layer_25.ini | z_offset: 2.400000000000001 | duration_ms: 375.0
19/07/2026 11:40:00.528 AM,gcode,gcode_generation,INFO,GCodeGeneratedEvent,stl_path: D:\UFAMeasy_Workspace\UFAMeasy\slice\demoo11\slice_1\layer_25.stl | gcode_path: D:\UFAMeasy_Workspace\UFAMeasy\slice\demoo11\slice_1\layer_25.nc | config_path: D:\UFAMeasy_Workspace\UFAMeasy\slice\demoo11\slice_1\layer_25.ini | z_offset: 2.400000000000001 | duration_ms: 375.0
19/07/2026 11:40:00.880 AM,gcode,gcode_generation,INFO,GCodeGeneratedEvent,stl_path: D:\UFAMeasy_Workspace\UFAMeasy\slice\demoo11\slice_1\layer_26.stl | gcode_path: D:\UFAMeasy_Workspace\UFAMeasy\slice\demoo11\slice_1\layer_26.nc | config_path: D:\UFAMeasy_Workspace\UFAMeasy\slice\demoo11\slice_1\layer_26.ini | z_offset: 2.500000000000001 | duration_ms: 358.99999999674037
19/07/2026 11:40:00.880 AM,gcode,gcode_generation,INFO,GCodeGeneratedEvent,stl_path: D:\UFAMeasy_Workspace\UFAMeasy\slice\demoo11\slice_1\layer_26.stl | gcode_path: D:\UFAMeasy_Workspace\UFAMeasy\slice\demoo11\slice_1\layer_26.nc | config_path: D:\UFAMeasy_Workspace\UFAMeasy\slice\demoo11\slice_1\layer_26.ini | z_offset: 2.500000000000001 | duration_ms: 358.99999999674037
19/07/2026 11:40:01.227 AM,gcode,gcode_generation,INFO,GCodeGeneratedEvent,stl_path: D:\UFAMeasy_Workspace\UFAMeasy\slice\demoo11\slice_1\layer_27.stl | gcode_path: D:\UFAMeasy_Workspace\UFAMeasy\slice\demoo11\slice_1\layer_27.nc | config_path: D:\UFAMeasy_Workspace\UFAMeasy\slice\demoo11\slice_1\layer_27.ini | z_offset: 2.600000000000001 | duration_ms: 343.99999999732245
19/07/2026 11:40:01.227 AM,gcode,gcode_generation,INFO,GCodeGeneratedEvent,stl_path: D:\UFAMeasy_Workspace\UFAMeasy\slice\demoo11\slice_1\layer_27.stl | gcode_path: D:\UFAMeasy_Workspace\UFAMeasy\slice\demoo11\slice_1\layer_27.nc | config_path: D:\UFAMeasy_Workspace\UFAMeasy\slice\demoo11\slice_1\layer_27.ini | z_offset: 2.600000000000001 | duration_ms: 343.99999999732245
19/07/2026 11:40:01.516 AM,gcode,gcode_generation,INFO,GCodeGeneratedEvent,stl_path: D:\UFAMeasy_Workspace\UFAMeasy\slice\demoo11\slice_1\layer_28.stl | gcode_path: D:\UFAMeasy_Workspace\UFAMeasy\slice\demoo11\slice_1\layer_28.nc | config_path: D:\UFAMeasy_Workspace\UFAMeasy\slice\demoo11\slice_1\layer_28.ini | z_offset: 2.700000000000001 | duration_ms: 281.00000000267755
19/07/2026 11:40:01.516 AM,gcode,gcode_generation,INFO,GCodeGeneratedEvent,stl_path: D:\UFAMeasy_Workspace\UFAMeasy\slice\demoo11\slice_1\layer_28.stl | gcode_path: D:\UFAMeasy_Workspace\UFAMeasy\slice\demoo11\slice_1\layer_28.nc | config_path: D:\UFAMeasy_Workspace\UFAMeasy\slice\demoo11\slice_1\layer_28.ini | z_offset: 2.700000000000001 | duration_ms: 281.00000000267755
19/07/2026 11:40:01.894 AM,gcode,gcode_generation,INFO,GCodeGeneratedEvent,stl_path: D:\UFAMeasy_Workspace\UFAMeasy\slice\demoo11\slice_1\layer_29.stl | gcode_path: D:\UFAMeasy_Workspace\UFAMeasy\slice\demoo11\slice_1\layer_29.nc | config_path: D:\UFAMeasy_Workspace\UFAMeasy\slice\demoo11\slice_1\layer_29.ini | z_offset: 2.800000000000001 | duration_ms: 391.00000000325963
19/07/2026 11:40:01.894 AM,gcode,gcode_generation,INFO,GCodeGeneratedEvent,stl_path: D:\UFAMeasy_Workspace\UFAMeasy\slice\demoo11\slice_1\layer_29.stl | gcode_path: D:\UFAMeasy_Workspace\UFAMeasy\slice\demoo11\slice_1\layer_29.nc | config_path: D:\UFAMeasy_Workspace\UFAMeasy\slice\demoo11\slice_1\layer_29.ini | z_offset: 2.800000000000001 | duration_ms: 391.00000000325963
19/07/2026 11:40:02.232 AM,gcode,gcode_generation,INFO,GCodeGeneratedEvent,stl_path: D:\UFAMeasy_Workspace\UFAMeasy\slice\demoo11\slice_1\layer_30.stl | gcode_path: D:\UFAMeasy_Workspace\UFAMeasy\slice\demoo11\slice_1\layer_30.nc | config_path: D:\UFAMeasy_Workspace\UFAMeasy\slice\demoo11\slice_1\layer_30.ini | z_offset: 2.9000000000000012 | duration_ms: 327.9999999940628
19/07/2026 11:40:02.232 AM,gcode,gcode_generation,INFO,GCodeGeneratedEvent,stl_path: D:\UFAMeasy_Workspace\UFAMeasy\slice\demoo11\slice_1\layer_30.stl | gcode_path: D:\UFAMeasy_Workspace\UFAMeasy\slice\demoo11\slice_1\layer_30.nc | config_path: D:\UFAMeasy_Workspace\UFAMeasy\slice\demoo11\slice_1\layer_30.ini | z_offset: 2.9000000000000012 | duration_ms: 327.9999999940628
19/07/2026 11:40:03.480 AM,gcode,gcode_generation,INFO,GCodeGeneratedEvent,stl_path: D:\UFAMeasy_Workspace\UFAMeasy\slice\demoo11\slice_2\layer_1.stl | gcode_path: D:\UFAMeasy_Workspace\UFAMeasy\slice\demoo11\slice_2\layer_1.nc | config_path: D:\UFAMeasy_Workspace\UFAMeasy\slice\demoo11\slice_2\layer_1.ini | z_offset: 3.0 | duration_ms: 375.0
19/07/2026 11:40:03.480 AM,gcode,gcode_generation,INFO,GCodeGeneratedEvent,stl_path: D:\UFAMeasy_Workspace\UFAMeasy\slice\demoo11\slice_2\layer_1.stl | gcode_path: D:\UFAMeasy_Workspace\UFAMeasy\slice\demoo11\slice_2\layer_1.nc | config_path: D:\UFAMeasy_Workspace\UFAMeasy\slice\demoo11\slice_2\layer_1.ini | z_offset: 3.0 | duration_ms: 375.0
19/07/2026 11:40:03.825 AM,gcode,gcode_generation,INFO,GCodeGeneratedEvent,stl_path: D:\UFAMeasy_Workspace\UFAMeasy\slice\demoo11\slice_2\layer_2.stl | gcode_path: D:\UFAMeasy_Workspace\UFAMeasy\slice\demoo11\slice_2\layer_2.nc | config_path: D:\UFAMeasy_Workspace\UFAMeasy\slice\demoo11\slice_2\layer_2.ini | z_offset: 3.1 | duration_ms: 344.0000000045984
19/07/2026 11:40:03.825 AM,gcode,gcode_generation,INFO,GCodeGeneratedEvent,stl_path: D:\UFAMeasy_Workspace\UFAMeasy\slice\demoo11\slice_2\layer_2.stl | gcode_path: D:\UFAMeasy_Workspace\UFAMeasy\slice\demoo11\slice_2\layer_2.nc | config_path: D:\UFAMeasy_Workspace\UFAMeasy\slice\demoo11\slice_2\layer_2.ini | z_offset: 3.1 | duration_ms: 344.0000000045984
19/07/2026 11:40:04.194 AM,gcode,gcode_generation,INFO,GCodeGeneratedEvent,stl_path: D:\UFAMeasy_Workspace\UFAMeasy\slice\demoo11\slice_2\layer_3.stl | gcode_path: D:\UFAMeasy_Workspace\UFAMeasy\slice\demoo11\slice_2\layer_3.nc | config_path: D:\UFAMeasy_Workspace\UFAMeasy\slice\demoo11\slice_2\layer_3.ini | z_offset: 3.2 | duration_ms: 375.0
19/07/2026 11:40:04.194 AM,gcode,gcode_generation,INFO,GCodeGeneratedEvent,stl_path: D:\UFAMeasy_Workspace\UFAMeasy\slice\demoo11\slice_2\layer_3.stl | gcode_path: D:\UFAMeasy_Workspace\UFAMeasy\slice\demoo11\slice_2\layer_3.nc | config_path: D:\UFAMeasy_Workspace\UFAMeasy\slice\demoo11\slice_2\layer_3.ini | z_offset: 3.2 | duration_ms: 375.0
19/07/2026 11:40:04.573 AM,gcode,gcode_generation,INFO,GCodeGeneratedEvent,stl_path: D:\UFAMeasy_Workspace\UFAMeasy\slice\demoo11\slice_2\layer_4.stl | gcode_path: D:\UFAMeasy_Workspace\UFAMeasy\slice\demoo11\slice_2\layer_4.nc | config_path: D:\UFAMeasy_Workspace\UFAMeasy\slice\demoo11\slice_2\layer_4.ini | z_offset: 3.3000000000000003 | duration_ms: 375.0
19/07/2026 11:40:04.573 AM,gcode,gcode_generation,INFO,GCodeGeneratedEvent,stl_path: D:\UFAMeasy_Workspace\UFAMeasy\slice\demoo11\slice_2\layer_4.stl | gcode_path: D:\UFAMeasy_Workspace\UFAMeasy\slice\demoo11\slice_2\layer_4.nc | config_path: D:\UFAMeasy_Workspace\UFAMeasy\slice\demoo11\slice_2\layer_4.ini | z_offset: 3.3000000000000003 | duration_ms: 375.0
19/07/2026 11:40:04.899 AM,gcode,gcode_generation,INFO,GCodeGeneratedEvent,stl_path: D:\UFAMeasy_Workspace\UFAMeasy\slice\demoo11\slice_2\layer_5.stl | gcode_path: D:\UFAMeasy_Workspace\UFAMeasy\slice\demoo11\slice_2\layer_5.nc | config_path: D:\UFAMeasy_Workspace\UFAMeasy\slice\demoo11\slice_2\layer_5.ini | z_offset: 3.4000000000000004 | duration_ms: 328.0000000013388
19/07/2026 11:40:04.899 AM,gcode,gcode_generation,INFO,GCodeGeneratedEvent,stl_path: D:\UFAMeasy_Workspace\UFAMeasy\slice\demoo11\slice_2\layer_5.stl | gcode_path: D:\UFAMeasy_Workspace\UFAMeasy\slice\demoo11\slice_2\layer_5.nc | config_path: D:\UFAMeasy_Workspace\UFAMeasy\slice\demoo11\slice_2\layer_5.ini | z_offset: 3.4000000000000004 | duration_ms: 328.0000000013388
19/07/2026 11:40:05.199 AM,gcode,gcode_generation,INFO,GCodeGeneratedEvent,stl_path: D:\UFAMeasy_Workspace\UFAMeasy\slice\demoo11\slice_2\layer_6.stl | gcode_path: D:\UFAMeasy_Workspace\UFAMeasy\slice\demoo11\slice_2\layer_6.nc | config_path: D:\UFAMeasy_Workspace\UFAMeasy\slice\demoo11\slice_2\layer_6.ini | z_offset: 3.5000000000000004 | duration_ms: 296.9999999986612
19/07/2026 11:40:05.199 AM,gcode,gcode_generation,INFO,GCodeGeneratedEvent,stl_path: D:\UFAMeasy_Workspace\UFAMeasy\slice\demoo11\slice_2\layer_6.stl | gcode_path: D:\UFAMeasy_Workspace\UFAMeasy\slice\demoo11\slice_2\layer_6.nc | config_path: D:\UFAMeasy_Workspace\UFAMeasy\slice\demoo11\slice_2\layer_6.ini | z_offset: 3.5000000000000004 | duration_ms: 296.9999999986612
19/07/2026 11:40:05.567 AM,gcode,gcode_generation,INFO,GCodeGeneratedEvent,stl_path: D:\UFAMeasy_Workspace\UFAMeasy\slice\demoo11\slice_2\layer_7.stl | gcode_path: D:\UFAMeasy_Workspace\UFAMeasy\slice\demoo11\slice_2\layer_7.nc | config_path: D:\UFAMeasy_Workspace\UFAMeasy\slice\demoo11\slice_2\layer_7.ini | z_offset: 3.6000000000000005 | duration_ms: 375.0
19/07/2026 11:40:05.567 AM,gcode,gcode_generation,INFO,GCodeGeneratedEvent,stl_path: D:\UFAMeasy_Workspace\UFAMeasy\slice\demoo11\slice_2\layer_7.stl | gcode_path: D:\UFAMeasy_Workspace\UFAMeasy\slice\demoo11\slice_2\layer_7.nc | config_path: D:\UFAMeasy_Workspace\UFAMeasy\slice\demoo11\slice_2\layer_7.ini | z_offset: 3.6000000000000005 | duration_ms: 375.0
19/07/2026 11:40:05.912 AM,gcode,gcode_generation,INFO,GCodeGeneratedEvent,stl_path: D:\UFAMeasy_Workspace\UFAMeasy\slice\demoo11\slice_2\layer_8.stl | gcode_path: D:\UFAMeasy_Workspace\UFAMeasy\slice\demoo11\slice_2\layer_8.nc | config_path: D:\UFAMeasy_Workspace\UFAMeasy\slice\demoo11\slice_2\layer_8.ini | z_offset: 3.7000000000000006 | duration_ms: 343.0000000007567
19/07/2026 11:40:05.912 AM,gcode,gcode_generation,INFO,GCodeGeneratedEvent,stl_path: D:\UFAMeasy_Workspace\UFAMeasy\slice\demoo11\slice_2\layer_8.stl | gcode_path: D:\UFAMeasy_Workspace\UFAMeasy\slice\demoo11\slice_2\layer_8.nc | config_path: D:\UFAMeasy_Workspace\UFAMeasy\slice\demoo11\slice_2\layer_8.ini | z_offset: 3.7000000000000006 | duration_ms: 343.0000000007567
19/07/2026 11:40:06.278 AM,gcode,gcode_generation,INFO,GCodeGeneratedEvent,stl_path: D:\UFAMeasy_Workspace\UFAMeasy\slice\demoo11\slice_2\layer_9.stl | gcode_path: D:\UFAMeasy_Workspace\UFAMeasy\slice\demoo11\slice_2\layer_9.nc | config_path: D:\UFAMeasy_Workspace\UFAMeasy\slice\demoo11\slice_2\layer_9.ini | z_offset: 3.8000000000000007 | duration_ms: 360.0000000005821
19/07/2026 11:40:06.278 AM,gcode,gcode_generation,INFO,GCodeGeneratedEvent,stl_path: D:\UFAMeasy_Workspace\UFAMeasy\slice\demoo11\slice_2\layer_9.stl | gcode_path: D:\UFAMeasy_Workspace\UFAMeasy\slice\demoo11\slice_2\layer_9.nc | config_path: D:\UFAMeasy_Workspace\UFAMeasy\slice\demoo11\slice_2\layer_9.ini | z_offset: 3.8000000000000007 | duration_ms: 360.0000000005821
19/07/2026 11:40:06.654 AM,gcode,gcode_generation,INFO,GCodeGeneratedEvent,stl_path: D:\UFAMeasy_Workspace\UFAMeasy\slice\demoo11\slice_2\layer_10.stl | gcode_path: D:\UFAMeasy_Workspace\UFAMeasy\slice\demoo11\slice_2\layer_10.nc | config_path: D:\UFAMeasy_Workspace\UFAMeasy\slice\demoo11\slice_2\layer_10.ini | z_offset: 3.900000000000001 | duration_ms: 375.0
19/07/2026 11:40:06.654 AM,gcode,gcode_generation,INFO,GCodeGeneratedEvent,stl_path: D:\UFAMeasy_Workspace\UFAMeasy\slice\demoo11\slice_2\layer_10.stl | gcode_path: D:\UFAMeasy_Workspace\UFAMeasy\slice\demoo11\slice_2\layer_10.nc | config_path: D:\UFAMeasy_Workspace\UFAMeasy\slice\demoo11\slice_2\layer_10.ini | z_offset: 3.900000000000001 | duration_ms: 375.0
19/07/2026 11:40:07.007 AM,gcode,gcode_generation,INFO,GCodeGeneratedEvent,stl_path: D:\UFAMeasy_Workspace\UFAMeasy\slice\demoo11\slice_2\layer_11.stl | gcode_path: D:\UFAMeasy_Workspace\UFAMeasy\slice\demoo11\slice_2\layer_11.nc | config_path: D:\UFAMeasy_Workspace\UFAMeasy\slice\demoo11\slice_2\layer_11.ini | z_offset: 4.000000000000001 | duration_ms: 358.99999999674037
19/07/2026 11:40:07.007 AM,gcode,gcode_generation,INFO,GCodeGeneratedEvent,stl_path: D:\UFAMeasy_Workspace\UFAMeasy\slice\demoo11\slice_2\layer_11.stl | gcode_path: D:\UFAMeasy_Workspace\UFAMeasy\slice\demoo11\slice_2\layer_11.nc | config_path: D:\UFAMeasy_Workspace\UFAMeasy\slice\demoo11\slice_2\layer_11.ini | z_offset: 4.000000000000001 | duration_ms: 358.99999999674037
19/07/2026 11:40:07.368 AM,gcode,gcode_generation,INFO,GCodeGeneratedEvent,stl_path: D:\UFAMeasy_Workspace\UFAMeasy\slice\demoo11\slice_2\layer_12.stl | gcode_path: D:\UFAMeasy_Workspace\UFAMeasy\slice\demoo11\slice_2\layer_12.nc | config_path: D:\UFAMeasy_Workspace\UFAMeasy\slice\demoo11\slice_2\layer_12.ini | z_offset: 4.1000000000000005 | duration_ms: 360.0000000005821
19/07/2026 11:40:07.368 AM,gcode,gcode_generation,INFO,GCodeGeneratedEvent,stl_path: D:\UFAMeasy_Workspace\UFAMeasy\slice\demoo11\slice_2\layer_12.stl | gcode_path: D:\UFAMeasy_Workspace\UFAMeasy\slice\demoo11\slice_2\layer_12.nc | config_path: D:\UFAMeasy_Workspace\UFAMeasy\slice\demoo11\slice_2\layer_12.ini | z_offset: 4.1000000000000005 | duration_ms: 360.0000000005821
19/07/2026 11:40:07.732 AM,gcode,gcode_generation,INFO,GCodeGeneratedEvent,stl_path: D:\UFAMeasy_Workspace\UFAMeasy\slice\demoo11\slice_2\layer_13.stl | gcode_path: D:\UFAMeasy_Workspace\UFAMeasy\slice\demoo11\slice_2\layer_13.nc | config_path: D:\UFAMeasy_Workspace\UFAMeasy\slice\demoo11\slice_2\layer_13.ini | z_offset: 4.2 | duration_ms: 358.99999999674037
19/07/2026 11:40:07.732 AM,gcode,gcode_generation,INFO,GCodeGeneratedEvent,stl_path: D:\UFAMeasy_Workspace\UFAMeasy\slice\demoo11\slice_2\layer_13.stl | gcode_path: D:\UFAMeasy_Workspace\UFAMeasy\slice\demoo11\slice_2\layer_13.nc | config_path: D:\UFAMeasy_Workspace\UFAMeasy\slice\demoo11\slice_2\layer_13.ini | z_offset: 4.2 | duration_ms: 358.99999999674037
19/07/2026 11:40:08.097 AM,gcode,gcode_generation,INFO,GCodeGeneratedEvent,stl_path: D:\UFAMeasy_Workspace\UFAMeasy\slice\demoo11\slice_2\layer_14.stl | gcode_path: D:\UFAMeasy_Workspace\UFAMeasy\slice\demoo11\slice_2\layer_14.nc | config_path: D:\UFAMeasy_Workspace\UFAMeasy\slice\demoo11\slice_2\layer_14.ini | z_offset: 4.3 | duration_ms: 375.0
19/07/2026 11:40:08.097 AM,gcode,gcode_generation,INFO,GCodeGeneratedEvent,stl_path: D:\UFAMeasy_Workspace\UFAMeasy\slice\demoo11\slice_2\layer_14.stl | gcode_path: D:\UFAMeasy_Workspace\UFAMeasy\slice\demoo11\slice_2\layer_14.nc | config_path: D:\UFAMeasy_Workspace\UFAMeasy\slice\demoo11\slice_2\layer_14.ini | z_offset: 4.3 | duration_ms: 375.0
19/07/2026 11:40:08.446 AM,gcode,gcode_generation,INFO,GCodeGeneratedEvent,stl_path: D:\UFAMeasy_Workspace\UFAMeasy\slice\demoo11\slice_2\layer_15.stl | gcode_path: D:\UFAMeasy_Workspace\UFAMeasy\slice\demoo11\slice_2\layer_15.nc | config_path: D:\UFAMeasy_Workspace\UFAMeasy\slice\demoo11\slice_2\layer_15.ini | z_offset: 4.3999999999999995 | duration_ms: 344.0000000045984
19/07/2026 11:40:08.446 AM,gcode,gcode_generation,INFO,GCodeGeneratedEvent,stl_path: D:\UFAMeasy_Workspace\UFAMeasy\slice\demoo11\slice_2\layer_15.stl | gcode_path: D:\UFAMeasy_Workspace\UFAMeasy\slice\demoo11\slice_2\layer_15.nc | config_path: D:\UFAMeasy_Workspace\UFAMeasy\slice\demoo11\slice_2\layer_15.ini | z_offset: 4.3999999999999995 | duration_ms: 344.0000000045984
19/07/2026 11:40:08.799 AM,gcode,gcode_generation,INFO,GCodeGeneratedEvent,stl_path: D:\UFAMeasy_Workspace\UFAMeasy\slice\demoo11\slice_2\layer_16.stl | gcode_path: D:\UFAMeasy_Workspace\UFAMeasy\slice\demoo11\slice_2\layer_16.nc | config_path: D:\UFAMeasy_Workspace\UFAMeasy\slice\demoo11\slice_2\layer_16.ini | z_offset: 4.499999999999999 | duration_ms: 358.99999999674037
19/07/2026 11:40:08.799 AM,gcode,gcode_generation,INFO,GCodeGeneratedEvent,stl_path: D:\UFAMeasy_Workspace\UFAMeasy\slice\demoo11\slice_2\layer_16.stl | gcode_path: D:\UFAMeasy_Workspace\UFAMeasy\slice\demoo11\slice_2\layer_16.nc | config_path: D:\UFAMeasy_Workspace\UFAMeasy\slice\demoo11\slice_2\layer_16.ini | z_offset: 4.499999999999999 | duration_ms: 358.99999999674037
19/07/2026 11:40:09.100 AM,gcode,gcode_generation,INFO,GCodeGeneratedEvent,stl_path: D:\UFAMeasy_Workspace\UFAMeasy\slice\demoo11\slice_2\layer_17.stl | gcode_path: D:\UFAMeasy_Workspace\UFAMeasy\slice\demoo11\slice_2\layer_17.nc | config_path: D:\UFAMeasy_Workspace\UFAMeasy\slice\demoo11\slice_2\layer_17.ini | z_offset: 4.599999999999999 | duration_ms: 296.9999999986612
19/07/2026 11:40:09.100 AM,gcode,gcode_generation,INFO,GCodeGeneratedEvent,stl_path: D:\UFAMeasy_Workspace\UFAMeasy\slice\demoo11\slice_2\layer_17.stl | gcode_path: D:\UFAMeasy_Workspace\UFAMeasy\slice\demoo11\slice_2\layer_17.nc | config_path: D:\UFAMeasy_Workspace\UFAMeasy\slice\demoo11\slice_2\layer_17.ini | z_offset: 4.599999999999999 | duration_ms: 296.9999999986612
19/07/2026 11:40:09.384 AM,gcode,gcode_generation,INFO,GCodeGeneratedEvent,stl_path: D:\UFAMeasy_Workspace\UFAMeasy\slice\demoo11\slice_2\layer_18.stl | gcode_path: D:\UFAMeasy_Workspace\UFAMeasy\slice\demoo11\slice_2\layer_18.nc | config_path: D:\UFAMeasy_Workspace\UFAMeasy\slice\demoo11\slice_2\layer_18.ini | z_offset: 4.699999999999998 | duration_ms: 281.00000000267755
19/07/2026 11:40:09.384 AM,gcode,gcode_generation,INFO,GCodeGeneratedEvent,stl_path: D:\UFAMeasy_Workspace\UFAMeasy\slice\demoo11\slice_2\layer_18.stl | gcode_path: D:\UFAMeasy_Workspace\UFAMeasy\slice\demoo11\slice_2\layer_18.nc | config_path: D:\UFAMeasy_Workspace\UFAMeasy\slice\demoo11\slice_2\layer_18.ini | z_offset: 4.699999999999998 | duration_ms: 281.00000000267755
19/07/2026 11:40:09.710 AM,gcode,gcode_generation,INFO,GCodeGeneratedEvent,stl_path: D:\UFAMeasy_Workspace\UFAMeasy\slice\demoo11\slice_2\layer_19.stl | gcode_path: D:\UFAMeasy_Workspace\UFAMeasy\slice\demoo11\slice_2\layer_19.nc | config_path: D:\UFAMeasy_Workspace\UFAMeasy\slice\demoo11\slice_2\layer_19.ini | z_offset: 4.799999999999998 | duration_ms: 328.0000000013388
19/07/2026 11:40:09.710 AM,gcode,gcode_generation,INFO,GCodeGeneratedEvent,stl_path: D:\UFAMeasy_Workspace\UFAMeasy\slice\demoo11\slice_2\layer_19.stl | gcode_path: D:\UFAMeasy_Workspace\UFAMeasy\slice\demoo11\slice_2\layer_19.nc | config_path: D:\UFAMeasy_Workspace\UFAMeasy\slice\demoo11\slice_2\layer_19.ini | z_offset: 4.799999999999998 | duration_ms: 328.0000000013388
19/07/2026 11:40:10.025 AM,gcode,gcode_generation,INFO,GCodeGeneratedEvent,stl_path: D:\UFAMeasy_Workspace\UFAMeasy\slice\demoo11\slice_2\layer_20.stl | gcode_path: D:\UFAMeasy_Workspace\UFAMeasy\slice\demoo11\slice_2\layer_20.nc | config_path: D:\UFAMeasy_Workspace\UFAMeasy\slice\demoo11\slice_2\layer_20.ini | z_offset: 4.899999999999998 | duration_ms: 313.00000000192085
19/07/2026 11:40:10.025 AM,gcode,gcode_generation,INFO,GCodeGeneratedEvent,stl_path: D:\UFAMeasy_Workspace\UFAMeasy\slice\demoo11\slice_2\layer_20.stl | gcode_path: D:\UFAMeasy_Workspace\UFAMeasy\slice\demoo11\slice_2\layer_20.nc | config_path: D:\UFAMeasy_Workspace\UFAMeasy\slice\demoo11\slice_2\layer_20.ini | z_offset: 4.899999999999998 | duration_ms: 313.00000000192085
19/07/2026 11:40:10.391 AM,gcode,gcode_generation,INFO,GCodeGeneratedEvent,stl_path: D:\UFAMeasy_Workspace\UFAMeasy\slice\demoo11\slice_2\layer_21.stl | gcode_path: D:\UFAMeasy_Workspace\UFAMeasy\slice\demoo11\slice_2\layer_21.nc | config_path: D:\UFAMeasy_Workspace\UFAMeasy\slice\demoo11\slice_2\layer_21.ini | z_offset: 4.999999999999997 | duration_ms: 358.99999999674037
19/07/2026 11:40:10.391 AM,gcode,gcode_generation,INFO,GCodeGeneratedEvent,stl_path: D:\UFAMeasy_Workspace\UFAMeasy\slice\demoo11\slice_2\layer_21.stl | gcode_path: D:\UFAMeasy_Workspace\UFAMeasy\slice\demoo11\slice_2\layer_21.nc | config_path: D:\UFAMeasy_Workspace\UFAMeasy\slice\demoo11\slice_2\layer_21.ini | z_offset: 4.999999999999997 | duration_ms: 358.99999999674037
19/07/2026 11:40:10.706 AM,gcode,gcode_generation,INFO,GCodeGeneratedEvent,stl_path: D:\UFAMeasy_Workspace\UFAMeasy\slice\demoo11\slice_2\layer_22.stl | gcode_path: D:\UFAMeasy_Workspace\UFAMeasy\slice\demoo11\slice_2\layer_22.nc | config_path: D:\UFAMeasy_Workspace\UFAMeasy\slice\demoo11\slice_2\layer_22.ini | z_offset: 5.099999999999997 | duration_ms: 311.99999999807915
19/07/2026 11:40:10.706 AM,gcode,gcode_generation,INFO,GCodeGeneratedEvent,stl_path: D:\UFAMeasy_Workspace\UFAMeasy\slice\demoo11\slice_2\layer_22.stl | gcode_path: D:\UFAMeasy_Workspace\UFAMeasy\slice\demoo11\slice_2\layer_22.nc | config_path: D:\UFAMeasy_Workspace\UFAMeasy\slice\demoo11\slice_2\layer_22.ini | z_offset: 5.099999999999997 | duration_ms: 311.99999999807915
19/07/2026 11:40:11.029 AM,gcode,gcode_generation,INFO,GCodeGeneratedEvent,stl_path: D:\UFAMeasy_Workspace\UFAMeasy\slice\demoo11\slice_2\layer_23.stl | gcode_path: D:\UFAMeasy_Workspace\UFAMeasy\slice\demoo11\slice_2\layer_23.nc | config_path: D:\UFAMeasy_Workspace\UFAMeasy\slice\demoo11\slice_2\layer_23.ini | z_offset: 5.199999999999997 | duration_ms: 313.00000000192085
19/07/2026 11:40:11.029 AM,gcode,gcode_generation,INFO,GCodeGeneratedEvent,stl_path: D:\UFAMeasy_Workspace\UFAMeasy\slice\demoo11\slice_2\layer_23.stl | gcode_path: D:\UFAMeasy_Workspace\UFAMeasy\slice\demoo11\slice_2\layer_23.nc | config_path: D:\UFAMeasy_Workspace\UFAMeasy\slice\demoo11\slice_2\layer_23.ini | z_offset: 5.199999999999997 | duration_ms: 313.00000000192085
19/07/2026 11:40:11.373 AM,gcode,gcode_generation,INFO,GCodeGeneratedEvent,stl_path: D:\UFAMeasy_Workspace\UFAMeasy\slice\demoo11\slice_2\layer_24.stl | gcode_path: D:\UFAMeasy_Workspace\UFAMeasy\slice\demoo11\slice_2\layer_24.nc | config_path: D:\UFAMeasy_Workspace\UFAMeasy\slice\demoo11\slice_2\layer_24.ini | z_offset: 5.299999999999996 | duration_ms: 343.99999999732245
19/07/2026 11:40:11.373 AM,gcode,gcode_generation,INFO,GCodeGeneratedEvent,stl_path: D:\UFAMeasy_Workspace\UFAMeasy\slice\demoo11\slice_2\layer_24.stl | gcode_path: D:\UFAMeasy_Workspace\UFAMeasy\slice\demoo11\slice_2\layer_24.nc | config_path: D:\UFAMeasy_Workspace\UFAMeasy\slice\demoo11\slice_2\layer_24.ini | z_offset: 5.299999999999996 | duration_ms: 343.99999999732245
19/07/2026 11:40:11.753 AM,gcode,gcode_generation,INFO,GCodeGeneratedEvent,stl_path: D:\UFAMeasy_Workspace\UFAMeasy\slice\demoo11\slice_2\layer_25.stl | gcode_path: D:\UFAMeasy_Workspace\UFAMeasy\slice\demoo11\slice_2\layer_25.nc | config_path: D:\UFAMeasy_Workspace\UFAMeasy\slice\demoo11\slice_2\layer_25.ini | z_offset: 5.399999999999996 | duration_ms: 389.9999999994179
19/07/2026 11:40:11.753 AM,gcode,gcode_generation,INFO,GCodeGeneratedEvent,stl_path: D:\UFAMeasy_Workspace\UFAMeasy\slice\demoo11\slice_2\layer_25.stl | gcode_path: D:\UFAMeasy_Workspace\UFAMeasy\slice\demoo11\slice_2\layer_25.nc | config_path: D:\UFAMeasy_Workspace\UFAMeasy\slice\demoo11\slice_2\layer_25.ini | z_offset: 5.399999999999996 | duration_ms: 389.9999999994179
19/07/2026 11:40:12.074 AM,gcode,gcode_generation,INFO,GCodeGeneratedEvent,stl_path: D:\UFAMeasy_Workspace\UFAMeasy\slice\demoo11\slice_2\layer_26.stl | gcode_path: D:\UFAMeasy_Workspace\UFAMeasy\slice\demoo11\slice_2\layer_26.nc | config_path: D:\UFAMeasy_Workspace\UFAMeasy\slice\demoo11\slice_2\layer_26.ini | z_offset: 5.499999999999996 | duration_ms: 313.00000000192085
19/07/2026 11:40:12.074 AM,gcode,gcode_generation,INFO,GCodeGeneratedEvent,stl_path: D:\UFAMeasy_Workspace\UFAMeasy\slice\demoo11\slice_2\layer_26.stl | gcode_path: D:\UFAMeasy_Workspace\UFAMeasy\slice\demoo11\slice_2\layer_26.nc | config_path: D:\UFAMeasy_Workspace\UFAMeasy\slice\demoo11\slice_2\layer_26.ini | z_offset: 5.499999999999996 | duration_ms: 313.00000000192085
19/07/2026 11:40:12.466 AM,gcode,gcode_generation,INFO,GCodeGeneratedEvent,stl_path: D:\UFAMeasy_Workspace\UFAMeasy\slice\demoo11\slice_2\layer_27.stl | gcode_path: D:\UFAMeasy_Workspace\UFAMeasy\slice\demoo11\slice_2\layer_27.nc | config_path: D:\UFAMeasy_Workspace\UFAMeasy\slice\demoo11\slice_2\layer_27.ini | z_offset: 5.599999999999995 | duration_ms: 389.9999999994179
19/07/2026 11:40:12.466 AM,gcode,gcode_generation,INFO,GCodeGeneratedEvent,stl_path: D:\UFAMeasy_Workspace\UFAMeasy\slice\demoo11\slice_2\layer_27.stl | gcode_path: D:\UFAMeasy_Workspace\UFAMeasy\slice\demoo11\slice_2\layer_27.nc | config_path: D:\UFAMeasy_Workspace\UFAMeasy\slice\demoo11\slice_2\layer_27.ini | z_offset: 5.599999999999995 | duration_ms: 389.9999999994179
19/07/2026 11:40:12.832 AM,gcode,gcode_generation,INFO,GCodeGeneratedEvent,stl_path: D:\UFAMeasy_Workspace\UFAMeasy\slice\demoo11\slice_2\layer_28.stl | gcode_path: D:\UFAMeasy_Workspace\UFAMeasy\slice\demoo11\slice_2\layer_28.nc | config_path: D:\UFAMeasy_Workspace\UFAMeasy\slice\demoo11\slice_2\layer_28.ini | z_offset: 5.699999999999995 | duration_ms: 375.0
19/07/2026 11:40:12.832 AM,gcode,gcode_generation,INFO,GCodeGeneratedEvent,stl_path: D:\UFAMeasy_Workspace\UFAMeasy\slice\demoo11\slice_2\layer_28.stl | gcode_path: D:\UFAMeasy_Workspace\UFAMeasy\slice\demoo11\slice_2\layer_28.nc | config_path: D:\UFAMeasy_Workspace\UFAMeasy\slice\demoo11\slice_2\layer_28.ini | z_offset: 5.699999999999995 | duration_ms: 375.0
19/07/2026 11:40:13.213 AM,gcode,gcode_generation,INFO,GCodeGeneratedEvent,stl_path: D:\UFAMeasy_Workspace\UFAMeasy\slice\demoo11\slice_2\layer_29.stl | gcode_path: D:\UFAMeasy_Workspace\UFAMeasy\slice\demoo11\slice_2\layer_29.nc | config_path: D:\UFAMeasy_Workspace\UFAMeasy\slice\demoo11\slice_2\layer_29.ini | z_offset: 5.7999999999999945 | duration_ms: 375.0
19/07/2026 11:40:13.213 AM,gcode,gcode_generation,INFO,GCodeGeneratedEvent,stl_path: D:\UFAMeasy_Workspace\UFAMeasy\slice\demoo11\slice_2\layer_29.stl | gcode_path: D:\UFAMeasy_Workspace\UFAMeasy\slice\demoo11\slice_2\layer_29.nc | config_path: D:\UFAMeasy_Workspace\UFAMeasy\slice\demoo11\slice_2\layer_29.ini | z_offset: 5.7999999999999945 | duration_ms: 375.0
19/07/2026 11:40:13.602 AM,gcode,gcode_generation,INFO,GCodeGeneratedEvent,stl_path: D:\UFAMeasy_Workspace\UFAMeasy\slice\demoo11\slice_2\layer_30.stl | gcode_path: D:\UFAMeasy_Workspace\UFAMeasy\slice\demoo11\slice_2\layer_30.nc | config_path: D:\UFAMeasy_Workspace\UFAMeasy\slice\demoo11\slice_2\layer_30.ini | z_offset: 5.899999999999994 | duration_ms: 390.99999999598367
19/07/2026 11:40:13.602 AM,gcode,gcode_generation,INFO,GCodeGeneratedEvent,stl_path: D:\UFAMeasy_Workspace\UFAMeasy\slice\demoo11\slice_2\layer_30.stl | gcode_path: D:\UFAMeasy_Workspace\UFAMeasy\slice\demoo11\slice_2\layer_30.nc | config_path: D:\UFAMeasy_Workspace\UFAMeasy\slice\demoo11\slice_2\layer_30.ini | z_offset: 5.899999999999994 | duration_ms: 390.99999999598367
19/07/2026 11:40:13.924 AM,gcode,gcode_generation,INFO,GCodeGeneratedEvent,stl_path: D:\UFAMeasy_Workspace\UFAMeasy\slice\demoo11\slice_2\layer_31.stl | gcode_path: D:\UFAMeasy_Workspace\UFAMeasy\slice\demoo11\slice_2\layer_31.nc | config_path: D:\UFAMeasy_Workspace\UFAMeasy\slice\demoo11\slice_2\layer_31.ini | z_offset: 5.999999999999994 | duration_ms: 328.0000000013388
19/07/2026 11:40:13.924 AM,gcode,gcode_generation,INFO,GCodeGeneratedEvent,stl_path: D:\UFAMeasy_Workspace\UFAMeasy\slice\demoo11\slice_2\layer_31.stl | gcode_path: D:\UFAMeasy_Workspace\UFAMeasy\slice\demoo11\slice_2\layer_31.nc | config_path: D:\UFAMeasy_Workspace\UFAMeasy\slice\demoo11\slice_2\layer_31.ini | z_offset: 5.999999999999994 | duration_ms: 328.0000000013388
19/07/2026 11:40:14.270 AM,gcode,gcode_generation,INFO,GCodeGeneratedEvent,stl_path: D:\UFAMeasy_Workspace\UFAMeasy\slice\demoo11\slice_2\layer_32.stl | gcode_path: D:\UFAMeasy_Workspace\UFAMeasy\slice\demoo11\slice_2\layer_32.nc | config_path: D:\UFAMeasy_Workspace\UFAMeasy\slice\demoo11\slice_2\layer_32.ini | z_offset: 6.099999999999993 | duration_ms: 344.0000000045984
19/07/2026 11:40:14.270 AM,gcode,gcode_generation,INFO,GCodeGeneratedEvent,stl_path: D:\UFAMeasy_Workspace\UFAMeasy\slice\demoo11\slice_2\layer_32.stl | gcode_path: D:\UFAMeasy_Workspace\UFAMeasy\slice\demoo11\slice_2\layer_32.nc | config_path: D:\UFAMeasy_Workspace\UFAMeasy\slice\demoo11\slice_2\layer_32.ini | z_offset: 6.099999999999993 | duration_ms: 344.0000000045984
19/07/2026 11:40:14.630 AM,gcode,gcode_generation,INFO,GCodeGeneratedEvent,stl_path: D:\UFAMeasy_Workspace\UFAMeasy\slice\demoo11\slice_2\layer_33.stl | gcode_path: D:\UFAMeasy_Workspace\UFAMeasy\slice\demoo11\slice_2\layer_33.nc | config_path: D:\UFAMeasy_Workspace\UFAMeasy\slice\demoo11\slice_2\layer_33.ini | z_offset: 6.199999999999993 | duration_ms: 358.99999999674037
19/07/2026 11:40:14.630 AM,gcode,gcode_generation,INFO,GCodeGeneratedEvent,stl_path: D:\UFAMeasy_Workspace\UFAMeasy\slice\demoo11\slice_2\layer_33.stl | gcode_path: D:\UFAMeasy_Workspace\UFAMeasy\slice\demoo11\slice_2\layer_33.nc | config_path: D:\UFAMeasy_Workspace\UFAMeasy\slice\demoo11\slice_2\layer_33.ini | z_offset: 6.199999999999993 | duration_ms: 358.99999999674037
19/07/2026 11:40:14.979 AM,gcode,gcode_generation,INFO,GCodeGeneratedEvent,stl_path: D:\UFAMeasy_Workspace\UFAMeasy\slice\demoo11\slice_2\layer_34.stl | gcode_path: D:\UFAMeasy_Workspace\UFAMeasy\slice\demoo11\slice_2\layer_34.nc | config_path: D:\UFAMeasy_Workspace\UFAMeasy\slice\demoo11\slice_2\layer_34.ini | z_offset: 6.299999999999993 | duration_ms: 343.99999999732245
19/07/2026 11:40:14.979 AM,gcode,gcode_generation,INFO,GCodeGeneratedEvent,stl_path: D:\UFAMeasy_Workspace\UFAMeasy\slice\demoo11\slice_2\layer_34.stl | gcode_path: D:\UFAMeasy_Workspace\UFAMeasy\slice\demoo11\slice_2\layer_34.nc | config_path: D:\UFAMeasy_Workspace\UFAMeasy\slice\demoo11\slice_2\layer_34.ini | z_offset: 6.299999999999993 | duration_ms: 343.99999999732245
19/07/2026 11:40:15.323 AM,gcode,gcode_generation,INFO,GCodeGeneratedEvent,stl_path: D:\UFAMeasy_Workspace\UFAMeasy\slice\demoo11\slice_2\layer_35.stl | gcode_path: D:\UFAMeasy_Workspace\UFAMeasy\slice\demoo11\slice_2\layer_35.nc | config_path: D:\UFAMeasy_Workspace\UFAMeasy\slice\demoo11\slice_2\layer_35.ini | z_offset: 6.399999999999992 | duration_ms: 344.0000000045984
19/07/2026 11:40:15.323 AM,gcode,gcode_generation,INFO,GCodeGeneratedEvent,stl_path: D:\UFAMeasy_Workspace\UFAMeasy\slice\demoo11\slice_2\layer_35.stl | gcode_path: D:\UFAMeasy_Workspace\UFAMeasy\slice\demoo11\slice_2\layer_35.nc | config_path: D:\UFAMeasy_Workspace\UFAMeasy\slice\demoo11\slice_2\layer_35.ini | z_offset: 6.399999999999992 | duration_ms: 344.0000000045984
19/07/2026 11:40:15.690 AM,gcode,gcode_generation,INFO,GCodeGeneratedEvent,stl_path: D:\UFAMeasy_Workspace\UFAMeasy\slice\demoo11\slice_2\layer_36.stl | gcode_path: D:\UFAMeasy_Workspace\UFAMeasy\slice\demoo11\slice_2\layer_36.nc | config_path: D:\UFAMeasy_Workspace\UFAMeasy\slice\demoo11\slice_2\layer_36.ini | z_offset: 6.499999999999992 | duration_ms: 375.0
19/07/2026 11:40:15.690 AM,gcode,gcode_generation,INFO,GCodeGeneratedEvent,stl_path: D:\UFAMeasy_Workspace\UFAMeasy\slice\demoo11\slice_2\layer_36.stl | gcode_path: D:\UFAMeasy_Workspace\UFAMeasy\slice\demoo11\slice_2\layer_36.nc | config_path: D:\UFAMeasy_Workspace\UFAMeasy\slice\demoo11\slice_2\layer_36.ini | z_offset: 6.499999999999992 | duration_ms: 375.0
19/07/2026 11:40:16.038 AM,gcode,gcode_generation,INFO,GCodeGeneratedEvent,stl_path: D:\UFAMeasy_Workspace\UFAMeasy\slice\demoo11\slice_2\layer_37.stl | gcode_path: D:\UFAMeasy_Workspace\UFAMeasy\slice\demoo11\slice_2\layer_37.nc | config_path: D:\UFAMeasy_Workspace\UFAMeasy\slice\demoo11\slice_2\layer_37.ini | z_offset: 6.599999999999992 | duration_ms: 343.0000000007567
19/07/2026 11:40:16.038 AM,gcode,gcode_generation,INFO,GCodeGeneratedEvent,stl_path: D:\UFAMeasy_Workspace\UFAMeasy\slice\demoo11\slice_2\layer_37.stl | gcode_path: D:\UFAMeasy_Workspace\UFAMeasy\slice\demoo11\slice_2\layer_37.nc | config_path: D:\UFAMeasy_Workspace\UFAMeasy\slice\demoo11\slice_2\layer_37.ini | z_offset: 6.599999999999992 | duration_ms: 343.0000000007567
19/07/2026 11:40:16.386 AM,gcode,gcode_generation,INFO,GCodeGeneratedEvent,stl_path: D:\UFAMeasy_Workspace\UFAMeasy\slice\demoo11\slice_2\layer_38.stl | gcode_path: D:\UFAMeasy_Workspace\UFAMeasy\slice\demoo11\slice_2\layer_38.nc | config_path: D:\UFAMeasy_Workspace\UFAMeasy\slice\demoo11\slice_2\layer_38.ini | z_offset: 6.699999999999991 | duration_ms: 343.99999999732245
19/07/2026 11:40:16.386 AM,gcode,gcode_generation,INFO,GCodeGeneratedEvent,stl_path: D:\UFAMeasy_Workspace\UFAMeasy\slice\demoo11\slice_2\layer_38.stl | gcode_path: D:\UFAMeasy_Workspace\UFAMeasy\slice\demoo11\slice_2\layer_38.nc | config_path: D:\UFAMeasy_Workspace\UFAMeasy\slice\demoo11\slice_2\layer_38.ini | z_offset: 6.699999999999991 | duration_ms: 343.99999999732245
19/07/2026 11:40:16.768 AM,gcode,gcode_generation,INFO,GCodeGeneratedEvent,stl_path: D:\UFAMeasy_Workspace\UFAMeasy\slice\demoo11\slice_2\layer_39.stl | gcode_path: D:\UFAMeasy_Workspace\UFAMeasy\slice\demoo11\slice_2\layer_39.nc | config_path: D:\UFAMeasy_Workspace\UFAMeasy\slice\demoo11\slice_2\layer_39.ini | z_offset: 6.799999999999991 | duration_ms: 375.0
19/07/2026 11:40:16.768 AM,gcode,gcode_generation,INFO,GCodeGeneratedEvent,stl_path: D:\UFAMeasy_Workspace\UFAMeasy\slice\demoo11\slice_2\layer_39.stl | gcode_path: D:\UFAMeasy_Workspace\UFAMeasy\slice\demoo11\slice_2\layer_39.nc | config_path: D:\UFAMeasy_Workspace\UFAMeasy\slice\demoo11\slice_2\layer_39.ini | z_offset: 6.799999999999991 | duration_ms: 375.0
19/07/2026 11:40:17.129 AM,gcode,gcode_generation,INFO,GCodeGeneratedEvent,stl_path: D:\UFAMeasy_Workspace\UFAMeasy\slice\demoo11\slice_2\layer_40.stl | gcode_path: D:\UFAMeasy_Workspace\UFAMeasy\slice\demoo11\slice_2\layer_40.nc | config_path: D:\UFAMeasy_Workspace\UFAMeasy\slice\demoo11\slice_2\layer_40.ini | z_offset: 6.899999999999991 | duration_ms: 358.99999999674037
19/07/2026 11:40:17.129 AM,gcode,gcode_generation,INFO,GCodeGeneratedEvent,stl_path: D:\UFAMeasy_Workspace\UFAMeasy\slice\demoo11\slice_2\layer_40.stl | gcode_path: D:\UFAMeasy_Workspace\UFAMeasy\slice\demoo11\slice_2\layer_40.nc | config_path: D:\UFAMeasy_Workspace\UFAMeasy\slice\demoo11\slice_2\layer_40.ini | z_offset: 6.899999999999991 | duration_ms: 358.99999999674037
19/07/2026 11:40:17.511 AM,gcode,gcode_generation,INFO,GCodeGeneratedEvent,stl_path: D:\UFAMeasy_Workspace\UFAMeasy\slice\demoo11\slice_2\layer_41.stl | gcode_path: D:\UFAMeasy_Workspace\UFAMeasy\slice\demoo11\slice_2\layer_41.nc | config_path: D:\UFAMeasy_Workspace\UFAMeasy\slice\demoo11\slice_2\layer_41.ini | z_offset: 6.99999999999999 | duration_ms: 375.0
19/07/2026 11:40:17.511 AM,gcode,gcode_generation,INFO,GCodeGeneratedEvent,stl_path: D:\UFAMeasy_Workspace\UFAMeasy\slice\demoo11\slice_2\layer_41.stl | gcode_path: D:\UFAMeasy_Workspace\UFAMeasy\slice\demoo11\slice_2\layer_41.nc | config_path: D:\UFAMeasy_Workspace\UFAMeasy\slice\demoo11\slice_2\layer_41.ini | z_offset: 6.99999999999999 | duration_ms: 375.0
19/07/2026 11:40:17.965 AM,gcode,gcode_generation,INFO,GCodeGeneratedEvent,stl_path: D:\UFAMeasy_Workspace\UFAMeasy\slice\demoo11\slice_2\layer_42.stl | gcode_path: D:\UFAMeasy_Workspace\UFAMeasy\slice\demoo11\slice_2\layer_42.nc | config_path: D:\UFAMeasy_Workspace\UFAMeasy\slice\demoo11\slice_2\layer_42.ini | z_offset: 7.09999999999999 | duration_ms: 453.0000000013388
19/07/2026 11:40:17.965 AM,gcode,gcode_generation,INFO,GCodeGeneratedEvent,stl_path: D:\UFAMeasy_Workspace\UFAMeasy\slice\demoo11\slice_2\layer_42.stl | gcode_path: D:\UFAMeasy_Workspace\UFAMeasy\slice\demoo11\slice_2\layer_42.nc | config_path: D:\UFAMeasy_Workspace\UFAMeasy\slice\demoo11\slice_2\layer_42.ini | z_offset: 7.09999999999999 | duration_ms: 453.0000000013388
19/07/2026 11:40:18.290 AM,gcode,gcode_generation,INFO,GCodeGeneratedEvent,stl_path: D:\UFAMeasy_Workspace\UFAMeasy\slice\demoo11\slice_2\layer_43.stl | gcode_path: D:\UFAMeasy_Workspace\UFAMeasy\slice\demoo11\slice_2\layer_43.nc | config_path: D:\UFAMeasy_Workspace\UFAMeasy\slice\demoo11\slice_2\layer_43.ini | z_offset: 7.1999999999999895 | duration_ms: 328.0000000013388
19/07/2026 11:40:18.290 AM,gcode,gcode_generation,INFO,GCodeGeneratedEvent,stl_path: D:\UFAMeasy_Workspace\UFAMeasy\slice\demoo11\slice_2\layer_43.stl | gcode_path: D:\UFAMeasy_Workspace\UFAMeasy\slice\demoo11\slice_2\layer_43.nc | config_path: D:\UFAMeasy_Workspace\UFAMeasy\slice\demoo11\slice_2\layer_43.ini | z_offset: 7.1999999999999895 | duration_ms: 328.0000000013388
19/07/2026 11:40:18.637 AM,gcode,gcode_generation,INFO,GCodeGeneratedEvent,stl_path: D:\UFAMeasy_Workspace\UFAMeasy\slice\demoo11\slice_2\layer_44.stl | gcode_path: D:\UFAMeasy_Workspace\UFAMeasy\slice\demoo11\slice_2\layer_44.nc | config_path: D:\UFAMeasy_Workspace\UFAMeasy\slice\demoo11\slice_2\layer_44.ini | z_offset: 7.299999999999989 | duration_ms: 343.99999999732245
19/07/2026 11:40:18.637 AM,gcode,gcode_generation,INFO,GCodeGeneratedEvent,stl_path: D:\UFAMeasy_Workspace\UFAMeasy\slice\demoo11\slice_2\layer_44.stl | gcode_path: D:\UFAMeasy_Workspace\UFAMeasy\slice\demoo11\slice_2\layer_44.nc | config_path: D:\UFAMeasy_Workspace\UFAMeasy\slice\demoo11\slice_2\layer_44.ini | z_offset: 7.299999999999989 | duration_ms: 343.99999999732245
19/07/2026 11:40:19.020 AM,gcode,gcode_generation,INFO,GCodeGeneratedEvent,stl_path: D:\UFAMeasy_Workspace\UFAMeasy\slice\demoo11\slice_2\layer_45.stl | gcode_path: D:\UFAMeasy_Workspace\UFAMeasy\slice\demoo11\slice_2\layer_45.nc | config_path: D:\UFAMeasy_Workspace\UFAMeasy\slice\demoo11\slice_2\layer_45.ini | z_offset: 7.399999999999989 | duration_ms: 391.00000000325963
19/07/2026 11:40:19.020 AM,gcode,gcode_generation,INFO,GCodeGeneratedEvent,stl_path: D:\UFAMeasy_Workspace\UFAMeasy\slice\demoo11\slice_2\layer_45.stl | gcode_path: D:\UFAMeasy_Workspace\UFAMeasy\slice\demoo11\slice_2\layer_45.nc | config_path: D:\UFAMeasy_Workspace\UFAMeasy\slice\demoo11\slice_2\layer_45.ini | z_offset: 7.399999999999989 | duration_ms: 391.00000000325963
19/07/2026 11:40:19.369 AM,gcode,gcode_generation,INFO,GCodeGeneratedEvent,stl_path: D:\UFAMeasy_Workspace\UFAMeasy\slice\demoo11\slice_2\layer_46.stl | gcode_path: D:\UFAMeasy_Workspace\UFAMeasy\slice\demoo11\slice_2\layer_46.nc | config_path: D:\UFAMeasy_Workspace\UFAMeasy\slice\demoo11\slice_2\layer_46.ini | z_offset: 7.4999999999999885 | duration_ms: 343.99999999732245
19/07/2026 11:40:19.369 AM,gcode,gcode_generation,INFO,GCodeGeneratedEvent,stl_path: D:\UFAMeasy_Workspace\UFAMeasy\slice\demoo11\slice_2\layer_46.stl | gcode_path: D:\UFAMeasy_Workspace\UFAMeasy\slice\demoo11\slice_2\layer_46.nc | config_path: D:\UFAMeasy_Workspace\UFAMeasy\slice\demoo11\slice_2\layer_46.ini | z_offset: 7.4999999999999885 | duration_ms: 343.99999999732245
19/07/2026 11:40:19.759 AM,gcode,gcode_generation,INFO,GCodeGeneratedEvent,stl_path: D:\UFAMeasy_Workspace\UFAMeasy\slice\demoo11\slice_2\layer_47.stl | gcode_path: D:\UFAMeasy_Workspace\UFAMeasy\slice\demoo11\slice_2\layer_47.nc | config_path: D:\UFAMeasy_Workspace\UFAMeasy\slice\demoo11\slice_2\layer_47.ini | z_offset: 7.599999999999988 | duration_ms: 389.9999999994179
19/07/2026 11:40:19.759 AM,gcode,gcode_generation,INFO,GCodeGeneratedEvent,stl_path: D:\UFAMeasy_Workspace\UFAMeasy\slice\demoo11\slice_2\layer_47.stl | gcode_path: D:\UFAMeasy_Workspace\UFAMeasy\slice\demoo11\slice_2\layer_47.nc | config_path: D:\UFAMeasy_Workspace\UFAMeasy\slice\demoo11\slice_2\layer_47.ini | z_offset: 7.599999999999988 | duration_ms: 389.9999999994179
19/07/2026 11:40:20.183 AM,gcode,gcode_generation,INFO,GCodeGeneratedEvent,stl_path: D:\UFAMeasy_Workspace\UFAMeasy\slice\demoo11\slice_2\layer_48.stl | gcode_path: D:\UFAMeasy_Workspace\UFAMeasy\slice\demoo11\slice_2\layer_48.nc | config_path: D:\UFAMeasy_Workspace\UFAMeasy\slice\demoo11\slice_2\layer_48.ini | z_offset: 7.699999999999988 | duration_ms: 421.9999999986612
19/07/2026 11:40:20.183 AM,gcode,gcode_generation,INFO,GCodeGeneratedEvent,stl_path: D:\UFAMeasy_Workspace\UFAMeasy\slice\demoo11\slice_2\layer_48.stl | gcode_path: D:\UFAMeasy_Workspace\UFAMeasy\slice\demoo11\slice_2\layer_48.nc | config_path: D:\UFAMeasy_Workspace\UFAMeasy\slice\demoo11\slice_2\layer_48.ini | z_offset: 7.699999999999988 | duration_ms: 421.9999999986612
19/07/2026 11:40:20.541 AM,gcode,gcode_generation,INFO,GCodeGeneratedEvent,stl_path: D:\UFAMeasy_Workspace\UFAMeasy\slice\demoo11\slice_2\layer_49.stl | gcode_path: D:\UFAMeasy_Workspace\UFAMeasy\slice\demoo11\slice_2\layer_49.nc | config_path: D:\UFAMeasy_Workspace\UFAMeasy\slice\demoo11\slice_2\layer_49.ini | z_offset: 7.799999999999987 | duration_ms: 359.00000000401633
19/07/2026 11:40:20.541 AM,gcode,gcode_generation,INFO,GCodeGeneratedEvent,stl_path: D:\UFAMeasy_Workspace\UFAMeasy\slice\demoo11\slice_2\layer_49.stl | gcode_path: D:\UFAMeasy_Workspace\UFAMeasy\slice\demoo11\slice_2\layer_49.nc | config_path: D:\UFAMeasy_Workspace\UFAMeasy\slice\demoo11\slice_2\layer_49.ini | z_offset: 7.799999999999987 | duration_ms: 359.00000000401633
19/07/2026 11:40:20.921 AM,gcode,gcode_generation,INFO,GCodeGeneratedEvent,stl_path: D:\UFAMeasy_Workspace\UFAMeasy\slice\demoo11\slice_2\layer_50.stl | gcode_path: D:\UFAMeasy_Workspace\UFAMeasy\slice\demoo11\slice_2\layer_50.nc | config_path: D:\UFAMeasy_Workspace\UFAMeasy\slice\demoo11\slice_2\layer_50.ini | z_offset: 7.899999999999987 | duration_ms: 375.0
19/07/2026 11:40:20.921 AM,gcode,gcode_generation,INFO,GCodeGeneratedEvent,stl_path: D:\UFAMeasy_Workspace\UFAMeasy\slice\demoo11\slice_2\layer_50.stl | gcode_path: D:\UFAMeasy_Workspace\UFAMeasy\slice\demoo11\slice_2\layer_50.nc | config_path: D:\UFAMeasy_Workspace\UFAMeasy\slice\demoo11\slice_2\layer_50.ini | z_offset: 7.899999999999987 | duration_ms: 375.0
19/07/2026 11:40:23.208 AM,gcode,gcode_generation,INFO,GCodeGeneratedEvent,stl_path: D:\UFAMeasy_Workspace\UFAMeasy\slice\demoo11\slice_3\layer_1.stl | gcode_path: D:\UFAMeasy_Workspace\UFAMeasy\slice\demoo11\slice_3\layer_1.nc | config_path: D:\UFAMeasy_Workspace\UFAMeasy\slice\demoo11\slice_3\layer_1.ini | z_offset: 8.0 | duration_ms: 389.9999999994179
19/07/2026 11:40:23.208 AM,gcode,gcode_generation,INFO,GCodeGeneratedEvent,stl_path: D:\UFAMeasy_Workspace\UFAMeasy\slice\demoo11\slice_3\layer_1.stl | gcode_path: D:\UFAMeasy_Workspace\UFAMeasy\slice\demoo11\slice_3\layer_1.nc | config_path: D:\UFAMeasy_Workspace\UFAMeasy\slice\demoo11\slice_3\layer_1.ini | z_offset: 8.0 | duration_ms: 389.9999999994179
19/07/2026 11:40:23.520 AM,gcode,gcode_generation,INFO,GCodeGeneratedEvent,stl_path: D:\UFAMeasy_Workspace\UFAMeasy\slice\demoo11\slice_3\layer_2.stl | gcode_path: D:\UFAMeasy_Workspace\UFAMeasy\slice\demoo11\slice_3\layer_2.nc | config_path: D:\UFAMeasy_Workspace\UFAMeasy\slice\demoo11\slice_3\layer_2.ini | z_offset: 8.1 | duration_ms: 313.00000000192085
19/07/2026 11:40:23.520 AM,gcode,gcode_generation,INFO,GCodeGeneratedEvent,stl_path: D:\UFAMeasy_Workspace\UFAMeasy\slice\demoo11\slice_3\layer_2.stl | gcode_path: D:\UFAMeasy_Workspace\UFAMeasy\slice\demoo11\slice_3\layer_2.nc | config_path: D:\UFAMeasy_Workspace\UFAMeasy\slice\demoo11\slice_3\layer_2.ini | z_offset: 8.1 | duration_ms: 313.00000000192085
19/07/2026 11:40:23.905 AM,gcode,gcode_generation,INFO,GCodeGeneratedEvent,stl_path: D:\UFAMeasy_Workspace\UFAMeasy\slice\demoo11\slice_3\layer_3.stl | gcode_path: D:\UFAMeasy_Workspace\UFAMeasy\slice\demoo11\slice_3\layer_3.nc | config_path: D:\UFAMeasy_Workspace\UFAMeasy\slice\demoo11\slice_3\layer_3.ini | z_offset: 8.2 | duration_ms: 375.0
19/07/2026 11:40:23.905 AM,gcode,gcode_generation,INFO,GCodeGeneratedEvent,stl_path: D:\UFAMeasy_Workspace\UFAMeasy\slice\demoo11\slice_3\layer_3.stl | gcode_path: D:\UFAMeasy_Workspace\UFAMeasy\slice\demoo11\slice_3\layer_3.nc | config_path: D:\UFAMeasy_Workspace\UFAMeasy\slice\demoo11\slice_3\layer_3.ini | z_offset: 8.2 | duration_ms: 375.0
19/07/2026 11:40:24.239 AM,gcode,gcode_generation,INFO,GCodeGeneratedEvent,stl_path: D:\UFAMeasy_Workspace\UFAMeasy\slice\demoo11\slice_3\layer_4.stl | gcode_path: D:\UFAMeasy_Workspace\UFAMeasy\slice\demoo11\slice_3\layer_4.nc | config_path: D:\UFAMeasy_Workspace\UFAMeasy\slice\demoo11\slice_3\layer_4.ini | z_offset: 8.299999999999999 | duration_ms: 343.99999999732245
19/07/2026 11:40:24.239 AM,gcode,gcode_generation,INFO,GCodeGeneratedEvent,stl_path: D:\UFAMeasy_Workspace\UFAMeasy\slice\demoo11\slice_3\layer_4.stl | gcode_path: D:\UFAMeasy_Workspace\UFAMeasy\slice\demoo11\slice_3\layer_4.nc | config_path: D:\UFAMeasy_Workspace\UFAMeasy\slice\demoo11\slice_3\layer_4.ini | z_offset: 8.299999999999999 | duration_ms: 343.99999999732245
19/07/2026 11:40:24.606 AM,gcode,gcode_generation,INFO,GCodeGeneratedEvent,stl_path: D:\UFAMeasy_Workspace\UFAMeasy\slice\demoo11\slice_3\layer_5.stl | gcode_path: D:\UFAMeasy_Workspace\UFAMeasy\slice\demoo11\slice_3\layer_5.nc | config_path: D:\UFAMeasy_Workspace\UFAMeasy\slice\demoo11\slice_3\layer_5.ini | z_offset: 8.399999999999999 | duration_ms: 358.99999999674037
19/07/2026 11:40:24.606 AM,gcode,gcode_generation,INFO,GCodeGeneratedEvent,stl_path: D:\UFAMeasy_Workspace\UFAMeasy\slice\demoo11\slice_3\layer_5.stl | gcode_path: D:\UFAMeasy_Workspace\UFAMeasy\slice\demoo11\slice_3\layer_5.nc | config_path: D:\UFAMeasy_Workspace\UFAMeasy\slice\demoo11\slice_3\layer_5.ini | z_offset: 8.399999999999999 | duration_ms: 358.99999999674037
19/07/2026 11:40:24.910 AM,gcode,gcode_generation,INFO,GCodeGeneratedEvent,stl_path: D:\UFAMeasy_Workspace\UFAMeasy\slice\demoo11\slice_3\layer_6.stl | gcode_path: D:\UFAMeasy_Workspace\UFAMeasy\slice\demoo11\slice_3\layer_6.nc | config_path: D:\UFAMeasy_Workspace\UFAMeasy\slice\demoo11\slice_3\layer_6.ini | z_offset: 8.499999999999998 | duration_ms: 312.0000000053551
19/07/2026 11:40:24.910 AM,gcode,gcode_generation,INFO,GCodeGeneratedEvent,stl_path: D:\UFAMeasy_Workspace\UFAMeasy\slice\demoo11\slice_3\layer_6.stl | gcode_path: D:\UFAMeasy_Workspace\UFAMeasy\slice\demoo11\slice_3\layer_6.nc | config_path: D:\UFAMeasy_Workspace\UFAMeasy\slice\demoo11\slice_3\layer_6.ini | z_offset: 8.499999999999998 | duration_ms: 312.0000000053551
19/07/2026 11:40:25.305 AM,gcode,gcode_generation,INFO,GCodeGeneratedEvent,stl_path: D:\UFAMeasy_Workspace\UFAMeasy\slice\demoo11\slice_3\layer_7.stl | gcode_path: D:\UFAMeasy_Workspace\UFAMeasy\slice\demoo11\slice_3\layer_7.nc | config_path: D:\UFAMeasy_Workspace\UFAMeasy\slice\demoo11\slice_3\layer_7.ini | z_offset: 8.599999999999998 | duration_ms: 390.99999999598367
19/07/2026 11:40:25.305 AM,gcode,gcode_generation,INFO,GCodeGeneratedEvent,stl_path: D:\UFAMeasy_Workspace\UFAMeasy\slice\demoo11\slice_3\layer_7.stl | gcode_path: D:\UFAMeasy_Workspace\UFAMeasy\slice\demoo11\slice_3\layer_7.nc | config_path: D:\UFAMeasy_Workspace\UFAMeasy\slice\demoo11\slice_3\layer_7.ini | z_offset: 8.599999999999998 | duration_ms: 390.99999999598367
19/07/2026 11:40:25.663 AM,gcode,gcode_generation,INFO,GCodeGeneratedEvent,stl_path: D:\UFAMeasy_Workspace\UFAMeasy\slice\demoo11\slice_3\layer_8.stl | gcode_path: D:\UFAMeasy_Workspace\UFAMeasy\slice\demoo11\slice_3\layer_8.nc | config_path: D:\UFAMeasy_Workspace\UFAMeasy\slice\demoo11\slice_3\layer_8.ini | z_offset: 8.699999999999998 | duration_ms: 359.00000000401633
19/07/2026 11:40:25.663 AM,gcode,gcode_generation,INFO,GCodeGeneratedEvent,stl_path: D:\UFAMeasy_Workspace\UFAMeasy\slice\demoo11\slice_3\layer_8.stl | gcode_path: D:\UFAMeasy_Workspace\UFAMeasy\slice\demoo11\slice_3\layer_8.nc | config_path: D:\UFAMeasy_Workspace\UFAMeasy\slice\demoo11\slice_3\layer_8.ini | z_offset: 8.699999999999998 | duration_ms: 359.00000000401633
19/07/2026 11:40:25.999 AM,gcode,gcode_generation,INFO,GCodeGeneratedEvent,stl_path: D:\UFAMeasy_Workspace\UFAMeasy\slice\demoo11\slice_3\layer_9.stl | gcode_path: D:\UFAMeasy_Workspace\UFAMeasy\slice\demoo11\slice_3\layer_9.nc | config_path: D:\UFAMeasy_Workspace\UFAMeasy\slice\demoo11\slice_3\layer_9.ini | z_offset: 8.799999999999997 | duration_ms: 328.9999999979045
19/07/2026 11:40:25.999 AM,gcode,gcode_generation,INFO,GCodeGeneratedEvent,stl_path: D:\UFAMeasy_Workspace\UFAMeasy\slice\demoo11\slice_3\layer_9.stl | gcode_path: D:\UFAMeasy_Workspace\UFAMeasy\slice\demoo11\slice_3\layer_9.nc | config_path: D:\UFAMeasy_Workspace\UFAMeasy\slice\demoo11\slice_3\layer_9.ini | z_offset: 8.799999999999997 | duration_ms: 328.9999999979045
19/07/2026 11:40:26.400 AM,gcode,gcode_generation,INFO,GCodeGeneratedEvent,stl_path: D:\UFAMeasy_Workspace\UFAMeasy\slice\demoo11\slice_3\layer_10.stl | gcode_path: D:\UFAMeasy_Workspace\UFAMeasy\slice\demoo11\slice_3\layer_10.nc | config_path: D:\UFAMeasy_Workspace\UFAMeasy\slice\demoo11\slice_3\layer_10.ini | z_offset: 8.899999999999997 | duration_ms: 406.00000000267755
19/07/2026 11:40:26.400 AM,gcode,gcode_generation,INFO,GCodeGeneratedEvent,stl_path: D:\UFAMeasy_Workspace\UFAMeasy\slice\demoo11\slice_3\layer_10.stl | gcode_path: D:\UFAMeasy_Workspace\UFAMeasy\slice\demoo11\slice_3\layer_10.nc | config_path: D:\UFAMeasy_Workspace\UFAMeasy\slice\demoo11\slice_3\layer_10.ini | z_offset: 8.899999999999997 | duration_ms: 406.00000000267755
19/07/2026 11:40:26.703 AM,gcode,gcode_generation,INFO,GCodeGeneratedEvent,stl_path: D:\UFAMeasy_Workspace\UFAMeasy\slice\demoo11\slice_3\layer_11.stl | gcode_path: D:\UFAMeasy_Workspace\UFAMeasy\slice\demoo11\slice_3\layer_11.nc | config_path: D:\UFAMeasy_Workspace\UFAMeasy\slice\demoo11\slice_3\layer_11.ini | z_offset: 8.999999999999996 | duration_ms: 296.9999999986612
19/07/2026 11:40:26.703 AM,gcode,gcode_generation,INFO,GCodeGeneratedEvent,stl_path: D:\UFAMeasy_Workspace\UFAMeasy\slice\demoo11\slice_3\layer_11.stl | gcode_path: D:\UFAMeasy_Workspace\UFAMeasy\slice\demoo11\slice_3\layer_11.nc | config_path: D:\UFAMeasy_Workspace\UFAMeasy\slice\demoo11\slice_3\layer_11.ini | z_offset: 8.999999999999996 | duration_ms: 296.9999999986612
19/07/2026 11:40:27.024 AM,gcode,gcode_generation,INFO,GCodeGeneratedEvent,stl_path: D:\UFAMeasy_Workspace\UFAMeasy\slice\demoo11\slice_3\layer_12.stl | gcode_path: D:\UFAMeasy_Workspace\UFAMeasy\slice\demoo11\slice_3\layer_12.nc | config_path: D:\UFAMeasy_Workspace\UFAMeasy\slice\demoo11\slice_3\layer_12.ini | z_offset: 9.099999999999996 | duration_ms: 328.0000000013388
19/07/2026 11:40:27.024 AM,gcode,gcode_generation,INFO,GCodeGeneratedEvent,stl_path: D:\UFAMeasy_Workspace\UFAMeasy\slice\demoo11\slice_3\layer_12.stl | gcode_path: D:\UFAMeasy_Workspace\UFAMeasy\slice\demoo11\slice_3\layer_12.nc | config_path: D:\UFAMeasy_Workspace\UFAMeasy\slice\demoo11\slice_3\layer_12.ini | z_offset: 9.099999999999996 | duration_ms: 328.0000000013388
19/07/2026 11:40:27.351 AM,gcode,gcode_generation,INFO,GCodeGeneratedEvent,stl_path: D:\UFAMeasy_Workspace\UFAMeasy\slice\demoo11\slice_3\layer_13.stl | gcode_path: D:\UFAMeasy_Workspace\UFAMeasy\slice\demoo11\slice_3\layer_13.nc | config_path: D:\UFAMeasy_Workspace\UFAMeasy\slice\demoo11\slice_3\layer_13.ini | z_offset: 9.199999999999996 | duration_ms: 327.9999999940628
19/07/2026 11:40:27.351 AM,gcode,gcode_generation,INFO,GCodeGeneratedEvent,stl_path: D:\UFAMeasy_Workspace\UFAMeasy\slice\demoo11\slice_3\layer_13.stl | gcode_path: D:\UFAMeasy_Workspace\UFAMeasy\slice\demoo11\slice_3\layer_13.nc | config_path: D:\UFAMeasy_Workspace\UFAMeasy\slice\demoo11\slice_3\layer_13.ini | z_offset: 9.199999999999996 | duration_ms: 327.9999999940628
19/07/2026 11:40:27.680 AM,gcode,gcode_generation,INFO,GCodeGeneratedEvent,stl_path: D:\UFAMeasy_Workspace\UFAMeasy\slice\demoo11\slice_3\layer_14.stl | gcode_path: D:\UFAMeasy_Workspace\UFAMeasy\slice\demoo11\slice_3\layer_14.nc | config_path: D:\UFAMeasy_Workspace\UFAMeasy\slice\demoo11\slice_3\layer_14.ini | z_offset: 9.299999999999995 | duration_ms: 328.0000000013388
19/07/2026 11:40:27.680 AM,gcode,gcode_generation,INFO,GCodeGeneratedEvent,stl_path: D:\UFAMeasy_Workspace\UFAMeasy\slice\demoo11\slice_3\layer_14.stl | gcode_path: D:\UFAMeasy_Workspace\UFAMeasy\slice\demoo11\slice_3\layer_14.nc | config_path: D:\UFAMeasy_Workspace\UFAMeasy\slice\demoo11\slice_3\layer_14.ini | z_offset: 9.299999999999995 | duration_ms: 328.0000000013388
19/07/2026 11:40:27.997 AM,gcode,gcode_generation,INFO,GCodeGeneratedEvent,stl_path: D:\UFAMeasy_Workspace\UFAMeasy\slice\demoo11\slice_3\layer_15.stl | gcode_path: D:\UFAMeasy_Workspace\UFAMeasy\slice\demoo11\slice_3\layer_15.nc | config_path: D:\UFAMeasy_Workspace\UFAMeasy\slice\demoo11\slice_3\layer_15.ini | z_offset: 9.399999999999995 | duration_ms: 313.00000000192085
19/07/2026 11:40:27.997 AM,gcode,gcode_generation,INFO,GCodeGeneratedEvent,stl_path: D:\UFAMeasy_Workspace\UFAMeasy\slice\demoo11\slice_3\layer_15.stl | gcode_path: D:\UFAMeasy_Workspace\UFAMeasy\slice\demoo11\slice_3\layer_15.nc | config_path: D:\UFAMeasy_Workspace\UFAMeasy\slice\demoo11\slice_3\layer_15.ini | z_offset: 9.399999999999995 | duration_ms: 313.00000000192085
19/07/2026 11:40:28.315 AM,gcode,gcode_generation,INFO,GCodeGeneratedEvent,stl_path: D:\UFAMeasy_Workspace\UFAMeasy\slice\demoo11\slice_3\layer_16.stl | gcode_path: D:\UFAMeasy_Workspace\UFAMeasy\slice\demoo11\slice_3\layer_16.nc | config_path: D:\UFAMeasy_Workspace\UFAMeasy\slice\demoo11\slice_3\layer_16.ini | z_offset: 9.499999999999995 | duration_ms: 328.0000000013388
19/07/2026 11:40:28.315 AM,gcode,gcode_generation,INFO,GCodeGeneratedEvent,stl_path: D:\UFAMeasy_Workspace\UFAMeasy\slice\demoo11\slice_3\layer_16.stl | gcode_path: D:\UFAMeasy_Workspace\UFAMeasy\slice\demoo11\slice_3\layer_16.nc | config_path: D:\UFAMeasy_Workspace\UFAMeasy\slice\demoo11\slice_3\layer_16.ini | z_offset: 9.499999999999995 | duration_ms: 328.0000000013388
19/07/2026 11:40:28.716 AM,gcode,gcode_generation,INFO,GCodeGeneratedEvent,stl_path: D:\UFAMeasy_Workspace\UFAMeasy\slice\demoo11\slice_3\layer_17.stl | gcode_path: D:\UFAMeasy_Workspace\UFAMeasy\slice\demoo11\slice_3\layer_17.nc | config_path: D:\UFAMeasy_Workspace\UFAMeasy\slice\demoo11\slice_3\layer_17.ini | z_offset: 9.599999999999994 | duration_ms: 389.9999999994179
19/07/2026 11:40:28.716 AM,gcode,gcode_generation,INFO,GCodeGeneratedEvent,stl_path: D:\UFAMeasy_Workspace\UFAMeasy\slice\demoo11\slice_3\layer_17.stl | gcode_path: D:\UFAMeasy_Workspace\UFAMeasy\slice\demoo11\slice_3\layer_17.nc | config_path: D:\UFAMeasy_Workspace\UFAMeasy\slice\demoo11\slice_3\layer_17.ini | z_offset: 9.599999999999994 | duration_ms: 389.9999999994179
19/07/2026 11:40:29.062 AM,gcode,gcode_generation,INFO,GCodeGeneratedEvent,stl_path: D:\UFAMeasy_Workspace\UFAMeasy\slice\demoo11\slice_3\layer_18.stl | gcode_path: D:\UFAMeasy_Workspace\UFAMeasy\slice\demoo11\slice_3\layer_18.nc | config_path: D:\UFAMeasy_Workspace\UFAMeasy\slice\demoo11\slice_3\layer_18.ini | z_offset: 9.699999999999994 | duration_ms: 343.99999999732245
19/07/2026 11:40:29.062 AM,gcode,gcode_generation,INFO,GCodeGeneratedEvent,stl_path: D:\UFAMeasy_Workspace\UFAMeasy\slice\demoo11\slice_3\layer_18.stl | gcode_path: D:\UFAMeasy_Workspace\UFAMeasy\slice\demoo11\slice_3\layer_18.nc | config_path: D:\UFAMeasy_Workspace\UFAMeasy\slice\demoo11\slice_3\layer_18.ini | z_offset: 9.699999999999994 | duration_ms: 343.99999999732245
19/07/2026 11:40:29.398 AM,gcode,gcode_generation,INFO,GCodeGeneratedEvent,stl_path: D:\UFAMeasy_Workspace\UFAMeasy\slice\demoo11\slice_3\layer_19.stl | gcode_path: D:\UFAMeasy_Workspace\UFAMeasy\slice\demoo11\slice_3\layer_19.nc | config_path: D:\UFAMeasy_Workspace\UFAMeasy\slice\demoo11\slice_3\layer_19.ini | z_offset: 9.799999999999994 | duration_ms: 344.0000000045984
19/07/2026 11:40:29.398 AM,gcode,gcode_generation,INFO,GCodeGeneratedEvent,stl_path: D:\UFAMeasy_Workspace\UFAMeasy\slice\demoo11\slice_3\layer_19.stl | gcode_path: D:\UFAMeasy_Workspace\UFAMeasy\slice\demoo11\slice_3\layer_19.nc | config_path: D:\UFAMeasy_Workspace\UFAMeasy\slice\demoo11\slice_3\layer_19.ini | z_offset: 9.799999999999994 | duration_ms: 344.0000000045984
19/07/2026 11:40:29.743 AM,gcode,gcode_generation,INFO,GCodeGeneratedEvent,stl_path: D:\UFAMeasy_Workspace\UFAMeasy\slice\demoo11\slice_3\layer_20.stl | gcode_path: D:\UFAMeasy_Workspace\UFAMeasy\slice\demoo11\slice_3\layer_20.nc | config_path: D:\UFAMeasy_Workspace\UFAMeasy\slice\demoo11\slice_3\layer_20.ini | z_offset: 9.899999999999993 | duration_ms: 343.99999999732245
19/07/2026 11:40:29.743 AM,gcode,gcode_generation,INFO,GCodeGeneratedEvent,stl_path: D:\UFAMeasy_Workspace\UFAMeasy\slice\demoo11\slice_3\layer_20.stl | gcode_path: D:\UFAMeasy_Workspace\UFAMeasy\slice\demoo11\slice_3\layer_20.nc | config_path: D:\UFAMeasy_Workspace\UFAMeasy\slice\demoo11\slice_3\layer_20.ini | z_offset: 9.899999999999993 | duration_ms: 343.99999999732245
19/07/2026 11:40:30.037 AM,gcode,gcode_generation,INFO,GCodeGeneratedEvent,stl_path: D:\UFAMeasy_Workspace\UFAMeasy\slice\demoo11\slice_3\layer_21.stl | gcode_path: D:\UFAMeasy_Workspace\UFAMeasy\slice\demoo11\slice_3\layer_21.nc | config_path: D:\UFAMeasy_Workspace\UFAMeasy\slice\demoo11\slice_3\layer_21.ini | z_offset: 9.999999999999993 | duration_ms: 296.0000000020955
19/07/2026 11:40:30.037 AM,gcode,gcode_generation,INFO,GCodeGeneratedEvent,stl_path: D:\UFAMeasy_Workspace\UFAMeasy\slice\demoo11\slice_3\layer_21.stl | gcode_path: D:\UFAMeasy_Workspace\UFAMeasy\slice\demoo11\slice_3\layer_21.nc | config_path: D:\UFAMeasy_Workspace\UFAMeasy\slice\demoo11\slice_3\layer_21.ini | z_offset: 9.999999999999993 | duration_ms: 296.0000000020955
19/07/2026 11:40:30.367 AM,gcode,gcode_generation,INFO,GCodeGeneratedEvent,stl_path: D:\UFAMeasy_Workspace\UFAMeasy\slice\demoo11\slice_3\layer_22.stl | gcode_path: D:\UFAMeasy_Workspace\UFAMeasy\slice\demoo11\slice_3\layer_22.nc | config_path: D:\UFAMeasy_Workspace\UFAMeasy\slice\demoo11\slice_3\layer_22.ini | z_offset: 10.099999999999993 | duration_ms: 328.9999999979045
19/07/2026 11:40:30.367 AM,gcode,gcode_generation,INFO,GCodeGeneratedEvent,stl_path: D:\UFAMeasy_Workspace\UFAMeasy\slice\demoo11\slice_3\layer_22.stl | gcode_path: D:\UFAMeasy_Workspace\UFAMeasy\slice\demoo11\slice_3\layer_22.nc | config_path: D:\UFAMeasy_Workspace\UFAMeasy\slice\demoo11\slice_3\layer_22.ini | z_offset: 10.099999999999993 | duration_ms: 328.9999999979045
19/07/2026 11:40:30.721 AM,gcode,gcode_generation,INFO,GCodeGeneratedEvent,stl_path: D:\UFAMeasy_Workspace\UFAMeasy\slice\demoo11\slice_3\layer_23.stl | gcode_path: D:\UFAMeasy_Workspace\UFAMeasy\slice\demoo11\slice_3\layer_23.nc | config_path: D:\UFAMeasy_Workspace\UFAMeasy\slice\demoo11\slice_3\layer_23.ini | z_offset: 10.199999999999992 | duration_ms: 358.99999999674037
19/07/2026 11:40:30.721 AM,gcode,gcode_generation,INFO,GCodeGeneratedEvent,stl_path: D:\UFAMeasy_Workspace\UFAMeasy\slice\demoo11\slice_3\layer_23.stl | gcode_path: D:\UFAMeasy_Workspace\UFAMeasy\slice\demoo11\slice_3\layer_23.nc | config_path: D:\UFAMeasy_Workspace\UFAMeasy\slice\demoo11\slice_3\layer_23.ini | z_offset: 10.199999999999992 | duration_ms: 358.99999999674037
19/07/2026 11:40:31.031 AM,gcode,gcode_generation,INFO,GCodeGeneratedEvent,stl_path: D:\UFAMeasy_Workspace\UFAMeasy\slice\demoo11\slice_3\layer_24.stl | gcode_path: D:\UFAMeasy_Workspace\UFAMeasy\slice\demoo11\slice_3\layer_24.nc | config_path: D:\UFAMeasy_Workspace\UFAMeasy\slice\demoo11\slice_3\layer_24.ini | z_offset: 10.299999999999992 | duration_ms: 297.0000000059372
19/07/2026 11:40:31.031 AM,gcode,gcode_generation,INFO,GCodeGeneratedEvent,stl_path: D:\UFAMeasy_Workspace\UFAMeasy\slice\demoo11\slice_3\layer_24.stl | gcode_path: D:\UFAMeasy_Workspace\UFAMeasy\slice\demoo11\slice_3\layer_24.nc | config_path: D:\UFAMeasy_Workspace\UFAMeasy\slice\demoo11\slice_3\layer_24.ini | z_offset: 10.299999999999992 | duration_ms: 297.0000000059372
19/07/2026 11:40:31.424 AM,gcode,gcode_generation,INFO,GCodeGeneratedEvent,stl_path: D:\UFAMeasy_Workspace\UFAMeasy\slice\demoo11\slice_3\layer_25.stl | gcode_path: D:\UFAMeasy_Workspace\UFAMeasy\slice\demoo11\slice_3\layer_25.nc | config_path: D:\UFAMeasy_Workspace\UFAMeasy\slice\demoo11\slice_3\layer_25.ini | z_offset: 10.399999999999991 | duration_ms: 405.9999999954016
19/07/2026 11:40:31.424 AM,gcode,gcode_generation,INFO,GCodeGeneratedEvent,stl_path: D:\UFAMeasy_Workspace\UFAMeasy\slice\demoo11\slice_3\layer_25.stl | gcode_path: D:\UFAMeasy_Workspace\UFAMeasy\slice\demoo11\slice_3\layer_25.nc | config_path: D:\UFAMeasy_Workspace\UFAMeasy\slice\demoo11\slice_3\layer_25.ini | z_offset: 10.399999999999991 | duration_ms: 405.9999999954016
19/07/2026 11:40:31.730 AM,gcode,gcode_generation,INFO,GCodeGeneratedEvent,stl_path: D:\UFAMeasy_Workspace\UFAMeasy\slice\demoo11\slice_3\layer_26.stl | gcode_path: D:\UFAMeasy_Workspace\UFAMeasy\slice\demoo11\slice_3\layer_26.nc | config_path: D:\UFAMeasy_Workspace\UFAMeasy\slice\demoo11\slice_3\layer_26.ini | z_offset: 10.499999999999991 | duration_ms: 296.9999999986612
19/07/2026 11:40:31.730 AM,gcode,gcode_generation,INFO,GCodeGeneratedEvent,stl_path: D:\UFAMeasy_Workspace\UFAMeasy\slice\demoo11\slice_3\layer_26.stl | gcode_path: D:\UFAMeasy_Workspace\UFAMeasy\slice\demoo11\slice_3\layer_26.nc | config_path: D:\UFAMeasy_Workspace\UFAMeasy\slice\demoo11\slice_3\layer_26.ini | z_offset: 10.499999999999991 | duration_ms: 296.9999999986612
19/07/2026 11:40:32.071 AM,gcode,gcode_generation,INFO,GCodeGeneratedEvent,stl_path: D:\UFAMeasy_Workspace\UFAMeasy\slice\demoo11\slice_3\layer_27.stl | gcode_path: D:\UFAMeasy_Workspace\UFAMeasy\slice\demoo11\slice_3\layer_27.nc | config_path: D:\UFAMeasy_Workspace\UFAMeasy\slice\demoo11\slice_3\layer_27.ini | z_offset: 10.59999999999999 | duration_ms: 344.0000000045984
19/07/2026 11:40:32.071 AM,gcode,gcode_generation,INFO,GCodeGeneratedEvent,stl_path: D:\UFAMeasy_Workspace\UFAMeasy\slice\demoo11\slice_3\layer_27.stl | gcode_path: D:\UFAMeasy_Workspace\UFAMeasy\slice\demoo11\slice_3\layer_27.nc | config_path: D:\UFAMeasy_Workspace\UFAMeasy\slice\demoo11\slice_3\layer_27.ini | z_offset: 10.59999999999999 | duration_ms: 344.0000000045984
19/07/2026 11:40:32.475 AM,gcode,gcode_generation,INFO,GCodeGeneratedEvent,stl_path: D:\UFAMeasy_Workspace\UFAMeasy\slice\demoo11\slice_3\layer_28.stl | gcode_path: D:\UFAMeasy_Workspace\UFAMeasy\slice\demoo11\slice_3\layer_28.nc | config_path: D:\UFAMeasy_Workspace\UFAMeasy\slice\demoo11\slice_3\layer_28.ini | z_offset: 10.69999999999999 | duration_ms: 405.9999999954016
19/07/2026 11:40:32.475 AM,gcode,gcode_generation,INFO,GCodeGeneratedEvent,stl_path: D:\UFAMeasy_Workspace\UFAMeasy\slice\demoo11\slice_3\layer_28.stl | gcode_path: D:\UFAMeasy_Workspace\UFAMeasy\slice\demoo11\slice_3\layer_28.nc | config_path: D:\UFAMeasy_Workspace\UFAMeasy\slice\demoo11\slice_3\layer_28.ini | z_offset: 10.69999999999999 | duration_ms: 405.9999999954016
19/07/2026 11:40:32.843 AM,gcode,gcode_generation,INFO,GCodeGeneratedEvent,stl_path: D:\UFAMeasy_Workspace\UFAMeasy\slice\demoo11\slice_3\layer_29.stl | gcode_path: D:\UFAMeasy_Workspace\UFAMeasy\slice\demoo11\slice_3\layer_29.nc | config_path: D:\UFAMeasy_Workspace\UFAMeasy\slice\demoo11\slice_3\layer_29.ini | z_offset: 10.79999999999999 | duration_ms: 359.00000000401633
19/07/2026 11:40:32.843 AM,gcode,gcode_generation,INFO,GCodeGeneratedEvent,stl_path: D:\UFAMeasy_Workspace\UFAMeasy\slice\demoo11\slice_3\layer_29.stl | gcode_path: D:\UFAMeasy_Workspace\UFAMeasy\slice\demoo11\slice_3\layer_29.nc | config_path: D:\UFAMeasy_Workspace\UFAMeasy\slice\demoo11\slice_3\layer_29.ini | z_offset: 10.79999999999999 | duration_ms: 359.00000000401633
19/07/2026 11:40:33.188 AM,gcode,gcode_generation,INFO,GCodeGeneratedEvent,stl_path: D:\UFAMeasy_Workspace\UFAMeasy\slice\demoo11\slice_3\layer_30.stl | gcode_path: D:\UFAMeasy_Workspace\UFAMeasy\slice\demoo11\slice_3\layer_30.nc | config_path: D:\UFAMeasy_Workspace\UFAMeasy\slice\demoo11\slice_3\layer_30.ini | z_offset: 10.89999999999999 | duration_ms: 343.99999999732245
19/07/2026 11:40:33.188 AM,gcode,gcode_generation,INFO,GCodeGeneratedEvent,stl_path: D:\UFAMeasy_Workspace\UFAMeasy\slice\demoo11\slice_3\layer_30.stl | gcode_path: D:\UFAMeasy_Workspace\UFAMeasy\slice\demoo11\slice_3\layer_30.nc | config_path: D:\UFAMeasy_Workspace\UFAMeasy\slice\demoo11\slice_3\layer_30.ini | z_offset: 10.89999999999999 | duration_ms: 343.99999999732245
19/07/2026 11:40:33.503 AM,gcode,gcode_generation,INFO,GCodeGeneratedEvent,stl_path: D:\UFAMeasy_Workspace\UFAMeasy\slice\demoo11\slice_3\layer_31.stl | gcode_path: D:\UFAMeasy_Workspace\UFAMeasy\slice\demoo11\slice_3\layer_31.nc | config_path: D:\UFAMeasy_Workspace\UFAMeasy\slice\demoo11\slice_3\layer_31.ini | z_offset: 10.99999999999999 | duration_ms: 328.0000000013388
19/07/2026 11:40:33.503 AM,gcode,gcode_generation,INFO,GCodeGeneratedEvent,stl_path: D:\UFAMeasy_Workspace\UFAMeasy\slice\demoo11\slice_3\layer_31.stl | gcode_path: D:\UFAMeasy_Workspace\UFAMeasy\slice\demoo11\slice_3\layer_31.nc | config_path: D:\UFAMeasy_Workspace\UFAMeasy\slice\demoo11\slice_3\layer_31.ini | z_offset: 10.99999999999999 | duration_ms: 328.0000000013388
19/07/2026 11:40:33.856 AM,gcode,gcode_generation,INFO,GCodeGeneratedEvent,stl_path: D:\UFAMeasy_Workspace\UFAMeasy\slice\demoo11\slice_3\layer_32.stl | gcode_path: D:\UFAMeasy_Workspace\UFAMeasy\slice\demoo11\slice_3\layer_32.nc | config_path: D:\UFAMeasy_Workspace\UFAMeasy\slice\demoo11\slice_3\layer_32.ini | z_offset: 11.099999999999989 | duration_ms: 343.99999999732245
19/07/2026 11:40:33.856 AM,gcode,gcode_generation,INFO,GCodeGeneratedEvent,stl_path: D:\UFAMeasy_Workspace\UFAMeasy\slice\demoo11\slice_3\layer_32.stl | gcode_path: D:\UFAMeasy_Workspace\UFAMeasy\slice\demoo11\slice_3\layer_32.nc | config_path: D:\UFAMeasy_Workspace\UFAMeasy\slice\demoo11\slice_3\layer_32.ini | z_offset: 11.099999999999989 | duration_ms: 343.99999999732245
19/07/2026 11:40:34.278 AM,gcode,gcode_generation,INFO,GCodeGeneratedEvent,stl_path: D:\UFAMeasy_Workspace\UFAMeasy\slice\demoo11\slice_3\layer_33.stl | gcode_path: D:\UFAMeasy_Workspace\UFAMeasy\slice\demoo11\slice_3\layer_33.nc | config_path: D:\UFAMeasy_Workspace\UFAMeasy\slice\demoo11\slice_3\layer_33.ini | z_offset: 11.199999999999989 | duration_ms: 422.0000000059372
19/07/2026 11:40:34.278 AM,gcode,gcode_generation,INFO,GCodeGeneratedEvent,stl_path: D:\UFAMeasy_Workspace\UFAMeasy\slice\demoo11\slice_3\layer_33.stl | gcode_path: D:\UFAMeasy_Workspace\UFAMeasy\slice\demoo11\slice_3\layer_33.nc | config_path: D:\UFAMeasy_Workspace\UFAMeasy\slice\demoo11\slice_3\layer_33.ini | z_offset: 11.199999999999989 | duration_ms: 422.0000000059372
19/07/2026 11:40:34.686 AM,gcode,gcode_generation,INFO,GCodeGeneratedEvent,stl_path: D:\UFAMeasy_Workspace\UFAMeasy\slice\demoo11\slice_3\layer_34.stl | gcode_path: D:\UFAMeasy_Workspace\UFAMeasy\slice\demoo11\slice_3\layer_34.nc | config_path: D:\UFAMeasy_Workspace\UFAMeasy\slice\demoo11\slice_3\layer_34.ini | z_offset: 11.299999999999988 | duration_ms: 405.9999999954016
19/07/2026 11:40:34.686 AM,gcode,gcode_generation,INFO,GCodeGeneratedEvent,stl_path: D:\UFAMeasy_Workspace\UFAMeasy\slice\demoo11\slice_3\layer_34.stl | gcode_path: D:\UFAMeasy_Workspace\UFAMeasy\slice\demoo11\slice_3\layer_34.nc | config_path: D:\UFAMeasy_Workspace\UFAMeasy\slice\demoo11\slice_3\layer_34.ini | z_offset: 11.299999999999988 | duration_ms: 405.9999999954016
19/07/2026 11:40:35.028 AM,gcode,gcode_generation,INFO,GCodeGeneratedEvent,stl_path: D:\UFAMeasy_Workspace\UFAMeasy\slice\demoo11\slice_3\layer_35.stl | gcode_path: D:\UFAMeasy_Workspace\UFAMeasy\slice\demoo11\slice_3\layer_35.nc | config_path: D:\UFAMeasy_Workspace\UFAMeasy\slice\demoo11\slice_3\layer_35.ini | z_offset: 11.399999999999988 | duration_ms: 344.0000000045984
19/07/2026 11:40:35.028 AM,gcode,gcode_generation,INFO,GCodeGeneratedEvent,stl_path: D:\UFAMeasy_Workspace\UFAMeasy\slice\demoo11\slice_3\layer_35.stl | gcode_path: D:\UFAMeasy_Workspace\UFAMeasy\slice\demoo11\slice_3\layer_35.nc | config_path: D:\UFAMeasy_Workspace\UFAMeasy\slice\demoo11\slice_3\layer_35.ini | z_offset: 11.399999999999988 | duration_ms: 344.0000000045984
19/07/2026 11:40:35.377 AM,gcode,gcode_generation,INFO,GCodeGeneratedEvent,stl_path: D:\UFAMeasy_Workspace\UFAMeasy\slice\demoo11\slice_3\layer_36.stl | gcode_path: D:\UFAMeasy_Workspace\UFAMeasy\slice\demoo11\slice_3\layer_36.nc | config_path: D:\UFAMeasy_Workspace\UFAMeasy\slice\demoo11\slice_3\layer_36.ini | z_offset: 11.499999999999988 | duration_ms: 358.99999999674037
19/07/2026 11:40:35.377 AM,gcode,gcode_generation,INFO,GCodeGeneratedEvent,stl_path: D:\UFAMeasy_Workspace\UFAMeasy\slice\demoo11\slice_3\layer_36.stl | gcode_path: D:\UFAMeasy_Workspace\UFAMeasy\slice\demoo11\slice_3\layer_36.nc | config_path: D:\UFAMeasy_Workspace\UFAMeasy\slice\demoo11\slice_3\layer_36.ini | z_offset: 11.499999999999988 | duration_ms: 358.99999999674037
19/07/2026 11:40:35.714 AM,gcode,gcode_generation,INFO,GCodeGeneratedEvent,stl_path: D:\UFAMeasy_Workspace\UFAMeasy\slice\demoo11\slice_3\layer_37.stl | gcode_path: D:\UFAMeasy_Workspace\UFAMeasy\slice\demoo11\slice_3\layer_37.nc | config_path: D:\UFAMeasy_Workspace\UFAMeasy\slice\demoo11\slice_3\layer_37.ini | z_offset: 11.599999999999987 | duration_ms: 328.0000000013388
19/07/2026 11:40:35.714 AM,gcode,gcode_generation,INFO,GCodeGeneratedEvent,stl_path: D:\UFAMeasy_Workspace\UFAMeasy\slice\demoo11\slice_3\layer_37.stl | gcode_path: D:\UFAMeasy_Workspace\UFAMeasy\slice\demoo11\slice_3\layer_37.nc | config_path: D:\UFAMeasy_Workspace\UFAMeasy\slice\demoo11\slice_3\layer_37.ini | z_offset: 11.599999999999987 | duration_ms: 328.0000000013388
19/07/2026 11:40:36.117 AM,gcode,gcode_generation,INFO,GCodeGeneratedEvent,stl_path: D:\UFAMeasy_Workspace\UFAMeasy\slice\demoo11\slice_3\layer_38.stl | gcode_path: D:\UFAMeasy_Workspace\UFAMeasy\slice\demoo11\slice_3\layer_38.nc | config_path: D:\UFAMeasy_Workspace\UFAMeasy\slice\demoo11\slice_3\layer_38.ini | z_offset: 11.699999999999987 | duration_ms: 406.9999999992433
19/07/2026 11:40:36.117 AM,gcode,gcode_generation,INFO,GCodeGeneratedEvent,stl_path: D:\UFAMeasy_Workspace\UFAMeasy\slice\demoo11\slice_3\layer_38.stl | gcode_path: D:\UFAMeasy_Workspace\UFAMeasy\slice\demoo11\slice_3\layer_38.nc | config_path: D:\UFAMeasy_Workspace\UFAMeasy\slice\demoo11\slice_3\layer_38.ini | z_offset: 11.699999999999987 | duration_ms: 406.9999999992433
19/07/2026 11:40:36.477 AM,gcode,gcode_generation,INFO,GCodeGeneratedEvent,stl_path: D:\UFAMeasy_Workspace\UFAMeasy\slice\demoo11\slice_3\layer_39.stl | gcode_path: D:\UFAMeasy_Workspace\UFAMeasy\slice\demoo11\slice_3\layer_39.nc | config_path: D:\UFAMeasy_Workspace\UFAMeasy\slice\demoo11\slice_3\layer_39.ini | z_offset: 11.799999999999986 | duration_ms: 358.99999999674037
19/07/2026 11:40:36.477 AM,gcode,gcode_generation,INFO,GCodeGeneratedEvent,stl_path: D:\UFAMeasy_Workspace\UFAMeasy\slice\demoo11\slice_3\layer_39.stl | gcode_path: D:\UFAMeasy_Workspace\UFAMeasy\slice\demoo11\slice_3\layer_39.nc | config_path: D:\UFAMeasy_Workspace\UFAMeasy\slice\demoo11\slice_3\layer_39.ini | z_offset: 11.799999999999986 | duration_ms: 358.99999999674037
19/07/2026 11:40:36.785 AM,gcode,gcode_generation,INFO,GCodeGeneratedEvent,stl_path: D:\UFAMeasy_Workspace\UFAMeasy\slice\demoo11\slice_3\layer_40.stl | gcode_path: D:\UFAMeasy_Workspace\UFAMeasy\slice\demoo11\slice_3\layer_40.nc | config_path: D:\UFAMeasy_Workspace\UFAMeasy\slice\demoo11\slice_3\layer_40.ini | z_offset: 11.899999999999986 | duration_ms: 312.0000000053551
19/07/2026 11:40:36.785 AM,gcode,gcode_generation,INFO,GCodeGeneratedEvent,stl_path: D:\UFAMeasy_Workspace\UFAMeasy\slice\demoo11\slice_3\layer_40.stl | gcode_path: D:\UFAMeasy_Workspace\UFAMeasy\slice\demoo11\slice_3\layer_40.nc | config_path: D:\UFAMeasy_Workspace\UFAMeasy\slice\demoo11\slice_3\layer_40.ini | z_offset: 11.899999999999986 | duration_ms: 312.0000000053551
19/07/2026 11:40:37.132 AM,gcode,gcode_generation,INFO,GCodeGeneratedEvent,stl_path: D:\UFAMeasy_Workspace\UFAMeasy\slice\demoo11\slice_3\layer_41.stl | gcode_path: D:\UFAMeasy_Workspace\UFAMeasy\slice\demoo11\slice_3\layer_41.nc | config_path: D:\UFAMeasy_Workspace\UFAMeasy\slice\demoo11\slice_3\layer_41.ini | z_offset: 11.999999999999986 | duration_ms: 343.99999999732245
19/07/2026 11:40:37.132 AM,gcode,gcode_generation,INFO,GCodeGeneratedEvent,stl_path: D:\UFAMeasy_Workspace\UFAMeasy\slice\demoo11\slice_3\layer_41.stl | gcode_path: D:\UFAMeasy_Workspace\UFAMeasy\slice\demoo11\slice_3\layer_41.nc | config_path: D:\UFAMeasy_Workspace\UFAMeasy\slice\demoo11\slice_3\layer_41.ini | z_offset: 11.999999999999986 | duration_ms: 343.99999999732245
19/07/2026 11:40:37.489 AM,gcode,gcode_generation,INFO,GCodeGeneratedEvent,stl_path: D:\UFAMeasy_Workspace\UFAMeasy\slice\demoo11\slice_3\layer_42.stl | gcode_path: D:\UFAMeasy_Workspace\UFAMeasy\slice\demoo11\slice_3\layer_42.nc | config_path: D:\UFAMeasy_Workspace\UFAMeasy\slice\demoo11\slice_3\layer_42.ini | z_offset: 12.099999999999985 | duration_ms: 360.0000000005821
19/07/2026 11:40:37.489 AM,gcode,gcode_generation,INFO,GCodeGeneratedEvent,stl_path: D:\UFAMeasy_Workspace\UFAMeasy\slice\demoo11\slice_3\layer_42.stl | gcode_path: D:\UFAMeasy_Workspace\UFAMeasy\slice\demoo11\slice_3\layer_42.nc | config_path: D:\UFAMeasy_Workspace\UFAMeasy\slice\demoo11\slice_3\layer_42.ini | z_offset: 12.099999999999985 | duration_ms: 360.0000000005821
19/07/2026 11:40:37.844 AM,gcode,gcode_generation,INFO,GCodeGeneratedEvent,stl_path: D:\UFAMeasy_Workspace\UFAMeasy\slice\demoo11\slice_3\layer_43.stl | gcode_path: D:\UFAMeasy_Workspace\UFAMeasy\slice\demoo11\slice_3\layer_43.nc | config_path: D:\UFAMeasy_Workspace\UFAMeasy\slice\demoo11\slice_3\layer_43.ini | z_offset: 12.199999999999985 | duration_ms: 343.0000000007567
19/07/2026 11:40:37.844 AM,gcode,gcode_generation,INFO,GCodeGeneratedEvent,stl_path: D:\UFAMeasy_Workspace\UFAMeasy\slice\demoo11\slice_3\layer_43.stl | gcode_path: D:\UFAMeasy_Workspace\UFAMeasy\slice\demoo11\slice_3\layer_43.nc | config_path: D:\UFAMeasy_Workspace\UFAMeasy\slice\demoo11\slice_3\layer_43.ini | z_offset: 12.199999999999985 | duration_ms: 343.0000000007567
19/07/2026 11:40:38.175 AM,gcode,gcode_generation,INFO,GCodeGeneratedEvent,stl_path: D:\UFAMeasy_Workspace\UFAMeasy\slice\demoo11\slice_3\layer_44.stl | gcode_path: D:\UFAMeasy_Workspace\UFAMeasy\slice\demoo11\slice_3\layer_44.nc | config_path: D:\UFAMeasy_Workspace\UFAMeasy\slice\demoo11\slice_3\layer_44.ini | z_offset: 12.299999999999985 | duration_ms: 328.0000000013388
19/07/2026 11:40:38.175 AM,gcode,gcode_generation,INFO,GCodeGeneratedEvent,stl_path: D:\UFAMeasy_Workspace\UFAMeasy\slice\demoo11\slice_3\layer_44.stl | gcode_path: D:\UFAMeasy_Workspace\UFAMeasy\slice\demoo11\slice_3\layer_44.nc | config_path: D:\UFAMeasy_Workspace\UFAMeasy\slice\demoo11\slice_3\layer_44.ini | z_offset: 12.299999999999985 | duration_ms: 328.0000000013388
19/07/2026 11:40:38.510 AM,gcode,gcode_generation,INFO,GCodeGeneratedEvent,stl_path: D:\UFAMeasy_Workspace\UFAMeasy\slice\demoo11\slice_3\layer_45.stl | gcode_path: D:\UFAMeasy_Workspace\UFAMeasy\slice\demoo11\slice_3\layer_45.nc | config_path: D:\UFAMeasy_Workspace\UFAMeasy\slice\demoo11\slice_3\layer_45.ini | z_offset: 12.399999999999984 | duration_ms: 328.0000000013388
19/07/2026 11:40:38.510 AM,gcode,gcode_generation,INFO,GCodeGeneratedEvent,stl_path: D:\UFAMeasy_Workspace\UFAMeasy\slice\demoo11\slice_3\layer_45.stl | gcode_path: D:\UFAMeasy_Workspace\UFAMeasy\slice\demoo11\slice_3\layer_45.nc | config_path: D:\UFAMeasy_Workspace\UFAMeasy\slice\demoo11\slice_3\layer_45.ini | z_offset: 12.399999999999984 | duration_ms: 328.0000000013388
19/07/2026 11:40:38.830 AM,gcode,gcode_generation,INFO,GCodeGeneratedEvent,stl_path: D:\UFAMeasy_Workspace\UFAMeasy\slice\demoo11\slice_3\layer_46.stl | gcode_path: D:\UFAMeasy_Workspace\UFAMeasy\slice\demoo11\slice_3\layer_46.nc | config_path: D:\UFAMeasy_Workspace\UFAMeasy\slice\demoo11\slice_3\layer_46.ini | z_offset: 12.499999999999984 | duration_ms: 313.00000000192085
19/07/2026 11:40:38.830 AM,gcode,gcode_generation,INFO,GCodeGeneratedEvent,stl_path: D:\UFAMeasy_Workspace\UFAMeasy\slice\demoo11\slice_3\layer_46.stl | gcode_path: D:\UFAMeasy_Workspace\UFAMeasy\slice\demoo11\slice_3\layer_46.nc | config_path: D:\UFAMeasy_Workspace\UFAMeasy\slice\demoo11\slice_3\layer_46.ini | z_offset: 12.499999999999984 | duration_ms: 313.00000000192085
19/07/2026 11:40:39.119 AM,gcode,gcode_generation,INFO,GCodeGeneratedEvent,stl_path: D:\UFAMeasy_Workspace\UFAMeasy\slice\demoo11\slice_3\layer_47.stl | gcode_path: D:\UFAMeasy_Workspace\UFAMeasy\slice\demoo11\slice_3\layer_47.nc | config_path: D:\UFAMeasy_Workspace\UFAMeasy\slice\demoo11\slice_3\layer_47.ini | z_offset: 12.599999999999984 | duration_ms: 281.9999999992433
19/07/2026 11:40:39.119 AM,gcode,gcode_generation,INFO,GCodeGeneratedEvent,stl_path: D:\UFAMeasy_Workspace\UFAMeasy\slice\demoo11\slice_3\layer_47.stl | gcode_path: D:\UFAMeasy_Workspace\UFAMeasy\slice\demoo11\slice_3\layer_47.nc | config_path: D:\UFAMeasy_Workspace\UFAMeasy\slice\demoo11\slice_3\layer_47.ini | z_offset: 12.599999999999984 | duration_ms: 281.9999999992433
19/07/2026 11:40:39.417 AM,gcode,gcode_generation,INFO,GCodeGeneratedEvent,stl_path: D:\UFAMeasy_Workspace\UFAMeasy\slice\demoo11\slice_3\layer_48.stl | gcode_path: D:\UFAMeasy_Workspace\UFAMeasy\slice\demoo11\slice_3\layer_48.nc | config_path: D:\UFAMeasy_Workspace\UFAMeasy\slice\demoo11\slice_3\layer_48.ini | z_offset: 12.699999999999983 | duration_ms: 296.0000000020955
19/07/2026 11:40:39.417 AM,gcode,gcode_generation,INFO,GCodeGeneratedEvent,stl_path: D:\UFAMeasy_Workspace\UFAMeasy\slice\demoo11\slice_3\layer_48.stl | gcode_path: D:\UFAMeasy_Workspace\UFAMeasy\slice\demoo11\slice_3\layer_48.nc | config_path: D:\UFAMeasy_Workspace\UFAMeasy\slice\demoo11\slice_3\layer_48.ini | z_offset: 12.699999999999983 | duration_ms: 296.0000000020955
19/07/2026 11:40:39.769 AM,gcode,gcode_generation,INFO,GCodeGeneratedEvent,stl_path: D:\UFAMeasy_Workspace\UFAMeasy\slice\demoo11\slice_3\layer_49.stl | gcode_path: D:\UFAMeasy_Workspace\UFAMeasy\slice\demoo11\slice_3\layer_49.nc | config_path: D:\UFAMeasy_Workspace\UFAMeasy\slice\demoo11\slice_3\layer_49.ini | z_offset: 12.799999999999983 | duration_ms: 360.0000000005821
19/07/2026 11:40:39.769 AM,gcode,gcode_generation,INFO,GCodeGeneratedEvent,stl_path: D:\UFAMeasy_Workspace\UFAMeasy\slice\demoo11\slice_3\layer_49.stl | gcode_path: D:\UFAMeasy_Workspace\UFAMeasy\slice\demoo11\slice_3\layer_49.nc | config_path: D:\UFAMeasy_Workspace\UFAMeasy\slice\demoo11\slice_3\layer_49.ini | z_offset: 12.799999999999983 | duration_ms: 360.0000000005821
19/07/2026 11:40:40.087 AM,gcode,gcode_generation,INFO,GCodeGeneratedEvent,stl_path: D:\UFAMeasy_Workspace\UFAMeasy\slice\demoo11\slice_3\layer_50.stl | gcode_path: D:\UFAMeasy_Workspace\UFAMeasy\slice\demoo11\slice_3\layer_50.nc | config_path: D:\UFAMeasy_Workspace\UFAMeasy\slice\demoo11\slice_3\layer_50.ini | z_offset: 12.899999999999983 | duration_ms: 311.99999999807915
19/07/2026 11:40:40.087 AM,gcode,gcode_generation,INFO,GCodeGeneratedEvent,stl_path: D:\UFAMeasy_Workspace\UFAMeasy\slice\demoo11\slice_3\layer_50.stl | gcode_path: D:\UFAMeasy_Workspace\UFAMeasy\slice\demoo11\slice_3\layer_50.nc | config_path: D:\UFAMeasy_Workspace\UFAMeasy\slice\demoo11\slice_3\layer_50.ini | z_offset: 12.899999999999983 | duration_ms: 311.99999999807915
19/07/2026 11:40:40.434 AM,gcode,gcode_generation,INFO,GCodeGeneratedEvent,stl_path: D:\UFAMeasy_Workspace\UFAMeasy\slice\demoo11\slice_3\layer_51.stl | gcode_path: D:\UFAMeasy_Workspace\UFAMeasy\slice\demoo11\slice_3\layer_51.nc | config_path: D:\UFAMeasy_Workspace\UFAMeasy\slice\demoo11\slice_3\layer_51.ini | z_offset: 12.999999999999982 | duration_ms: 343.99999999732245
19/07/2026 11:40:40.434 AM,gcode,gcode_generation,INFO,GCodeGeneratedEvent,stl_path: D:\UFAMeasy_Workspace\UFAMeasy\slice\demoo11\slice_3\layer_51.stl | gcode_path: D:\UFAMeasy_Workspace\UFAMeasy\slice\demoo11\slice_3\layer_51.nc | config_path: D:\UFAMeasy_Workspace\UFAMeasy\slice\demoo11\slice_3\layer_51.ini | z_offset: 12.999999999999982 | duration_ms: 343.99999999732245
19/07/2026 11:40:40.851 AM,gcode,gcode_generation,INFO,GCodeGeneratedEvent,stl_path: D:\UFAMeasy_Workspace\UFAMeasy\slice\demoo11\slice_3\layer_52.stl | gcode_path: D:\UFAMeasy_Workspace\UFAMeasy\slice\demoo11\slice_3\layer_52.nc | config_path: D:\UFAMeasy_Workspace\UFAMeasy\slice\demoo11\slice_3\layer_52.ini | z_offset: 13.099999999999982 | duration_ms: 421.9999999986612
19/07/2026 11:40:40.851 AM,gcode,gcode_generation,INFO,GCodeGeneratedEvent,stl_path: D:\UFAMeasy_Workspace\UFAMeasy\slice\demoo11\slice_3\layer_52.stl | gcode_path: D:\UFAMeasy_Workspace\UFAMeasy\slice\demoo11\slice_3\layer_52.nc | config_path: D:\UFAMeasy_Workspace\UFAMeasy\slice\demoo11\slice_3\layer_52.ini | z_offset: 13.099999999999982 | duration_ms: 421.9999999986612
19/07/2026 11:40:41.191 AM,gcode,gcode_generation,INFO,GCodeGeneratedEvent,stl_path: D:\UFAMeasy_Workspace\UFAMeasy\slice\demoo11\slice_3\layer_53.stl | gcode_path: D:\UFAMeasy_Workspace\UFAMeasy\slice\demoo11\slice_3\layer_53.nc | config_path: D:\UFAMeasy_Workspace\UFAMeasy\slice\demoo11\slice_3\layer_53.ini | z_offset: 13.199999999999982 | duration_ms: 344.0000000045984
19/07/2026 11:40:41.191 AM,gcode,gcode_generation,INFO,GCodeGeneratedEvent,stl_path: D:\UFAMeasy_Workspace\UFAMeasy\slice\demoo11\slice_3\layer_53.stl | gcode_path: D:\UFAMeasy_Workspace\UFAMeasy\slice\demoo11\slice_3\layer_53.nc | config_path: D:\UFAMeasy_Workspace\UFAMeasy\slice\demoo11\slice_3\layer_53.ini | z_offset: 13.199999999999982 | duration_ms: 344.0000000045984
19/07/2026 11:40:41.500 AM,gcode,gcode_generation,INFO,GCodeGeneratedEvent,stl_path: D:\UFAMeasy_Workspace\UFAMeasy\slice\demoo11\slice_3\layer_54.stl | gcode_path: D:\UFAMeasy_Workspace\UFAMeasy\slice\demoo11\slice_3\layer_54.nc | config_path: D:\UFAMeasy_Workspace\UFAMeasy\slice\demoo11\slice_3\layer_54.ini | z_offset: 13.299999999999981 | duration_ms: 296.9999999986612
19/07/2026 11:40:41.500 AM,gcode,gcode_generation,INFO,GCodeGeneratedEvent,stl_path: D:\UFAMeasy_Workspace\UFAMeasy\slice\demoo11\slice_3\layer_54.stl | gcode_path: D:\UFAMeasy_Workspace\UFAMeasy\slice\demoo11\slice_3\layer_54.nc | config_path: D:\UFAMeasy_Workspace\UFAMeasy\slice\demoo11\slice_3\layer_54.ini | z_offset: 13.299999999999981 | duration_ms: 296.9999999986612
19/07/2026 11:40:41.782 AM,gcode,gcode_generation,INFO,GCodeGeneratedEvent,stl_path: D:\UFAMeasy_Workspace\UFAMeasy\slice\demoo11\slice_3\layer_55.stl | gcode_path: D:\UFAMeasy_Workspace\UFAMeasy\slice\demoo11\slice_3\layer_55.nc | config_path: D:\UFAMeasy_Workspace\UFAMeasy\slice\demoo11\slice_3\layer_55.ini | z_offset: 13.39999999999998 | duration_ms: 281.00000000267755
19/07/2026 11:40:41.782 AM,gcode,gcode_generation,INFO,GCodeGeneratedEvent,stl_path: D:\UFAMeasy_Workspace\UFAMeasy\slice\demoo11\slice_3\layer_55.stl | gcode_path: D:\UFAMeasy_Workspace\UFAMeasy\slice\demoo11\slice_3\layer_55.nc | config_path: D:\UFAMeasy_Workspace\UFAMeasy\slice\demoo11\slice_3\layer_55.ini | z_offset: 13.39999999999998 | duration_ms: 281.00000000267755
19/07/2026 11:40:42.094 AM,gcode,gcode_generation,INFO,GCodeGeneratedEvent,stl_path: D:\UFAMeasy_Workspace\UFAMeasy\slice\demoo11\slice_3\layer_56.stl | gcode_path: D:\UFAMeasy_Workspace\UFAMeasy\slice\demoo11\slice_3\layer_56.nc | config_path: D:\UFAMeasy_Workspace\UFAMeasy\slice\demoo11\slice_3\layer_56.ini | z_offset: 13.49999999999998 | duration_ms: 311.99999999807915
19/07/2026 11:40:42.094 AM,gcode,gcode_generation,INFO,GCodeGeneratedEvent,stl_path: D:\UFAMeasy_Workspace\UFAMeasy\slice\demoo11\slice_3\layer_56.stl | gcode_path: D:\UFAMeasy_Workspace\UFAMeasy\slice\demoo11\slice_3\layer_56.nc | config_path: D:\UFAMeasy_Workspace\UFAMeasy\slice\demoo11\slice_3\layer_56.ini | z_offset: 13.49999999999998 | duration_ms: 311.99999999807915
19/07/2026 11:40:42.467 AM,gcode,gcode_generation,INFO,GCodeGeneratedEvent,stl_path: D:\UFAMeasy_Workspace\UFAMeasy\slice\demoo11\slice_3\layer_57.stl | gcode_path: D:\UFAMeasy_Workspace\UFAMeasy\slice\demoo11\slice_3\layer_57.nc | config_path: D:\UFAMeasy_Workspace\UFAMeasy\slice\demoo11\slice_3\layer_57.ini | z_offset: 13.59999999999998 | duration_ms: 375.0
19/07/2026 11:40:42.467 AM,gcode,gcode_generation,INFO,GCodeGeneratedEvent,stl_path: D:\UFAMeasy_Workspace\UFAMeasy\slice\demoo11\slice_3\layer_57.stl | gcode_path: D:\UFAMeasy_Workspace\UFAMeasy\slice\demoo11\slice_3\layer_57.nc | config_path: D:\UFAMeasy_Workspace\UFAMeasy\slice\demoo11\slice_3\layer_57.ini | z_offset: 13.59999999999998 | duration_ms: 375.0
19/07/2026 11:40:42.801 AM,gcode,gcode_generation,INFO,GCodeGeneratedEvent,stl_path: D:\UFAMeasy_Workspace\UFAMeasy\slice\demoo11\slice_3\layer_58.stl | gcode_path: D:\UFAMeasy_Workspace\UFAMeasy\slice\demoo11\slice_3\layer_58.nc | config_path: D:\UFAMeasy_Workspace\UFAMeasy\slice\demoo11\slice_3\layer_58.ini | z_offset: 13.69999999999998 | duration_ms: 343.99999999732245
19/07/2026 11:40:42.801 AM,gcode,gcode_generation,INFO,GCodeGeneratedEvent,stl_path: D:\UFAMeasy_Workspace\UFAMeasy\slice\demoo11\slice_3\layer_58.stl | gcode_path: D:\UFAMeasy_Workspace\UFAMeasy\slice\demoo11\slice_3\layer_58.nc | config_path: D:\UFAMeasy_Workspace\UFAMeasy\slice\demoo11\slice_3\layer_58.ini | z_offset: 13.69999999999998 | duration_ms: 343.99999999732245
19/07/2026 11:40:43.119 AM,gcode,gcode_generation,INFO,GCodeGeneratedEvent,stl_path: D:\UFAMeasy_Workspace\UFAMeasy\slice\demoo11\slice_3\layer_59.stl | gcode_path: D:\UFAMeasy_Workspace\UFAMeasy\slice\demoo11\slice_3\layer_59.nc | config_path: D:\UFAMeasy_Workspace\UFAMeasy\slice\demoo11\slice_3\layer_59.ini | z_offset: 13.79999999999998 | duration_ms: 313.00000000192085
19/07/2026 11:40:43.119 AM,gcode,gcode_generation,INFO,GCodeGeneratedEvent,stl_path: D:\UFAMeasy_Workspace\UFAMeasy\slice\demoo11\slice_3\layer_59.stl | gcode_path: D:\UFAMeasy_Workspace\UFAMeasy\slice\demoo11\slice_3\layer_59.nc | config_path: D:\UFAMeasy_Workspace\UFAMeasy\slice\demoo11\slice_3\layer_59.ini | z_offset: 13.79999999999998 | duration_ms: 313.00000000192085
19/07/2026 11:40:43.491 AM,gcode,gcode_generation,INFO,GCodeGeneratedEvent,stl_path: D:\UFAMeasy_Workspace\UFAMeasy\slice\demoo11\slice_3\layer_60.stl | gcode_path: D:\UFAMeasy_Workspace\UFAMeasy\slice\demoo11\slice_3\layer_60.nc | config_path: D:\UFAMeasy_Workspace\UFAMeasy\slice\demoo11\slice_3\layer_60.ini | z_offset: 13.899999999999979 | duration_ms: 375.0
19/07/2026 11:40:43.491 AM,gcode,gcode_generation,INFO,GCodeGeneratedEvent,stl_path: D:\UFAMeasy_Workspace\UFAMeasy\slice\demoo11\slice_3\layer_60.stl | gcode_path: D:\UFAMeasy_Workspace\UFAMeasy\slice\demoo11\slice_3\layer_60.nc | config_path: D:\UFAMeasy_Workspace\UFAMeasy\slice\demoo11\slice_3\layer_60.ini | z_offset: 13.899999999999979 | duration_ms: 375.0
19/07/2026 11:40:43.820 AM,gcode,gcode_generation,INFO,GCodeGeneratedEvent,stl_path: D:\UFAMeasy_Workspace\UFAMeasy\slice\demoo11\slice_3\layer_61.stl | gcode_path: D:\UFAMeasy_Workspace\UFAMeasy\slice\demoo11\slice_3\layer_61.nc | config_path: D:\UFAMeasy_Workspace\UFAMeasy\slice\demoo11\slice_3\layer_61.ini | z_offset: 13.999999999999979 | duration_ms: 328.0000000013388
19/07/2026 11:40:43.820 AM,gcode,gcode_generation,INFO,GCodeGeneratedEvent,stl_path: D:\UFAMeasy_Workspace\UFAMeasy\slice\demoo11\slice_3\layer_61.stl | gcode_path: D:\UFAMeasy_Workspace\UFAMeasy\slice\demoo11\slice_3\layer_61.nc | config_path: D:\UFAMeasy_Workspace\UFAMeasy\slice\demoo11\slice_3\layer_61.ini | z_offset: 13.999999999999979 | duration_ms: 328.0000000013388
19/07/2026 11:40:44.159 AM,gcode,gcode_generation,INFO,GCodeGeneratedEvent,stl_path: D:\UFAMeasy_Workspace\UFAMeasy\slice\demoo11\slice_3\layer_62.stl | gcode_path: D:\UFAMeasy_Workspace\UFAMeasy\slice\demoo11\slice_3\layer_62.nc | config_path: D:\UFAMeasy_Workspace\UFAMeasy\slice\demoo11\slice_3\layer_62.ini | z_offset: 14.099999999999978 | duration_ms: 343.0000000007567
19/07/2026 11:40:44.159 AM,gcode,gcode_generation,INFO,GCodeGeneratedEvent,stl_path: D:\UFAMeasy_Workspace\UFAMeasy\slice\demoo11\slice_3\layer_62.stl | gcode_path: D:\UFAMeasy_Workspace\UFAMeasy\slice\demoo11\slice_3\layer_62.nc | config_path: D:\UFAMeasy_Workspace\UFAMeasy\slice\demoo11\slice_3\layer_62.ini | z_offset: 14.099999999999978 | duration_ms: 343.0000000007567
19/07/2026 11:40:44.499 AM,gcode,gcode_generation,INFO,GCodeGeneratedEvent,stl_path: D:\UFAMeasy_Workspace\UFAMeasy\slice\demoo11\slice_3\layer_63.stl | gcode_path: D:\UFAMeasy_Workspace\UFAMeasy\slice\demoo11\slice_3\layer_63.nc | config_path: D:\UFAMeasy_Workspace\UFAMeasy\slice\demoo11\slice_3\layer_63.ini | z_offset: 14.199999999999978 | duration_ms: 328.9999999979045
19/07/2026 11:40:44.499 AM,gcode,gcode_generation,INFO,GCodeGeneratedEvent,stl_path: D:\UFAMeasy_Workspace\UFAMeasy\slice\demoo11\slice_3\layer_63.stl | gcode_path: D:\UFAMeasy_Workspace\UFAMeasy\slice\demoo11\slice_3\layer_63.nc | config_path: D:\UFAMeasy_Workspace\UFAMeasy\slice\demoo11\slice_3\layer_63.ini | z_offset: 14.199999999999978 | duration_ms: 328.9999999979045
19/07/2026 11:40:44.893 AM,gcode,gcode_generation,INFO,GCodeGeneratedEvent,stl_path: D:\UFAMeasy_Workspace\UFAMeasy\slice\demoo11\slice_3\layer_64.stl | gcode_path: D:\UFAMeasy_Workspace\UFAMeasy\slice\demoo11\slice_3\layer_64.nc | config_path: D:\UFAMeasy_Workspace\UFAMeasy\slice\demoo11\slice_3\layer_64.ini | z_offset: 14.299999999999978 | duration_ms: 406.00000000267755
19/07/2026 11:40:44.893 AM,gcode,gcode_generation,INFO,GCodeGeneratedEvent,stl_path: D:\UFAMeasy_Workspace\UFAMeasy\slice\demoo11\slice_3\layer_64.stl | gcode_path: D:\UFAMeasy_Workspace\UFAMeasy\slice\demoo11\slice_3\layer_64.nc | config_path: D:\UFAMeasy_Workspace\UFAMeasy\slice\demoo11\slice_3\layer_64.ini | z_offset: 14.299999999999978 | duration_ms: 406.00000000267755
19/07/2026 11:40:45.201 AM,gcode,gcode_generation,INFO,GCodeGeneratedEvent,stl_path: D:\UFAMeasy_Workspace\UFAMeasy\slice\demoo11\slice_3\layer_65.stl | gcode_path: D:\UFAMeasy_Workspace\UFAMeasy\slice\demoo11\slice_3\layer_65.nc | config_path: D:\UFAMeasy_Workspace\UFAMeasy\slice\demoo11\slice_3\layer_65.ini | z_offset: 14.399999999999977 | duration_ms: 296.9999999986612
19/07/2026 11:40:45.201 AM,gcode,gcode_generation,INFO,GCodeGeneratedEvent,stl_path: D:\UFAMeasy_Workspace\UFAMeasy\slice\demoo11\slice_3\layer_65.stl | gcode_path: D:\UFAMeasy_Workspace\UFAMeasy\slice\demoo11\slice_3\layer_65.nc | config_path: D:\UFAMeasy_Workspace\UFAMeasy\slice\demoo11\slice_3\layer_65.ini | z_offset: 14.399999999999977 | duration_ms: 296.9999999986612
19/07/2026 11:40:45.523 AM,gcode,gcode_generation,INFO,GCodeGeneratedEvent,stl_path: D:\UFAMeasy_Workspace\UFAMeasy\slice\demoo11\slice_3\layer_66.stl | gcode_path: D:\UFAMeasy_Workspace\UFAMeasy\slice\demoo11\slice_3\layer_66.nc | config_path: D:\UFAMeasy_Workspace\UFAMeasy\slice\demoo11\slice_3\layer_66.ini | z_offset: 14.499999999999977 | duration_ms: 328.0000000013388
19/07/2026 11:40:45.523 AM,gcode,gcode_generation,INFO,GCodeGeneratedEvent,stl_path: D:\UFAMeasy_Workspace\UFAMeasy\slice\demoo11\slice_3\layer_66.stl | gcode_path: D:\UFAMeasy_Workspace\UFAMeasy\slice\demoo11\slice_3\layer_66.nc | config_path: D:\UFAMeasy_Workspace\UFAMeasy\slice\demoo11\slice_3\layer_66.ini | z_offset: 14.499999999999977 | duration_ms: 328.0000000013388
19/07/2026 11:40:45.874 AM,gcode,gcode_generation,INFO,GCodeGeneratedEvent,stl_path: D:\UFAMeasy_Workspace\UFAMeasy\slice\demoo11\slice_3\layer_67.stl | gcode_path: D:\UFAMeasy_Workspace\UFAMeasy\slice\demoo11\slice_3\layer_67.nc | config_path: D:\UFAMeasy_Workspace\UFAMeasy\slice\demoo11\slice_3\layer_67.ini | z_offset: 14.599999999999977 | duration_ms: 343.99999999732245
19/07/2026 11:40:45.874 AM,gcode,gcode_generation,INFO,GCodeGeneratedEvent,stl_path: D:\UFAMeasy_Workspace\UFAMeasy\slice\demoo11\slice_3\layer_67.stl | gcode_path: D:\UFAMeasy_Workspace\UFAMeasy\slice\demoo11\slice_3\layer_67.nc | config_path: D:\UFAMeasy_Workspace\UFAMeasy\slice\demoo11\slice_3\layer_67.ini | z_offset: 14.599999999999977 | duration_ms: 343.99999999732245
19/07/2026 11:40:46.196 AM,gcode,gcode_generation,INFO,GCodeGeneratedEvent,stl_path: D:\UFAMeasy_Workspace\UFAMeasy\slice\demoo11\slice_3\layer_68.stl | gcode_path: D:\UFAMeasy_Workspace\UFAMeasy\slice\demoo11\slice_3\layer_68.nc | config_path: D:\UFAMeasy_Workspace\UFAMeasy\slice\demoo11\slice_3\layer_68.ini | z_offset: 14.699999999999976 | duration_ms: 328.0000000013388
19/07/2026 11:40:46.196 AM,gcode,gcode_generation,INFO,GCodeGeneratedEvent,stl_path: D:\UFAMeasy_Workspace\UFAMeasy\slice\demoo11\slice_3\layer_68.stl | gcode_path: D:\UFAMeasy_Workspace\UFAMeasy\slice\demoo11\slice_3\layer_68.nc | config_path: D:\UFAMeasy_Workspace\UFAMeasy\slice\demoo11\slice_3\layer_68.ini | z_offset: 14.699999999999976 | duration_ms: 328.0000000013388
19/07/2026 11:40:46.530 AM,gcode,gcode_generation,INFO,GCodeGeneratedEvent,stl_path: D:\UFAMeasy_Workspace\UFAMeasy\slice\demoo11\slice_3\layer_69.stl | gcode_path: D:\UFAMeasy_Workspace\UFAMeasy\slice\demoo11\slice_3\layer_69.nc | config_path: D:\UFAMeasy_Workspace\UFAMeasy\slice\demoo11\slice_3\layer_69.ini | z_offset: 14.799999999999976 | duration_ms: 328.0000000013388
19/07/2026 11:40:46.530 AM,gcode,gcode_generation,INFO,GCodeGeneratedEvent,stl_path: D:\UFAMeasy_Workspace\UFAMeasy\slice\demoo11\slice_3\layer_69.stl | gcode_path: D:\UFAMeasy_Workspace\UFAMeasy\slice\demoo11\slice_3\layer_69.nc | config_path: D:\UFAMeasy_Workspace\UFAMeasy\slice\demoo11\slice_3\layer_69.ini | z_offset: 14.799999999999976 | duration_ms: 328.0000000013388
19/07/2026 11:40:46.914 AM,gcode,gcode_generation,INFO,GCodeGeneratedEvent,stl_path: D:\UFAMeasy_Workspace\UFAMeasy\slice\demoo11\slice_3\layer_70.stl | gcode_path: D:\UFAMeasy_Workspace\UFAMeasy\slice\demoo11\slice_3\layer_70.nc | config_path: D:\UFAMeasy_Workspace\UFAMeasy\slice\demoo11\slice_3\layer_70.ini | z_offset: 14.899999999999975 | duration_ms: 389.9999999994179
19/07/2026 11:40:46.914 AM,gcode,gcode_generation,INFO,GCodeGeneratedEvent,stl_path: D:\UFAMeasy_Workspace\UFAMeasy\slice\demoo11\slice_3\layer_70.stl | gcode_path: D:\UFAMeasy_Workspace\UFAMeasy\slice\demoo11\slice_3\layer_70.nc | config_path: D:\UFAMeasy_Workspace\UFAMeasy\slice\demoo11\slice_3\layer_70.ini | z_offset: 14.899999999999975 | duration_ms: 389.9999999994179
19/07/2026 11:40:47.313 AM,gcode,gcode_generation,INFO,GCodeGeneratedEvent,stl_path: D:\UFAMeasy_Workspace\UFAMeasy\slice\demoo11\slice_3\layer_71.stl | gcode_path: D:\UFAMeasy_Workspace\UFAMeasy\slice\demoo11\slice_3\layer_71.nc | config_path: D:\UFAMeasy_Workspace\UFAMeasy\slice\demoo11\slice_3\layer_71.ini | z_offset: 14.999999999999975 | duration_ms: 390.99999999598367
19/07/2026 11:40:47.313 AM,gcode,gcode_generation,INFO,GCodeGeneratedEvent,stl_path: D:\UFAMeasy_Workspace\UFAMeasy\slice\demoo11\slice_3\layer_71.stl | gcode_path: D:\UFAMeasy_Workspace\UFAMeasy\slice\demoo11\slice_3\layer_71.nc | config_path: D:\UFAMeasy_Workspace\UFAMeasy\slice\demoo11\slice_3\layer_71.ini | z_offset: 14.999999999999975 | duration_ms: 390.99999999598367
19/07/2026 11:40:47.635 AM,gcode,gcode_generation,INFO,GCodeGeneratedEvent,stl_path: D:\UFAMeasy_Workspace\UFAMeasy\slice\demoo11\slice_3\layer_72.stl | gcode_path: D:\UFAMeasy_Workspace\UFAMeasy\slice\demoo11\slice_3\layer_72.nc | config_path: D:\UFAMeasy_Workspace\UFAMeasy\slice\demoo11\slice_3\layer_72.ini | z_offset: 15.099999999999975 | duration_ms: 311.99999999807915
19/07/2026 11:40:47.635 AM,gcode,gcode_generation,INFO,GCodeGeneratedEvent,stl_path: D:\UFAMeasy_Workspace\UFAMeasy\slice\demoo11\slice_3\layer_72.stl | gcode_path: D:\UFAMeasy_Workspace\UFAMeasy\slice\demoo11\slice_3\layer_72.nc | config_path: D:\UFAMeasy_Workspace\UFAMeasy\slice\demoo11\slice_3\layer_72.ini | z_offset: 15.099999999999975 | duration_ms: 311.99999999807915
19/07/2026 11:40:47.935 AM,gcode,gcode_generation,INFO,GCodeGeneratedEvent,stl_path: D:\UFAMeasy_Workspace\UFAMeasy\slice\demoo11\slice_3\layer_73.stl | gcode_path: D:\UFAMeasy_Workspace\UFAMeasy\slice\demoo11\slice_3\layer_73.nc | config_path: D:\UFAMeasy_Workspace\UFAMeasy\slice\demoo11\slice_3\layer_73.ini | z_offset: 15.199999999999974 | duration_ms: 296.9999999986612
19/07/2026 11:40:47.935 AM,gcode,gcode_generation,INFO,GCodeGeneratedEvent,stl_path: D:\UFAMeasy_Workspace\UFAMeasy\slice\demoo11\slice_3\layer_73.stl | gcode_path: D:\UFAMeasy_Workspace\UFAMeasy\slice\demoo11\slice_3\layer_73.nc | config_path: D:\UFAMeasy_Workspace\UFAMeasy\slice\demoo11\slice_3\layer_73.ini | z_offset: 15.199999999999974 | duration_ms: 296.9999999986612
19/07/2026 11:40:48.287 AM,gcode,gcode_generation,INFO,GCodeGeneratedEvent,stl_path: D:\UFAMeasy_Workspace\UFAMeasy\slice\demoo11\slice_3\layer_74.stl | gcode_path: D:\UFAMeasy_Workspace\UFAMeasy\slice\demoo11\slice_3\layer_74.nc | config_path: D:\UFAMeasy_Workspace\UFAMeasy\slice\demoo11\slice_3\layer_74.ini | z_offset: 15.299999999999974 | duration_ms: 359.00000000401633
19/07/2026 11:40:48.287 AM,gcode,gcode_generation,INFO,GCodeGeneratedEvent,stl_path: D:\UFAMeasy_Workspace\UFAMeasy\slice\demoo11\slice_3\layer_74.stl | gcode_path: D:\UFAMeasy_Workspace\UFAMeasy\slice\demoo11\slice_3\layer_74.nc | config_path: D:\UFAMeasy_Workspace\UFAMeasy\slice\demoo11\slice_3\layer_74.ini | z_offset: 15.299999999999974 | duration_ms: 359.00000000401633
19/07/2026 11:40:48.629 AM,gcode,gcode_generation,INFO,GCodeGeneratedEvent,stl_path: D:\UFAMeasy_Workspace\UFAMeasy\slice\demoo11\slice_3\layer_75.stl | gcode_path: D:\UFAMeasy_Workspace\UFAMeasy\slice\demoo11\slice_3\layer_75.nc | config_path: D:\UFAMeasy_Workspace\UFAMeasy\slice\demoo11\slice_3\layer_75.ini | z_offset: 15.399999999999974 | duration_ms: 343.99999999732245
19/07/2026 11:40:48.629 AM,gcode,gcode_generation,INFO,GCodeGeneratedEvent,stl_path: D:\UFAMeasy_Workspace\UFAMeasy\slice\demoo11\slice_3\layer_75.stl | gcode_path: D:\UFAMeasy_Workspace\UFAMeasy\slice\demoo11\slice_3\layer_75.nc | config_path: D:\UFAMeasy_Workspace\UFAMeasy\slice\demoo11\slice_3\layer_75.ini | z_offset: 15.399999999999974 | duration_ms: 343.99999999732245
19/07/2026 11:40:48.969 AM,gcode,gcode_generation,INFO,GCodeGeneratedEvent,stl_path: D:\UFAMeasy_Workspace\UFAMeasy\slice\demoo11\slice_3\layer_76.stl | gcode_path: D:\UFAMeasy_Workspace\UFAMeasy\slice\demoo11\slice_3\layer_76.nc | config_path: D:\UFAMeasy_Workspace\UFAMeasy\slice\demoo11\slice_3\layer_76.ini | z_offset: 15.499999999999973 | duration_ms: 328.0000000013388
19/07/2026 11:40:48.969 AM,gcode,gcode_generation,INFO,GCodeGeneratedEvent,stl_path: D:\UFAMeasy_Workspace\UFAMeasy\slice\demoo11\slice_3\layer_76.stl | gcode_path: D:\UFAMeasy_Workspace\UFAMeasy\slice\demoo11\slice_3\layer_76.nc | config_path: D:\UFAMeasy_Workspace\UFAMeasy\slice\demoo11\slice_3\layer_76.ini | z_offset: 15.499999999999973 | duration_ms: 328.0000000013388
19/07/2026 11:40:49.301 AM,gcode,gcode_generation,INFO,GCodeGeneratedEvent,stl_path: D:\UFAMeasy_Workspace\UFAMeasy\slice\demoo11\slice_3\layer_77.stl | gcode_path: D:\UFAMeasy_Workspace\UFAMeasy\slice\demoo11\slice_3\layer_77.nc | config_path: D:\UFAMeasy_Workspace\UFAMeasy\slice\demoo11\slice_3\layer_77.ini | z_offset: 15.599999999999973 | duration_ms: 343.99999999732245
19/07/2026 11:40:49.301 AM,gcode,gcode_generation,INFO,GCodeGeneratedEvent,stl_path: D:\UFAMeasy_Workspace\UFAMeasy\slice\demoo11\slice_3\layer_77.stl | gcode_path: D:\UFAMeasy_Workspace\UFAMeasy\slice\demoo11\slice_3\layer_77.nc | config_path: D:\UFAMeasy_Workspace\UFAMeasy\slice\demoo11\slice_3\layer_77.ini | z_offset: 15.599999999999973 | duration_ms: 343.99999999732245
19/07/2026 11:40:49.676 AM,gcode,gcode_generation,INFO,GCodeGeneratedEvent,stl_path: D:\UFAMeasy_Workspace\UFAMeasy\slice\demoo11\slice_3\layer_78.stl | gcode_path: D:\UFAMeasy_Workspace\UFAMeasy\slice\demoo11\slice_3\layer_78.nc | config_path: D:\UFAMeasy_Workspace\UFAMeasy\slice\demoo11\slice_3\layer_78.ini | z_offset: 15.699999999999973 | duration_ms: 375.0
19/07/2026 11:40:49.676 AM,gcode,gcode_generation,INFO,GCodeGeneratedEvent,stl_path: D:\UFAMeasy_Workspace\UFAMeasy\slice\demoo11\slice_3\layer_78.stl | gcode_path: D:\UFAMeasy_Workspace\UFAMeasy\slice\demoo11\slice_3\layer_78.nc | config_path: D:\UFAMeasy_Workspace\UFAMeasy\slice\demoo11\slice_3\layer_78.ini | z_offset: 15.699999999999973 | duration_ms: 375.0
19/07/2026 11:40:50.023 AM,gcode,gcode_generation,INFO,GCodeGeneratedEvent,stl_path: D:\UFAMeasy_Workspace\UFAMeasy\slice\demoo11\slice_3\layer_79.stl | gcode_path: D:\UFAMeasy_Workspace\UFAMeasy\slice\demoo11\slice_3\layer_79.nc | config_path: D:\UFAMeasy_Workspace\UFAMeasy\slice\demoo11\slice_3\layer_79.ini | z_offset: 15.799999999999972 | duration_ms: 344.0000000045984
19/07/2026 11:40:50.023 AM,gcode,gcode_generation,INFO,GCodeGeneratedEvent,stl_path: D:\UFAMeasy_Workspace\UFAMeasy\slice\demoo11\slice_3\layer_79.stl | gcode_path: D:\UFAMeasy_Workspace\UFAMeasy\slice\demoo11\slice_3\layer_79.nc | config_path: D:\UFAMeasy_Workspace\UFAMeasy\slice\demoo11\slice_3\layer_79.ini | z_offset: 15.799999999999972 | duration_ms: 344.0000000045984
19/07/2026 11:40:50.393 AM,gcode,gcode_generation,INFO,GCodeGeneratedEvent,stl_path: D:\UFAMeasy_Workspace\UFAMeasy\slice\demoo11\slice_3\layer_80.stl | gcode_path: D:\UFAMeasy_Workspace\UFAMeasy\slice\demoo11\slice_3\layer_80.nc | config_path: D:\UFAMeasy_Workspace\UFAMeasy\slice\demoo11\slice_3\layer_80.ini | z_offset: 15.899999999999972 | duration_ms: 375.0
19/07/2026 11:40:50.393 AM,gcode,gcode_generation,INFO,GCodeGeneratedEvent,stl_path: D:\UFAMeasy_Workspace\UFAMeasy\slice\demoo11\slice_3\layer_80.stl | gcode_path: D:\UFAMeasy_Workspace\UFAMeasy\slice\demoo11\slice_3\layer_80.nc | config_path: D:\UFAMeasy_Workspace\UFAMeasy\slice\demoo11\slice_3\layer_80.ini | z_offset: 15.899999999999972 | duration_ms: 375.0
19/07/2026 11:40:50.738 AM,gcode,gcode_generation,INFO,GCodeGeneratedEvent,stl_path: D:\UFAMeasy_Workspace\UFAMeasy\slice\demoo11\slice_3\layer_81.stl | gcode_path: D:\UFAMeasy_Workspace\UFAMeasy\slice\demoo11\slice_3\layer_81.nc | config_path: D:\UFAMeasy_Workspace\UFAMeasy\slice\demoo11\slice_3\layer_81.ini | z_offset: 15.999999999999972 | duration_ms: 343.99999999732245
19/07/2026 11:40:50.738 AM,gcode,gcode_generation,INFO,GCodeGeneratedEvent,stl_path: D:\UFAMeasy_Workspace\UFAMeasy\slice\demoo11\slice_3\layer_81.stl | gcode_path: D:\UFAMeasy_Workspace\UFAMeasy\slice\demoo11\slice_3\layer_81.nc | config_path: D:\UFAMeasy_Workspace\UFAMeasy\slice\demoo11\slice_3\layer_81.ini | z_offset: 15.999999999999972 | duration_ms: 343.99999999732245
19/07/2026 11:40:51.109 AM,gcode,gcode_generation,INFO,GCodeGeneratedEvent,stl_path: D:\UFAMeasy_Workspace\UFAMeasy\slice\demoo11\slice_3\layer_82.stl | gcode_path: D:\UFAMeasy_Workspace\UFAMeasy\slice\demoo11\slice_3\layer_82.nc | config_path: D:\UFAMeasy_Workspace\UFAMeasy\slice\demoo11\slice_3\layer_82.ini | z_offset: 16.099999999999973 | duration_ms: 358.99999999674037
19/07/2026 11:40:51.109 AM,gcode,gcode_generation,INFO,GCodeGeneratedEvent,stl_path: D:\UFAMeasy_Workspace\UFAMeasy\slice\demoo11\slice_3\layer_82.stl | gcode_path: D:\UFAMeasy_Workspace\UFAMeasy\slice\demoo11\slice_3\layer_82.nc | config_path: D:\UFAMeasy_Workspace\UFAMeasy\slice\demoo11\slice_3\layer_82.ini | z_offset: 16.099999999999973 | duration_ms: 358.99999999674037
19/07/2026 11:40:51.415 AM,gcode,gcode_generation,INFO,GCodeGeneratedEvent,stl_path: D:\UFAMeasy_Workspace\UFAMeasy\slice\demoo11\slice_3\layer_83.stl | gcode_path: D:\UFAMeasy_Workspace\UFAMeasy\slice\demoo11\slice_3\layer_83.nc | config_path: D:\UFAMeasy_Workspace\UFAMeasy\slice\demoo11\slice_3\layer_83.ini | z_offset: 16.199999999999974 | duration_ms: 312.0000000053551
19/07/2026 11:40:51.415 AM,gcode,gcode_generation,INFO,GCodeGeneratedEvent,stl_path: D:\UFAMeasy_Workspace\UFAMeasy\slice\demoo11\slice_3\layer_83.stl | gcode_path: D:\UFAMeasy_Workspace\UFAMeasy\slice\demoo11\slice_3\layer_83.nc | config_path: D:\UFAMeasy_Workspace\UFAMeasy\slice\demoo11\slice_3\layer_83.ini | z_offset: 16.199999999999974 | duration_ms: 312.0000000053551
19/07/2026 11:40:51.777 AM,gcode,gcode_generation,INFO,GCodeGeneratedEvent,stl_path: D:\UFAMeasy_Workspace\UFAMeasy\slice\demoo11\slice_3\layer_84.stl | gcode_path: D:\UFAMeasy_Workspace\UFAMeasy\slice\demoo11\slice_3\layer_84.nc | config_path: D:\UFAMeasy_Workspace\UFAMeasy\slice\demoo11\slice_3\layer_84.ini | z_offset: 16.299999999999976 | duration_ms: 360.0000000005821
19/07/2026 11:40:51.777 AM,gcode,gcode_generation,INFO,GCodeGeneratedEvent,stl_path: D:\UFAMeasy_Workspace\UFAMeasy\slice\demoo11\slice_3\layer_84.stl | gcode_path: D:\UFAMeasy_Workspace\UFAMeasy\slice\demoo11\slice_3\layer_84.nc | config_path: D:\UFAMeasy_Workspace\UFAMeasy\slice\demoo11\slice_3\layer_84.ini | z_offset: 16.299999999999976 | duration_ms: 360.0000000005821
19/07/2026 11:40:52.088 AM,gcode,gcode_generation,INFO,GCodeGeneratedEvent,stl_path: D:\UFAMeasy_Workspace\UFAMeasy\slice\demoo11\slice_3\layer_85.stl | gcode_path: D:\UFAMeasy_Workspace\UFAMeasy\slice\demoo11\slice_3\layer_85.nc | config_path: D:\UFAMeasy_Workspace\UFAMeasy\slice\demoo11\slice_3\layer_85.ini | z_offset: 16.399999999999977 | duration_ms: 311.99999999807915
19/07/2026 11:40:52.088 AM,gcode,gcode_generation,INFO,GCodeGeneratedEvent,stl_path: D:\UFAMeasy_Workspace\UFAMeasy\slice\demoo11\slice_3\layer_85.stl | gcode_path: D:\UFAMeasy_Workspace\UFAMeasy\slice\demoo11\slice_3\layer_85.nc | config_path: D:\UFAMeasy_Workspace\UFAMeasy\slice\demoo11\slice_3\layer_85.ini | z_offset: 16.399999999999977 | duration_ms: 311.99999999807915
19/07/2026 11:40:52.472 AM,gcode,gcode_generation,INFO,GCodeGeneratedEvent,stl_path: D:\UFAMeasy_Workspace\UFAMeasy\slice\demoo11\slice_3\layer_86.stl | gcode_path: D:\UFAMeasy_Workspace\UFAMeasy\slice\demoo11\slice_3\layer_86.nc | config_path: D:\UFAMeasy_Workspace\UFAMeasy\slice\demoo11\slice_3\layer_86.ini | z_offset: 16.49999999999998 | duration_ms: 390.99999999598367
19/07/2026 11:40:52.472 AM,gcode,gcode_generation,INFO,GCodeGeneratedEvent,stl_path: D:\UFAMeasy_Workspace\UFAMeasy\slice\demoo11\slice_3\layer_86.stl | gcode_path: D:\UFAMeasy_Workspace\UFAMeasy\slice\demoo11\slice_3\layer_86.nc | config_path: D:\UFAMeasy_Workspace\UFAMeasy\slice\demoo11\slice_3\layer_86.ini | z_offset: 16.49999999999998 | duration_ms: 390.99999999598367
19/07/2026 11:40:52.843 AM,gcode,gcode_generation,INFO,GCodeGeneratedEvent,stl_path: D:\UFAMeasy_Workspace\UFAMeasy\slice\demoo11\slice_3\layer_87.stl | gcode_path: D:\UFAMeasy_Workspace\UFAMeasy\slice\demoo11\slice_3\layer_87.nc | config_path: D:\UFAMeasy_Workspace\UFAMeasy\slice\demoo11\slice_3\layer_87.ini | z_offset: 16.59999999999998 | duration_ms: 359.00000000401633
19/07/2026 11:40:52.843 AM,gcode,gcode_generation,INFO,GCodeGeneratedEvent,stl_path: D:\UFAMeasy_Workspace\UFAMeasy\slice\demoo11\slice_3\layer_87.stl | gcode_path: D:\UFAMeasy_Workspace\UFAMeasy\slice\demoo11\slice_3\layer_87.nc | config_path: D:\UFAMeasy_Workspace\UFAMeasy\slice\demoo11\slice_3\layer_87.ini | z_offset: 16.59999999999998 | duration_ms: 359.00000000401633
19/07/2026 11:40:53.199 AM,gcode,gcode_generation,INFO,GCodeGeneratedEvent,stl_path: D:\UFAMeasy_Workspace\UFAMeasy\slice\demoo11\slice_3\layer_88.stl | gcode_path: D:\UFAMeasy_Workspace\UFAMeasy\slice\demoo11\slice_3\layer_88.nc | config_path: D:\UFAMeasy_Workspace\UFAMeasy\slice\demoo11\slice_3\layer_88.ini | z_offset: 16.69999999999998 | duration_ms: 360.0000000005821
19/07/2026 11:40:53.199 AM,gcode,gcode_generation,INFO,GCodeGeneratedEvent,stl_path: D:\UFAMeasy_Workspace\UFAMeasy\slice\demoo11\slice_3\layer_88.stl | gcode_path: D:\UFAMeasy_Workspace\UFAMeasy\slice\demoo11\slice_3\layer_88.nc | config_path: D:\UFAMeasy_Workspace\UFAMeasy\slice\demoo11\slice_3\layer_88.ini | z_offset: 16.69999999999998 | duration_ms: 360.0000000005821
19/07/2026 11:40:53.560 AM,gcode,gcode_generation,INFO,GCodeGeneratedEvent,stl_path: D:\UFAMeasy_Workspace\UFAMeasy\slice\demoo11\slice_3\layer_89.stl | gcode_path: D:\UFAMeasy_Workspace\UFAMeasy\slice\demoo11\slice_3\layer_89.nc | config_path: D:\UFAMeasy_Workspace\UFAMeasy\slice\demoo11\slice_3\layer_89.ini | z_offset: 16.799999999999983 | duration_ms: 358.99999999674037
19/07/2026 11:40:53.560 AM,gcode,gcode_generation,INFO,GCodeGeneratedEvent,stl_path: D:\UFAMeasy_Workspace\UFAMeasy\slice\demoo11\slice_3\layer_89.stl | gcode_path: D:\UFAMeasy_Workspace\UFAMeasy\slice\demoo11\slice_3\layer_89.nc | config_path: D:\UFAMeasy_Workspace\UFAMeasy\slice\demoo11\slice_3\layer_89.ini | z_offset: 16.799999999999983 | duration_ms: 358.99999999674037
19/07/2026 11:40:53.889 AM,gcode,gcode_generation,INFO,GCodeGeneratedEvent,stl_path: D:\UFAMeasy_Workspace\UFAMeasy\slice\demoo11\slice_3\layer_90.stl | gcode_path: D:\UFAMeasy_Workspace\UFAMeasy\slice\demoo11\slice_3\layer_90.nc | config_path: D:\UFAMeasy_Workspace\UFAMeasy\slice\demoo11\slice_3\layer_90.ini | z_offset: 16.899999999999984 | duration_ms: 328.0000000013388
19/07/2026 11:40:53.889 AM,gcode,gcode_generation,INFO,GCodeGeneratedEvent,stl_path: D:\UFAMeasy_Workspace\UFAMeasy\slice\demoo11\slice_3\layer_90.stl | gcode_path: D:\UFAMeasy_Workspace\UFAMeasy\slice\demoo11\slice_3\layer_90.nc | config_path: D:\UFAMeasy_Workspace\UFAMeasy\slice\demoo11\slice_3\layer_90.ini | z_offset: 16.899999999999984 | duration_ms: 328.0000000013388
19/07/2026 11:40:54.223 AM,gcode,gcode_generation,INFO,GCodeGeneratedEvent,stl_path: D:\UFAMeasy_Workspace\UFAMeasy\slice\demoo11\slice_3\layer_91.stl | gcode_path: D:\UFAMeasy_Workspace\UFAMeasy\slice\demoo11\slice_3\layer_91.nc | config_path: D:\UFAMeasy_Workspace\UFAMeasy\slice\demoo11\slice_3\layer_91.ini | z_offset: 16.999999999999986 | duration_ms: 343.99999999732245
19/07/2026 11:40:54.223 AM,gcode,gcode_generation,INFO,GCodeGeneratedEvent,stl_path: D:\UFAMeasy_Workspace\UFAMeasy\slice\demoo11\slice_3\layer_91.stl | gcode_path: D:\UFAMeasy_Workspace\UFAMeasy\slice\demoo11\slice_3\layer_91.nc | config_path: D:\UFAMeasy_Workspace\UFAMeasy\slice\demoo11\slice_3\layer_91.ini | z_offset: 16.999999999999986 | duration_ms: 343.99999999732245
19/07/2026 11:40:54.533 AM,gcode,gcode_generation,INFO,GCodeGeneratedEvent,stl_path: D:\UFAMeasy_Workspace\UFAMeasy\slice\demoo11\slice_3\layer_92.stl | gcode_path: D:\UFAMeasy_Workspace\UFAMeasy\slice\demoo11\slice_3\layer_92.nc | config_path: D:\UFAMeasy_Workspace\UFAMeasy\slice\demoo11\slice_3\layer_92.ini | z_offset: 17.099999999999987 | duration_ms: 312.0000000053551
19/07/2026 11:40:54.533 AM,gcode,gcode_generation,INFO,GCodeGeneratedEvent,stl_path: D:\UFAMeasy_Workspace\UFAMeasy\slice\demoo11\slice_3\layer_92.stl | gcode_path: D:\UFAMeasy_Workspace\UFAMeasy\slice\demoo11\slice_3\layer_92.nc | config_path: D:\UFAMeasy_Workspace\UFAMeasy\slice\demoo11\slice_3\layer_92.ini | z_offset: 17.099999999999987 | duration_ms: 312.0000000053551
19/07/2026 11:40:54.894 AM,gcode,gcode_generation,INFO,GCodeGeneratedEvent,stl_path: D:\UFAMeasy_Workspace\UFAMeasy\slice\demoo11\slice_3\layer_93.stl | gcode_path: D:\UFAMeasy_Workspace\UFAMeasy\slice\demoo11\slice_3\layer_93.nc | config_path: D:\UFAMeasy_Workspace\UFAMeasy\slice\demoo11\slice_3\layer_93.ini | z_offset: 17.19999999999999 | duration_ms: 360.0000000005821
19/07/2026 11:40:54.894 AM,gcode,gcode_generation,INFO,GCodeGeneratedEvent,stl_path: D:\UFAMeasy_Workspace\UFAMeasy\slice\demoo11\slice_3\layer_93.stl | gcode_path: D:\UFAMeasy_Workspace\UFAMeasy\slice\demoo11\slice_3\layer_93.nc | config_path: D:\UFAMeasy_Workspace\UFAMeasy\slice\demoo11\slice_3\layer_93.ini | z_offset: 17.19999999999999 | duration_ms: 360.0000000005821
19/07/2026 11:40:55.227 AM,gcode,gcode_generation,INFO,GCodeGeneratedEvent,stl_path: D:\UFAMeasy_Workspace\UFAMeasy\slice\demoo11\slice_3\layer_94.stl | gcode_path: D:\UFAMeasy_Workspace\UFAMeasy\slice\demoo11\slice_3\layer_94.nc | config_path: D:\UFAMeasy_Workspace\UFAMeasy\slice\demoo11\slice_3\layer_94.ini | z_offset: 17.29999999999999 | duration_ms: 327.9999999940628
19/07/2026 11:40:55.227 AM,gcode,gcode_generation,INFO,GCodeGeneratedEvent,stl_path: D:\UFAMeasy_Workspace\UFAMeasy\slice\demoo11\slice_3\layer_94.stl | gcode_path: D:\UFAMeasy_Workspace\UFAMeasy\slice\demoo11\slice_3\layer_94.nc | config_path: D:\UFAMeasy_Workspace\UFAMeasy\slice\demoo11\slice_3\layer_94.ini | z_offset: 17.29999999999999 | duration_ms: 327.9999999940628
19/07/2026 11:40:55.579 AM,gcode,gcode_generation,INFO,GCodeGeneratedEvent,stl_path: D:\UFAMeasy_Workspace\UFAMeasy\slice\demoo11\slice_3\layer_95.stl | gcode_path: D:\UFAMeasy_Workspace\UFAMeasy\slice\demoo11\slice_3\layer_95.nc | config_path: D:\UFAMeasy_Workspace\UFAMeasy\slice\demoo11\slice_3\layer_95.ini | z_offset: 17.39999999999999 | duration_ms: 344.0000000045984
19/07/2026 11:40:55.579 AM,gcode,gcode_generation,INFO,GCodeGeneratedEvent,stl_path: D:\UFAMeasy_Workspace\UFAMeasy\slice\demoo11\slice_3\layer_95.stl | gcode_path: D:\UFAMeasy_Workspace\UFAMeasy\slice\demoo11\slice_3\layer_95.nc | config_path: D:\UFAMeasy_Workspace\UFAMeasy\slice\demoo11\slice_3\layer_95.ini | z_offset: 17.39999999999999 | duration_ms: 344.0000000045984
19/07/2026 11:40:55.908 AM,gcode,gcode_generation,INFO,GCodeGeneratedEvent,stl_path: D:\UFAMeasy_Workspace\UFAMeasy\slice\demoo11\slice_3\layer_96.stl | gcode_path: D:\UFAMeasy_Workspace\UFAMeasy\slice\demoo11\slice_3\layer_96.nc | config_path: D:\UFAMeasy_Workspace\UFAMeasy\slice\demoo11\slice_3\layer_96.ini | z_offset: 17.499999999999993 | duration_ms: 343.0000000007567
19/07/2026 11:40:55.908 AM,gcode,gcode_generation,INFO,GCodeGeneratedEvent,stl_path: D:\UFAMeasy_Workspace\UFAMeasy\slice\demoo11\slice_3\layer_96.stl | gcode_path: D:\UFAMeasy_Workspace\UFAMeasy\slice\demoo11\slice_3\layer_96.nc | config_path: D:\UFAMeasy_Workspace\UFAMeasy\slice\demoo11\slice_3\layer_96.ini | z_offset: 17.499999999999993 | duration_ms: 343.0000000007567
19/07/2026 11:40:56.265 AM,gcode,gcode_generation,INFO,GCodeGeneratedEvent,stl_path: D:\UFAMeasy_Workspace\UFAMeasy\slice\demoo11\slice_3\layer_97.stl | gcode_path: D:\UFAMeasy_Workspace\UFAMeasy\slice\demoo11\slice_3\layer_97.nc | config_path: D:\UFAMeasy_Workspace\UFAMeasy\slice\demoo11\slice_3\layer_97.ini | z_offset: 17.599999999999994 | duration_ms: 343.99999999732245
19/07/2026 11:40:56.265 AM,gcode,gcode_generation,INFO,GCodeGeneratedEvent,stl_path: D:\UFAMeasy_Workspace\UFAMeasy\slice\demoo11\slice_3\layer_97.stl | gcode_path: D:\UFAMeasy_Workspace\UFAMeasy\slice\demoo11\slice_3\layer_97.nc | config_path: D:\UFAMeasy_Workspace\UFAMeasy\slice\demoo11\slice_3\layer_97.ini | z_offset: 17.599999999999994 | duration_ms: 343.99999999732245
19/07/2026 11:40:56.629 AM,gcode,gcode_generation,INFO,GCodeGeneratedEvent,stl_path: D:\UFAMeasy_Workspace\UFAMeasy\slice\demoo11\slice_3\layer_98.stl | gcode_path: D:\UFAMeasy_Workspace\UFAMeasy\slice\demoo11\slice_3\layer_98.nc | config_path: D:\UFAMeasy_Workspace\UFAMeasy\slice\demoo11\slice_3\layer_98.ini | z_offset: 17.699999999999996 | duration_ms: 375.0
19/07/2026 11:40:56.629 AM,gcode,gcode_generation,INFO,GCodeGeneratedEvent,stl_path: D:\UFAMeasy_Workspace\UFAMeasy\slice\demoo11\slice_3\layer_98.stl | gcode_path: D:\UFAMeasy_Workspace\UFAMeasy\slice\demoo11\slice_3\layer_98.nc | config_path: D:\UFAMeasy_Workspace\UFAMeasy\slice\demoo11\slice_3\layer_98.ini | z_offset: 17.699999999999996 | duration_ms: 375.0
19/07/2026 11:40:57.046 AM,gcode,gcode_generation,INFO,GCodeGeneratedEvent,stl_path: D:\UFAMeasy_Workspace\UFAMeasy\slice\demoo11\slice_3\layer_99.stl | gcode_path: D:\UFAMeasy_Workspace\UFAMeasy\slice\demoo11\slice_3\layer_99.nc | config_path: D:\UFAMeasy_Workspace\UFAMeasy\slice\demoo11\slice_3\layer_99.ini | z_offset: 17.799999999999997 | duration_ms: 406.00000000267755
19/07/2026 11:40:57.046 AM,gcode,gcode_generation,INFO,GCodeGeneratedEvent,stl_path: D:\UFAMeasy_Workspace\UFAMeasy\slice\demoo11\slice_3\layer_99.stl | gcode_path: D:\UFAMeasy_Workspace\UFAMeasy\slice\demoo11\slice_3\layer_99.nc | config_path: D:\UFAMeasy_Workspace\UFAMeasy\slice\demoo11\slice_3\layer_99.ini | z_offset: 17.799999999999997 | duration_ms: 406.00000000267755
19/07/2026 11:40:57.330 AM,gcode,gcode_generation,INFO,GCodeGeneratedEvent,stl_path: D:\UFAMeasy_Workspace\UFAMeasy\slice\demoo11\slice_3\layer_100.stl | gcode_path: D:\UFAMeasy_Workspace\UFAMeasy\slice\demoo11\slice_3\layer_100.nc | config_path: D:\UFAMeasy_Workspace\UFAMeasy\slice\demoo11\slice_3\layer_100.ini | z_offset: 17.9 | duration_ms: 296.9999999986612
19/07/2026 11:40:57.330 AM,gcode,gcode_generation,INFO,GCodeGeneratedEvent,stl_path: D:\UFAMeasy_Workspace\UFAMeasy\slice\demoo11\slice_3\layer_100.stl | gcode_path: D:\UFAMeasy_Workspace\UFAMeasy\slice\demoo11\slice_3\layer_100.nc | config_path: D:\UFAMeasy_Workspace\UFAMeasy\slice\demoo11\slice_3\layer_100.ini | z_offset: 17.9 | duration_ms: 296.9999999986612
19/07/2026 11:40:57.649 AM,gcode,gcode_generation,INFO,GCodeGeneratedEvent,stl_path: D:\UFAMeasy_Workspace\UFAMeasy\slice\demoo11\slice_3\layer_101.stl | gcode_path: D:\UFAMeasy_Workspace\UFAMeasy\slice\demoo11\slice_3\layer_101.nc | config_path: D:\UFAMeasy_Workspace\UFAMeasy\slice\demoo11\slice_3\layer_101.ini | z_offset: 18.0 | duration_ms: 313.00000000192085
19/07/2026 11:40:57.649 AM,gcode,gcode_generation,INFO,GCodeGeneratedEvent,stl_path: D:\UFAMeasy_Workspace\UFAMeasy\slice\demoo11\slice_3\layer_101.stl | gcode_path: D:\UFAMeasy_Workspace\UFAMeasy\slice\demoo11\slice_3\layer_101.nc | config_path: D:\UFAMeasy_Workspace\UFAMeasy\slice\demoo11\slice_3\layer_101.ini | z_offset: 18.0 | duration_ms: 313.00000000192085
19/07/2026 11:40:57.980 AM,gcode,gcode_generation,INFO,GCodeGeneratedEvent,stl_path: D:\UFAMeasy_Workspace\UFAMeasy\slice\demoo11\slice_3\layer_102.stl | gcode_path: D:\UFAMeasy_Workspace\UFAMeasy\slice\demoo11\slice_3\layer_102.nc | config_path: D:\UFAMeasy_Workspace\UFAMeasy\slice\demoo11\slice_3\layer_102.ini | z_offset: 18.1 | duration_ms: 327.9999999940628
19/07/2026 11:40:57.980 AM,gcode,gcode_generation,INFO,GCodeGeneratedEvent,stl_path: D:\UFAMeasy_Workspace\UFAMeasy\slice\demoo11\slice_3\layer_102.stl | gcode_path: D:\UFAMeasy_Workspace\UFAMeasy\slice\demoo11\slice_3\layer_102.nc | config_path: D:\UFAMeasy_Workspace\UFAMeasy\slice\demoo11\slice_3\layer_102.ini | z_offset: 18.1 | duration_ms: 327.9999999940628
19/07/2026 11:40:58.384 AM,gcode,gcode_generation,INFO,GCodeGeneratedEvent,stl_path: D:\UFAMeasy_Workspace\UFAMeasy\slice\demoo11\slice_3\layer_103.stl | gcode_path: D:\UFAMeasy_Workspace\UFAMeasy\slice\demoo11\slice_3\layer_103.nc | config_path: D:\UFAMeasy_Workspace\UFAMeasy\slice\demoo11\slice_3\layer_103.ini | z_offset: 18.200000000000003 | duration_ms: 406.00000000267755
19/07/2026 11:40:58.384 AM,gcode,gcode_generation,INFO,GCodeGeneratedEvent,stl_path: D:\UFAMeasy_Workspace\UFAMeasy\slice\demoo11\slice_3\layer_103.stl | gcode_path: D:\UFAMeasy_Workspace\UFAMeasy\slice\demoo11\slice_3\layer_103.nc | config_path: D:\UFAMeasy_Workspace\UFAMeasy\slice\demoo11\slice_3\layer_103.ini | z_offset: 18.200000000000003 | duration_ms: 406.00000000267755
19/07/2026 11:40:58.722 AM,gcode,gcode_generation,INFO,GCodeGeneratedEvent,stl_path: D:\UFAMeasy_Workspace\UFAMeasy\slice\demoo11\slice_3\layer_104.stl | gcode_path: D:\UFAMeasy_Workspace\UFAMeasy\slice\demoo11\slice_3\layer_104.nc | config_path: D:\UFAMeasy_Workspace\UFAMeasy\slice\demoo11\slice_3\layer_104.ini | z_offset: 18.300000000000004 | duration_ms: 343.99999999732245
19/07/2026 11:40:58.722 AM,gcode,gcode_generation,INFO,GCodeGeneratedEvent,stl_path: D:\UFAMeasy_Workspace\UFAMeasy\slice\demoo11\slice_3\layer_104.stl | gcode_path: D:\UFAMeasy_Workspace\UFAMeasy\slice\demoo11\slice_3\layer_104.nc | config_path: D:\UFAMeasy_Workspace\UFAMeasy\slice\demoo11\slice_3\layer_104.ini | z_offset: 18.300000000000004 | duration_ms: 343.99999999732245
19/07/2026 11:40:59.076 AM,gcode,gcode_generation,INFO,GCodeGeneratedEvent,stl_path: D:\UFAMeasy_Workspace\UFAMeasy\slice\demoo11\slice_3\layer_105.stl | gcode_path: D:\UFAMeasy_Workspace\UFAMeasy\slice\demoo11\slice_3\layer_105.nc | config_path: D:\UFAMeasy_Workspace\UFAMeasy\slice\demoo11\slice_3\layer_105.ini | z_offset: 18.400000000000006 | duration_ms: 344.0000000045984
19/07/2026 11:40:59.076 AM,gcode,gcode_generation,INFO,GCodeGeneratedEvent,stl_path: D:\UFAMeasy_Workspace\UFAMeasy\slice\demoo11\slice_3\layer_105.stl | gcode_path: D:\UFAMeasy_Workspace\UFAMeasy\slice\demoo11\slice_3\layer_105.nc | config_path: D:\UFAMeasy_Workspace\UFAMeasy\slice\demoo11\slice_3\layer_105.ini | z_offset: 18.400000000000006 | duration_ms: 344.0000000045984
19/07/2026 11:40:59.413 AM,gcode,gcode_generation,INFO,GCodeGeneratedEvent,stl_path: D:\UFAMeasy_Workspace\UFAMeasy\slice\demoo11\slice_3\layer_106.stl | gcode_path: D:\UFAMeasy_Workspace\UFAMeasy\slice\demoo11\slice_3\layer_106.nc | config_path: D:\UFAMeasy_Workspace\UFAMeasy\slice\demoo11\slice_3\layer_106.ini | z_offset: 18.500000000000007 | duration_ms: 343.0000000007567
19/07/2026 11:40:59.413 AM,gcode,gcode_generation,INFO,GCodeGeneratedEvent,stl_path: D:\UFAMeasy_Workspace\UFAMeasy\slice\demoo11\slice_3\layer_106.stl | gcode_path: D:\UFAMeasy_Workspace\UFAMeasy\slice\demoo11\slice_3\layer_106.nc | config_path: D:\UFAMeasy_Workspace\UFAMeasy\slice\demoo11\slice_3\layer_106.ini | z_offset: 18.500000000000007 | duration_ms: 343.0000000007567
19/07/2026 11:40:59.751 AM,gcode,gcode_generation,INFO,GCodeGeneratedEvent,stl_path: D:\UFAMeasy_Workspace\UFAMeasy\slice\demoo11\slice_3\layer_107.stl | gcode_path: D:\UFAMeasy_Workspace\UFAMeasy\slice\demoo11\slice_3\layer_107.nc | config_path: D:\UFAMeasy_Workspace\UFAMeasy\slice\demoo11\slice_3\layer_107.ini | z_offset: 18.60000000000001 | duration_ms: 328.9999999979045
19/07/2026 11:40:59.751 AM,gcode,gcode_generation,INFO,GCodeGeneratedEvent,stl_path: D:\UFAMeasy_Workspace\UFAMeasy\slice\demoo11\slice_3\layer_107.stl | gcode_path: D:\UFAMeasy_Workspace\UFAMeasy\slice\demoo11\slice_3\layer_107.nc | config_path: D:\UFAMeasy_Workspace\UFAMeasy\slice\demoo11\slice_3\layer_107.ini | z_offset: 18.60000000000001 | duration_ms: 328.9999999979045
19/07/2026 11:41:00.146 AM,gcode,gcode_generation,INFO,GCodeGeneratedEvent,stl_path: D:\UFAMeasy_Workspace\UFAMeasy\slice\demoo11\slice_3\layer_108.stl | gcode_path: D:\UFAMeasy_Workspace\UFAMeasy\slice\demoo11\slice_3\layer_108.nc | config_path: D:\UFAMeasy_Workspace\UFAMeasy\slice\demoo11\slice_3\layer_108.ini | z_offset: 18.70000000000001 | duration_ms: 391.00000000325963
19/07/2026 11:41:00.146 AM,gcode,gcode_generation,INFO,GCodeGeneratedEvent,stl_path: D:\UFAMeasy_Workspace\UFAMeasy\slice\demoo11\slice_3\layer_108.stl | gcode_path: D:\UFAMeasy_Workspace\UFAMeasy\slice\demoo11\slice_3\layer_108.nc | config_path: D:\UFAMeasy_Workspace\UFAMeasy\slice\demoo11\slice_3\layer_108.ini | z_offset: 18.70000000000001 | duration_ms: 391.00000000325963
19/07/2026 11:41:00.617 AM,gcode,gcode_generation,INFO,GCodeGeneratedEvent,stl_path: D:\UFAMeasy_Workspace\UFAMeasy\slice\demoo11\slice_3\layer_109.stl | gcode_path: D:\UFAMeasy_Workspace\UFAMeasy\slice\demoo11\slice_3\layer_109.nc | config_path: D:\UFAMeasy_Workspace\UFAMeasy\slice\demoo11\slice_3\layer_109.ini | z_offset: 18.80000000000001 | duration_ms: 468.99999999732245
19/07/2026 11:41:00.617 AM,gcode,gcode_generation,INFO,GCodeGeneratedEvent,stl_path: D:\UFAMeasy_Workspace\UFAMeasy\slice\demoo11\slice_3\layer_109.stl | gcode_path: D:\UFAMeasy_Workspace\UFAMeasy\slice\demoo11\slice_3\layer_109.nc | config_path: D:\UFAMeasy_Workspace\UFAMeasy\slice\demoo11\slice_3\layer_109.ini | z_offset: 18.80000000000001 | duration_ms: 468.99999999732245
19/07/2026 11:41:01.007 AM,gcode,gcode_generation,INFO,GCodeGeneratedEvent,stl_path: D:\UFAMeasy_Workspace\UFAMeasy\slice\demoo11\slice_3\layer_110.stl | gcode_path: D:\UFAMeasy_Workspace\UFAMeasy\slice\demoo11\slice_3\layer_110.nc | config_path: D:\UFAMeasy_Workspace\UFAMeasy\slice\demoo11\slice_3\layer_110.ini | z_offset: 18.900000000000013 | duration_ms: 389.9999999994179
19/07/2026 11:41:01.007 AM,gcode,gcode_generation,INFO,GCodeGeneratedEvent,stl_path: D:\UFAMeasy_Workspace\UFAMeasy\slice\demoo11\slice_3\layer_110.stl | gcode_path: D:\UFAMeasy_Workspace\UFAMeasy\slice\demoo11\slice_3\layer_110.nc | config_path: D:\UFAMeasy_Workspace\UFAMeasy\slice\demoo11\slice_3\layer_110.ini | z_offset: 18.900000000000013 | duration_ms: 389.9999999994179
19/07/2026 11:41:01.353 AM,gcode,gcode_generation,INFO,GCodeGeneratedEvent,stl_path: D:\UFAMeasy_Workspace\UFAMeasy\slice\demoo11\slice_3\layer_111.stl | gcode_path: D:\UFAMeasy_Workspace\UFAMeasy\slice\demoo11\slice_3\layer_111.nc | config_path: D:\UFAMeasy_Workspace\UFAMeasy\slice\demoo11\slice_3\layer_111.ini | z_offset: 19.000000000000014 | duration_ms: 343.99999999732245
19/07/2026 11:41:01.353 AM,gcode,gcode_generation,INFO,GCodeGeneratedEvent,stl_path: D:\UFAMeasy_Workspace\UFAMeasy\slice\demoo11\slice_3\layer_111.stl | gcode_path: D:\UFAMeasy_Workspace\UFAMeasy\slice\demoo11\slice_3\layer_111.nc | config_path: D:\UFAMeasy_Workspace\UFAMeasy\slice\demoo11\slice_3\layer_111.ini | z_offset: 19.000000000000014 | duration_ms: 343.99999999732245
19/07/2026 11:41:01.693 AM,gcode,gcode_generation,INFO,GCodeGeneratedEvent,stl_path: D:\UFAMeasy_Workspace\UFAMeasy\slice\demoo11\slice_3\layer_112.stl | gcode_path: D:\UFAMeasy_Workspace\UFAMeasy\slice\demoo11\slice_3\layer_112.nc | config_path: D:\UFAMeasy_Workspace\UFAMeasy\slice\demoo11\slice_3\layer_112.ini | z_offset: 19.100000000000016 | duration_ms: 344.0000000045984
19/07/2026 11:41:01.693 AM,gcode,gcode_generation,INFO,GCodeGeneratedEvent,stl_path: D:\UFAMeasy_Workspace\UFAMeasy\slice\demoo11\slice_3\layer_112.stl | gcode_path: D:\UFAMeasy_Workspace\UFAMeasy\slice\demoo11\slice_3\layer_112.nc | config_path: D:\UFAMeasy_Workspace\UFAMeasy\slice\demoo11\slice_3\layer_112.ini | z_offset: 19.100000000000016 | duration_ms: 344.0000000045984
19/07/2026 11:41:02.037 AM,gcode,gcode_generation,INFO,GCodeGeneratedEvent,stl_path: D:\UFAMeasy_Workspace\UFAMeasy\slice\demoo11\slice_3\layer_113.stl | gcode_path: D:\UFAMeasy_Workspace\UFAMeasy\slice\demoo11\slice_3\layer_113.nc | config_path: D:\UFAMeasy_Workspace\UFAMeasy\slice\demoo11\slice_3\layer_113.ini | z_offset: 19.200000000000017 | duration_ms: 343.0000000007567
19/07/2026 11:41:02.037 AM,gcode,gcode_generation,INFO,GCodeGeneratedEvent,stl_path: D:\UFAMeasy_Workspace\UFAMeasy\slice\demoo11\slice_3\layer_113.stl | gcode_path: D:\UFAMeasy_Workspace\UFAMeasy\slice\demoo11\slice_3\layer_113.nc | config_path: D:\UFAMeasy_Workspace\UFAMeasy\slice\demoo11\slice_3\layer_113.ini | z_offset: 19.200000000000017 | duration_ms: 343.0000000007567
19/07/2026 11:41:02.344 AM,gcode,gcode_generation,INFO,GCodeGeneratedEvent,stl_path: D:\UFAMeasy_Workspace\UFAMeasy\slice\demoo11\slice_3\layer_114.stl | gcode_path: D:\UFAMeasy_Workspace\UFAMeasy\slice\demoo11\slice_3\layer_114.nc | config_path: D:\UFAMeasy_Workspace\UFAMeasy\slice\demoo11\slice_3\layer_114.ini | z_offset: 19.30000000000002 | duration_ms: 296.9999999986612
19/07/2026 11:41:02.344 AM,gcode,gcode_generation,INFO,GCodeGeneratedEvent,stl_path: D:\UFAMeasy_Workspace\UFAMeasy\slice\demoo11\slice_3\layer_114.stl | gcode_path: D:\UFAMeasy_Workspace\UFAMeasy\slice\demoo11\slice_3\layer_114.nc | config_path: D:\UFAMeasy_Workspace\UFAMeasy\slice\demoo11\slice_3\layer_114.ini | z_offset: 19.30000000000002 | duration_ms: 296.9999999986612
19/07/2026 11:41:02.690 AM,gcode,gcode_generation,INFO,GCodeGeneratedEvent,stl_path: D:\UFAMeasy_Workspace\UFAMeasy\slice\demoo11\slice_3\layer_115.stl | gcode_path: D:\UFAMeasy_Workspace\UFAMeasy\slice\demoo11\slice_3\layer_115.nc | config_path: D:\UFAMeasy_Workspace\UFAMeasy\slice\demoo11\slice_3\layer_115.ini | z_offset: 19.40000000000002 | duration_ms: 360.0000000005821
19/07/2026 11:41:02.690 AM,gcode,gcode_generation,INFO,GCodeGeneratedEvent,stl_path: D:\UFAMeasy_Workspace\UFAMeasy\slice\demoo11\slice_3\layer_115.stl | gcode_path: D:\UFAMeasy_Workspace\UFAMeasy\slice\demoo11\slice_3\layer_115.nc | config_path: D:\UFAMeasy_Workspace\UFAMeasy\slice\demoo11\slice_3\layer_115.ini | z_offset: 19.40000000000002 | duration_ms: 360.0000000005821
19/07/2026 11:41:03.034 AM,gcode,gcode_generation,INFO,GCodeGeneratedEvent,stl_path: D:\UFAMeasy_Workspace\UFAMeasy\slice\demoo11\slice_3\layer_116.stl | gcode_path: D:\UFAMeasy_Workspace\UFAMeasy\slice\demoo11\slice_3\layer_116.nc | config_path: D:\UFAMeasy_Workspace\UFAMeasy\slice\demoo11\slice_3\layer_116.ini | z_offset: 19.50000000000002 | duration_ms: 343.0000000007567
19/07/2026 11:41:03.034 AM,gcode,gcode_generation,INFO,GCodeGeneratedEvent,stl_path: D:\UFAMeasy_Workspace\UFAMeasy\slice\demoo11\slice_3\layer_116.stl | gcode_path: D:\UFAMeasy_Workspace\UFAMeasy\slice\demoo11\slice_3\layer_116.nc | config_path: D:\UFAMeasy_Workspace\UFAMeasy\slice\demoo11\slice_3\layer_116.ini | z_offset: 19.50000000000002 | duration_ms: 343.0000000007567
19/07/2026 11:41:03.417 AM,gcode,gcode_generation,INFO,GCodeGeneratedEvent,stl_path: D:\UFAMeasy_Workspace\UFAMeasy\slice\demoo11\slice_3\layer_117.stl | gcode_path: D:\UFAMeasy_Workspace\UFAMeasy\slice\demoo11\slice_3\layer_117.nc | config_path: D:\UFAMeasy_Workspace\UFAMeasy\slice\demoo11\slice_3\layer_117.ini | z_offset: 19.600000000000023 | duration_ms: 375.0
19/07/2026 11:41:03.417 AM,gcode,gcode_generation,INFO,GCodeGeneratedEvent,stl_path: D:\UFAMeasy_Workspace\UFAMeasy\slice\demoo11\slice_3\layer_117.stl | gcode_path: D:\UFAMeasy_Workspace\UFAMeasy\slice\demoo11\slice_3\layer_117.nc | config_path: D:\UFAMeasy_Workspace\UFAMeasy\slice\demoo11\slice_3\layer_117.ini | z_offset: 19.600000000000023 | duration_ms: 375.0
19/07/2026 11:41:03.681 AM,gcode,gcode_generation,INFO,GCodeGeneratedEvent,stl_path: D:\UFAMeasy_Workspace\UFAMeasy\slice\demoo11\slice_3\layer_118.stl | gcode_path: D:\UFAMeasy_Workspace\UFAMeasy\slice\demoo11\slice_3\layer_118.nc | config_path: D:\UFAMeasy_Workspace\UFAMeasy\slice\demoo11\slice_3\layer_118.ini | z_offset: 19.700000000000024 | duration_ms: 265.99999999598367
19/07/2026 11:41:03.681 AM,gcode,gcode_generation,INFO,GCodeGeneratedEvent,stl_path: D:\UFAMeasy_Workspace\UFAMeasy\slice\demoo11\slice_3\layer_118.stl | gcode_path: D:\UFAMeasy_Workspace\UFAMeasy\slice\demoo11\slice_3\layer_118.nc | config_path: D:\UFAMeasy_Workspace\UFAMeasy\slice\demoo11\slice_3\layer_118.ini | z_offset: 19.700000000000024 | duration_ms: 265.99999999598367
19/07/2026 11:41:04.000 AM,gcode,gcode_generation,INFO,GCodeGeneratedEvent,stl_path: D:\UFAMeasy_Workspace\UFAMeasy\slice\demoo11\slice_3\layer_119.stl | gcode_path: D:\UFAMeasy_Workspace\UFAMeasy\slice\demoo11\slice_3\layer_119.nc | config_path: D:\UFAMeasy_Workspace\UFAMeasy\slice\demoo11\slice_3\layer_119.ini | z_offset: 19.800000000000026 | duration_ms: 313.00000000192085
19/07/2026 11:41:04.000 AM,gcode,gcode_generation,INFO,GCodeGeneratedEvent,stl_path: D:\UFAMeasy_Workspace\UFAMeasy\slice\demoo11\slice_3\layer_119.stl | gcode_path: D:\UFAMeasy_Workspace\UFAMeasy\slice\demoo11\slice_3\layer_119.nc | config_path: D:\UFAMeasy_Workspace\UFAMeasy\slice\demoo11\slice_3\layer_119.ini | z_offset: 19.800000000000026 | duration_ms: 313.00000000192085
19/07/2026 11:41:04.327 AM,gcode,gcode_generation,INFO,GCodeGeneratedEvent,stl_path: D:\UFAMeasy_Workspace\UFAMeasy\slice\demoo11\slice_3\layer_120.stl | gcode_path: D:\UFAMeasy_Workspace\UFAMeasy\slice\demoo11\slice_3\layer_120.nc | config_path: D:\UFAMeasy_Workspace\UFAMeasy\slice\demoo11\slice_3\layer_120.ini | z_offset: 19.900000000000027 | duration_ms: 328.0000000013388
19/07/2026 11:41:04.327 AM,gcode,gcode_generation,INFO,GCodeGeneratedEvent,stl_path: D:\UFAMeasy_Workspace\UFAMeasy\slice\demoo11\slice_3\layer_120.stl | gcode_path: D:\UFAMeasy_Workspace\UFAMeasy\slice\demoo11\slice_3\layer_120.nc | config_path: D:\UFAMeasy_Workspace\UFAMeasy\slice\demoo11\slice_3\layer_120.ini | z_offset: 19.900000000000027 | duration_ms: 328.0000000013388
19/07/2026 11:41:07.650 AM,session,session_sidecar,INFO,SessionSavedEvent,Saved session 'D:\UFAMeasy_Workspace\UFAMeasy\slice\demoo11\box.ufamsession.json' with 3 slices
19/07/2026 11:41:07.650 AM,session,session_sidecar,INFO,SessionSavedEvent,Saved session 'D:\UFAMeasy_Workspace\UFAMeasy\slice\demoo11\box.ufamsession.json' with 3 slices
19/07/2026 11:41:07.655 AM,gcode,gcode_merge,INFO,GCodeMergedEvent,Merged 3 slices into 'D:\UFAMeasy_Workspace\UFAMeasy\slice\demoo11\combined_print.gcode' (31.000000002677552ms)
19/07/2026 11:41:07.655 AM,gcode,gcode_merge,INFO,GCodeMergedEvent,Merged 3 slices into 'D:\UFAMeasy_Workspace\UFAMeasy\slice\demoo11\combined_print.gcode' (31.000000002677552ms)
19/07/2026 11:47:10.722 AM,session,document,INFO,FileEvent,Document Closed | Path: D:/UFAMeasy_Workspace/UFAMeasy/slice/demoo11/box.FCStd | Name: Unnamed
19/07/2026 11:47:10.722 AM,session,document,INFO,FileEvent,Document Closed | Path: D:/UFAMeasy_Workspace/UFAMeasy/slice/demoo11/box.FCStd | Name: Unnamed
19/07/2026 11:47:48.054 AM,workflow,geometry,INFO,ShapeChangedEvent,"Created Box (Label: 'Box') [a=20.0, b=20.0, c=20.0]"
19/07/2026 11:47:48.054 AM,workflow,geometry,INFO,ShapeChangedEvent,"Created Box (Label: 'Box') [a=20.0, b=20.0, c=20.0]"
19/07/2026 11:48:09.219 AM,session,document,INFO,FileEvent,Document Saved | Path: D:/UFAMeasy_Workspace/UFAMeasy/slice/19/ooooo.FCStd
19/07/2026 11:48:09.219 AM,session,document,INFO,FileEvent,Document Saved | Path: D:/UFAMeasy_Workspace/UFAMeasy/slice/19/ooooo.FCStd
19/07/2026 11:48:09.219 AM,session,persistence,INFO,SessionSavedEvent,Saved session 'D:/UFAMeasy_Workspace/UFAMeasy/slice/19/ooooo.FCStd' with 0 slices
19/07/2026 11:48:09.219 AM,session,persistence,INFO,SessionSavedEvent,Saved session 'D:/UFAMeasy_Workspace/UFAMeasy/slice/19/ooooo.FCStd' with 0 slices
19/07/2026 11:49:05.317 AM,workflow,slicing,INFO,SliceStartedEvent,slice_index: 1 | output_path: D:\UFAMeasy_Workspace\UFAMeasy\slice\19 | plane_count: 3
19/07/2026 11:49:05.317 AM,workflow,slicing,INFO,SliceStartedEvent,slice_index: 1 | output_path: D:\UFAMeasy_Workspace\UFAMeasy\slice\19 | plane_count: 3
19/07/2026 11:49:05.364 AM,workflow,slicing,INFO,SliceCompletedEvent,slice_index: 1 | filename: slice_1.stl | output_path: D:\UFAMeasy_Workspace\UFAMeasy\slice\19 | z_offset: 0.0 | center_x: 10.0 | center_y: 10.0 | duration_ms: 46.999999998661224
19/07/2026 11:49:05.364 AM,workflow,slicing,INFO,SliceCompletedEvent,slice_index: 1 | filename: slice_1.stl | output_path: D:\UFAMeasy_Workspace\UFAMeasy\slice\19 | z_offset: 0.0 | center_x: 10.0 | center_y: 10.0 | duration_ms: 46.999999998661224
19/07/2026 11:49:05.383 AM,workflow,slicing,INFO,SliceStartedEvent,slice_index: 2 | output_path: D:\UFAMeasy_Workspace\UFAMeasy\slice\19 | plane_count: 3
19/07/2026 11:49:05.383 AM,workflow,slicing,INFO,SliceStartedEvent,slice_index: 2 | output_path: D:\UFAMeasy_Workspace\UFAMeasy\slice\19 | plane_count: 3
19/07/2026 11:49:05.388 AM,workflow,slicing,INFO,SliceCompletedEvent,slice_index: 2 | filename: slice_2.stl | output_path: D:\UFAMeasy_Workspace\UFAMeasy\slice\19 | z_offset: 5.0 | center_x: 10.0 | center_y: 10.0 | duration_ms: 0.0
19/07/2026 11:49:05.388 AM,workflow,slicing,INFO,SliceCompletedEvent,slice_index: 2 | filename: slice_2.stl | output_path: D:\UFAMeasy_Workspace\UFAMeasy\slice\19 | z_offset: 5.0 | center_x: 10.0 | center_y: 10.0 | duration_ms: 0.0
19/07/2026 11:49:05.408 AM,workflow,slicing,INFO,SliceStartedEvent,slice_index: 4 | output_path: D:\UFAMeasy_Workspace\UFAMeasy\slice\19 | plane_count: 3
19/07/2026 11:49:05.408 AM,workflow,slicing,INFO,SliceStartedEvent,slice_index: 4 | output_path: D:\UFAMeasy_Workspace\UFAMeasy\slice\19 | plane_count: 3
19/07/2026 11:49:05.413 AM,workflow,slicing,INFO,SliceCompletedEvent,slice_index: 4 | filename: slice_4.stl | output_path: D:\UFAMeasy_Workspace\UFAMeasy\slice\19 | z_offset: 10.0 | center_x: 10.0 | center_y: 10.0 | duration_ms: 0.0
19/07/2026 11:49:05.413 AM,workflow,slicing,INFO,SliceCompletedEvent,slice_index: 4 | filename: slice_4.stl | output_path: D:\UFAMeasy_Workspace\UFAMeasy\slice\19 | z_offset: 10.0 | center_x: 10.0 | center_y: 10.0 | duration_ms: 0.0
19/07/2026 11:49:07.999 AM,session,session_sidecar,INFO,SessionSavedEvent,Saved session 'D:\UFAMeasy_Workspace\UFAMeasy\slice\19\ooooo.ufamsession.json' with 3 slices
19/07/2026 11:49:07.999 AM,session,session_sidecar,INFO,SessionSavedEvent,Saved session 'D:\UFAMeasy_Workspace\UFAMeasy\slice\19\ooooo.ufamsession.json' with 3 slices
19/07/2026 11:49:21.746 AM,workflow,slicing,INFO,SliceStartedEvent,slice_index: 1 | output_path: D:\UFAMeasy_Workspace\UFAMeasy\slice\19 | plane_count: 3
19/07/2026 11:49:21.746 AM,workflow,slicing,INFO,SliceStartedEvent,slice_index: 1 | output_path: D:\UFAMeasy_Workspace\UFAMeasy\slice\19 | plane_count: 3
19/07/2026 11:49:21.770 AM,workflow,slicing,INFO,SliceCompletedEvent,slice_index: 1 | filename: slice_1.stl | output_path: D:\UFAMeasy_Workspace\UFAMeasy\slice\19 | z_offset: 0.0 | center_x: 10.0 | center_y: 10.0 | duration_ms: 31.000000002677552
19/07/2026 11:49:21.770 AM,workflow,slicing,INFO,SliceCompletedEvent,slice_index: 1 | filename: slice_1.stl | output_path: D:\UFAMeasy_Workspace\UFAMeasy\slice\19 | z_offset: 0.0 | center_x: 10.0 | center_y: 10.0 | duration_ms: 31.000000002677552
19/07/2026 11:49:21.789 AM,workflow,slicing,INFO,SliceStartedEvent,slice_index: 2 | output_path: D:\UFAMeasy_Workspace\UFAMeasy\slice\19 | plane_count: 3
19/07/2026 11:49:21.789 AM,workflow,slicing,INFO,SliceStartedEvent,slice_index: 2 | output_path: D:\UFAMeasy_Workspace\UFAMeasy\slice\19 | plane_count: 3
19/07/2026 11:49:21.793 AM,workflow,slicing,INFO,SliceCompletedEvent,slice_index: 2 | filename: slice_2.stl | output_path: D:\UFAMeasy_Workspace\UFAMeasy\slice\19 | z_offset: 5.0 | center_x: 10.0 | center_y: 10.0 | duration_ms: 0.0
19/07/2026 11:49:21.793 AM,workflow,slicing,INFO,SliceCompletedEvent,slice_index: 2 | filename: slice_2.stl | output_path: D:\UFAMeasy_Workspace\UFAMeasy\slice\19 | z_offset: 5.0 | center_x: 10.0 | center_y: 10.0 | duration_ms: 0.0
19/07/2026 11:49:21.812 AM,workflow,slicing,INFO,SliceStartedEvent,slice_index: 4 | output_path: D:\UFAMeasy_Workspace\UFAMeasy\slice\19 | plane_count: 3
19/07/2026 11:49:21.812 AM,workflow,slicing,INFO,SliceStartedEvent,slice_index: 4 | output_path: D:\UFAMeasy_Workspace\UFAMeasy\slice\19 | plane_count: 3
19/07/2026 11:49:21.817 AM,workflow,slicing,INFO,SliceCompletedEvent,slice_index: 4 | filename: slice_4.stl | output_path: D:\UFAMeasy_Workspace\UFAMeasy\slice\19 | z_offset: 10.0 | center_x: 10.0 | center_y: 10.0 | duration_ms: 16.00000000325963
19/07/2026 11:49:21.817 AM,workflow,slicing,INFO,SliceCompletedEvent,slice_index: 4 | filename: slice_4.stl | output_path: D:\UFAMeasy_Workspace\UFAMeasy\slice\19 | z_offset: 10.0 | center_x: 10.0 | center_y: 10.0 | duration_ms: 16.00000000325963
19/07/2026 11:49:24.409 AM,session,session_sidecar,INFO,SessionSavedEvent,Saved session 'D:\UFAMeasy_Workspace\UFAMeasy\slice\19\ooooo.ufamsession.json' with 3 slices
19/07/2026 11:49:24.409 AM,session,session_sidecar,INFO,SessionSavedEvent,Saved session 'D:\UFAMeasy_Workspace\UFAMeasy\slice\19\ooooo.ufamsession.json' with 3 slices
19/07/2026 11:49:41.017 AM,gcode,gcode_generation,INFO,GCodeGeneratedEvent,stl_path: D:\UFAMeasy_Workspace\UFAMeasy\slice\19\slice_1\layer_1.stl | gcode_path: D:\UFAMeasy_Workspace\UFAMeasy\slice\19\slice_1\layer_1.nc | config_path: D:\UFAMeasy_Workspace\UFAMeasy\slice\19\slice_1\layer_1.ini | z_offset: 0.0 | duration_ms: 375.0
19/07/2026 11:49:41.017 AM,gcode,gcode_generation,INFO,GCodeGeneratedEvent,stl_path: D:\UFAMeasy_Workspace\UFAMeasy\slice\19\slice_1\layer_1.stl | gcode_path: D:\UFAMeasy_Workspace\UFAMeasy\slice\19\slice_1\layer_1.nc | config_path: D:\UFAMeasy_Workspace\UFAMeasy\slice\19\slice_1\layer_1.ini | z_offset: 0.0 | duration_ms: 375.0
19/07/2026 11:49:41.396 AM,gcode,gcode_generation,INFO,GCodeGeneratedEvent,stl_path: D:\UFAMeasy_Workspace\UFAMeasy\slice\19\slice_1\layer_2.stl | gcode_path: D:\UFAMeasy_Workspace\UFAMeasy\slice\19\slice_1\layer_2.nc | config_path: D:\UFAMeasy_Workspace\UFAMeasy\slice\19\slice_1\layer_2.ini | z_offset: 1.0 | duration_ms: 375.0
19/07/2026 11:49:41.396 AM,gcode,gcode_generation,INFO,GCodeGeneratedEvent,stl_path: D:\UFAMeasy_Workspace\UFAMeasy\slice\19\slice_1\layer_2.stl | gcode_path: D:\UFAMeasy_Workspace\UFAMeasy\slice\19\slice_1\layer_2.nc | config_path: D:\UFAMeasy_Workspace\UFAMeasy\slice\19\slice_1\layer_2.ini | z_offset: 1.0 | duration_ms: 375.0
19/07/2026 11:49:41.699 AM,gcode,gcode_generation,INFO,GCodeGeneratedEvent,stl_path: D:\UFAMeasy_Workspace\UFAMeasy\slice\19\slice_1\layer_3.stl | gcode_path: D:\UFAMeasy_Workspace\UFAMeasy\slice\19\slice_1\layer_3.nc | config_path: D:\UFAMeasy_Workspace\UFAMeasy\slice\19\slice_1\layer_3.ini | z_offset: 2.0 | duration_ms: 296.9999999986612
19/07/2026 11:49:41.699 AM,gcode,gcode_generation,INFO,GCodeGeneratedEvent,stl_path: D:\UFAMeasy_Workspace\UFAMeasy\slice\19\slice_1\layer_3.stl | gcode_path: D:\UFAMeasy_Workspace\UFAMeasy\slice\19\slice_1\layer_3.nc | config_path: D:\UFAMeasy_Workspace\UFAMeasy\slice\19\slice_1\layer_3.ini | z_offset: 2.0 | duration_ms: 296.9999999986612
19/07/2026 11:49:42.069 AM,gcode,gcode_generation,INFO,GCodeGeneratedEvent,stl_path: D:\UFAMeasy_Workspace\UFAMeasy\slice\19\slice_1\layer_4.stl | gcode_path: D:\UFAMeasy_Workspace\UFAMeasy\slice\19\slice_1\layer_4.nc | config_path: D:\UFAMeasy_Workspace\UFAMeasy\slice\19\slice_1\layer_4.ini | z_offset: 3.0 | duration_ms: 375.0
19/07/2026 11:49:42.069 AM,gcode,gcode_generation,INFO,GCodeGeneratedEvent,stl_path: D:\UFAMeasy_Workspace\UFAMeasy\slice\19\slice_1\layer_4.stl | gcode_path: D:\UFAMeasy_Workspace\UFAMeasy\slice\19\slice_1\layer_4.nc | config_path: D:\UFAMeasy_Workspace\UFAMeasy\slice\19\slice_1\layer_4.ini | z_offset: 3.0 | duration_ms: 375.0
19/07/2026 11:49:42.394 AM,gcode,gcode_generation,INFO,GCodeGeneratedEvent,stl_path: D:\UFAMeasy_Workspace\UFAMeasy\slice\19\slice_1\layer_5.stl | gcode_path: D:\UFAMeasy_Workspace\UFAMeasy\slice\19\slice_1\layer_5.nc | config_path: D:\UFAMeasy_Workspace\UFAMeasy\slice\19\slice_1\layer_5.ini | z_offset: 4.0 | duration_ms: 328.0000000013388
19/07/2026 11:49:42.394 AM,gcode,gcode_generation,INFO,GCodeGeneratedEvent,stl_path: D:\UFAMeasy_Workspace\UFAMeasy\slice\19\slice_1\layer_5.stl | gcode_path: D:\UFAMeasy_Workspace\UFAMeasy\slice\19\slice_1\layer_5.nc | config_path: D:\UFAMeasy_Workspace\UFAMeasy\slice\19\slice_1\layer_5.ini | z_offset: 4.0 | duration_ms: 328.0000000013388
19/07/2026 11:49:42.856 AM,gcode,gcode_generation,INFO,GCodeGeneratedEvent,stl_path: D:\UFAMeasy_Workspace\UFAMeasy\slice\19\slice_2\layer_1.stl | gcode_path: D:\UFAMeasy_Workspace\UFAMeasy\slice\19\slice_2\layer_1.nc | config_path: D:\UFAMeasy_Workspace\UFAMeasy\slice\19\slice_2\layer_1.ini | z_offset: 5.0 | duration_ms: 358.99999999674037
19/07/2026 11:49:42.856 AM,gcode,gcode_generation,INFO,GCodeGeneratedEvent,stl_path: D:\UFAMeasy_Workspace\UFAMeasy\slice\19\slice_2\layer_1.stl | gcode_path: D:\UFAMeasy_Workspace\UFAMeasy\slice\19\slice_2\layer_1.nc | config_path: D:\UFAMeasy_Workspace\UFAMeasy\slice\19\slice_2\layer_1.ini | z_offset: 5.0 | duration_ms: 358.99999999674037
19/07/2026 11:49:43.186 AM,gcode,gcode_generation,INFO,GCodeGeneratedEvent,stl_path: D:\UFAMeasy_Workspace\UFAMeasy\slice\19\slice_2\layer_2.stl | gcode_path: D:\UFAMeasy_Workspace\UFAMeasy\slice\19\slice_2\layer_2.nc | config_path: D:\UFAMeasy_Workspace\UFAMeasy\slice\19\slice_2\layer_2.ini | z_offset: 6.0 | duration_ms: 328.0000000013388
19/07/2026 11:49:43.186 AM,gcode,gcode_generation,INFO,GCodeGeneratedEvent,stl_path: D:\UFAMeasy_Workspace\UFAMeasy\slice\19\slice_2\layer_2.stl | gcode_path: D:\UFAMeasy_Workspace\UFAMeasy\slice\19\slice_2\layer_2.nc | config_path: D:\UFAMeasy_Workspace\UFAMeasy\slice\19\slice_2\layer_2.ini | z_offset: 6.0 | duration_ms: 328.0000000013388
19/07/2026 11:49:43.525 AM,gcode,gcode_generation,INFO,GCodeGeneratedEvent,stl_path: D:\UFAMeasy_Workspace\UFAMeasy\slice\19\slice_2\layer_3.stl | gcode_path: D:\UFAMeasy_Workspace\UFAMeasy\slice\19\slice_2\layer_3.nc | config_path: D:\UFAMeasy_Workspace\UFAMeasy\slice\19\slice_2\layer_3.ini | z_offset: 7.0 | duration_ms: 344.0000000045984
19/07/2026 11:49:43.525 AM,gcode,gcode_generation,INFO,GCodeGeneratedEvent,stl_path: D:\UFAMeasy_Workspace\UFAMeasy\slice\19\slice_2\layer_3.stl | gcode_path: D:\UFAMeasy_Workspace\UFAMeasy\slice\19\slice_2\layer_3.nc | config_path: D:\UFAMeasy_Workspace\UFAMeasy\slice\19\slice_2\layer_3.ini | z_offset: 7.0 | duration_ms: 344.0000000045984
19/07/2026 11:49:43.851 AM,gcode,gcode_generation,INFO,GCodeGeneratedEvent,stl_path: D:\UFAMeasy_Workspace\UFAMeasy\slice\19\slice_2\layer_4.stl | gcode_path: D:\UFAMeasy_Workspace\UFAMeasy\slice\19\slice_2\layer_4.nc | config_path: D:\UFAMeasy_Workspace\UFAMeasy\slice\19\slice_2\layer_4.ini | z_offset: 8.0 | duration_ms: 327.9999999940628
19/07/2026 11:49:43.851 AM,gcode,gcode_generation,INFO,GCodeGeneratedEvent,stl_path: D:\UFAMeasy_Workspace\UFAMeasy\slice\19\slice_2\layer_4.stl | gcode_path: D:\UFAMeasy_Workspace\UFAMeasy\slice\19\slice_2\layer_4.nc | config_path: D:\UFAMeasy_Workspace\UFAMeasy\slice\19\slice_2\layer_4.ini | z_offset: 8.0 | duration_ms: 327.9999999940628
19/07/2026 11:49:44.197 AM,gcode,gcode_generation,INFO,GCodeGeneratedEvent,stl_path: D:\UFAMeasy_Workspace\UFAMeasy\slice\19\slice_2\layer_5.stl | gcode_path: D:\UFAMeasy_Workspace\UFAMeasy\slice\19\slice_2\layer_5.nc | config_path: D:\UFAMeasy_Workspace\UFAMeasy\slice\19\slice_2\layer_5.ini | z_offset: 9.0 | duration_ms: 344.0000000045984
19/07/2026 11:49:44.197 AM,gcode,gcode_generation,INFO,GCodeGeneratedEvent,stl_path: D:\UFAMeasy_Workspace\UFAMeasy\slice\19\slice_2\layer_5.stl | gcode_path: D:\UFAMeasy_Workspace\UFAMeasy\slice\19\slice_2\layer_5.nc | config_path: D:\UFAMeasy_Workspace\UFAMeasy\slice\19\slice_2\layer_5.ini | z_offset: 9.0 | duration_ms: 344.0000000045984
19/07/2026 11:49:44.745 AM,gcode,gcode_generation,INFO,GCodeGeneratedEvent,stl_path: D:\UFAMeasy_Workspace\UFAMeasy\slice\19\slice_4\layer_1.stl | gcode_path: D:\UFAMeasy_Workspace\UFAMeasy\slice\19\slice_4\layer_1.nc | config_path: D:\UFAMeasy_Workspace\UFAMeasy\slice\19\slice_4\layer_1.ini | z_offset: 10.0 | duration_ms: 313.00000000192085
19/07/2026 11:49:44.745 AM,gcode,gcode_generation,INFO,GCodeGeneratedEvent,stl_path: D:\UFAMeasy_Workspace\UFAMeasy\slice\19\slice_4\layer_1.stl | gcode_path: D:\UFAMeasy_Workspace\UFAMeasy\slice\19\slice_4\layer_1.nc | config_path: D:\UFAMeasy_Workspace\UFAMeasy\slice\19\slice_4\layer_1.ini | z_offset: 10.0 | duration_ms: 313.00000000192085
19/07/2026 11:49:45.018 AM,gcode,gcode_generation,INFO,GCodeGeneratedEvent,stl_path: D:\UFAMeasy_Workspace\UFAMeasy\slice\19\slice_4\layer_2.stl | gcode_path: D:\UFAMeasy_Workspace\UFAMeasy\slice\19\slice_4\layer_2.nc | config_path: D:\UFAMeasy_Workspace\UFAMeasy\slice\19\slice_4\layer_2.ini | z_offset: 11.0 | duration_ms: 281.00000000267755
19/07/2026 11:49:45.018 AM,gcode,gcode_generation,INFO,GCodeGeneratedEvent,stl_path: D:\UFAMeasy_Workspace\UFAMeasy\slice\19\slice_4\layer_2.stl | gcode_path: D:\UFAMeasy_Workspace\UFAMeasy\slice\19\slice_4\layer_2.nc | config_path: D:\UFAMeasy_Workspace\UFAMeasy\slice\19\slice_4\layer_2.ini | z_offset: 11.0 | duration_ms: 281.00000000267755
19/07/2026 11:49:45.326 AM,gcode,gcode_generation,INFO,GCodeGeneratedEvent,stl_path: D:\UFAMeasy_Workspace\UFAMeasy\slice\19\slice_4\layer_3.stl | gcode_path: D:\UFAMeasy_Workspace\UFAMeasy\slice\19\slice_4\layer_3.nc | config_path: D:\UFAMeasy_Workspace\UFAMeasy\slice\19\slice_4\layer_3.ini | z_offset: 12.0 | duration_ms: 296.9999999986612
19/07/2026 11:49:45.326 AM,gcode,gcode_generation,INFO,GCodeGeneratedEvent,stl_path: D:\UFAMeasy_Workspace\UFAMeasy\slice\19\slice_4\layer_3.stl | gcode_path: D:\UFAMeasy_Workspace\UFAMeasy\slice\19\slice_4\layer_3.nc | config_path: D:\UFAMeasy_Workspace\UFAMeasy\slice\19\slice_4\layer_3.ini | z_offset: 12.0 | duration_ms: 296.9999999986612
19/07/2026 11:49:45.727 AM,gcode,gcode_generation,INFO,GCodeGeneratedEvent,stl_path: D:\UFAMeasy_Workspace\UFAMeasy\slice\19\slice_4\layer_4.stl | gcode_path: D:\UFAMeasy_Workspace\UFAMeasy\slice\19\slice_4\layer_4.nc | config_path: D:\UFAMeasy_Workspace\UFAMeasy\slice\19\slice_4\layer_4.ini | z_offset: 13.0 | duration_ms: 405.9999999954016
19/07/2026 11:49:45.727 AM,gcode,gcode_generation,INFO,GCodeGeneratedEvent,stl_path: D:\UFAMeasy_Workspace\UFAMeasy\slice\19\slice_4\layer_4.stl | gcode_path: D:\UFAMeasy_Workspace\UFAMeasy\slice\19\slice_4\layer_4.nc | config_path: D:\UFAMeasy_Workspace\UFAMeasy\slice\19\slice_4\layer_4.ini | z_offset: 13.0 | duration_ms: 405.9999999954016
19/07/2026 11:49:46.076 AM,gcode,gcode_generation,INFO,GCodeGeneratedEvent,stl_path: D:\UFAMeasy_Workspace\UFAMeasy\slice\19\slice_4\layer_5.stl | gcode_path: D:\UFAMeasy_Workspace\UFAMeasy\slice\19\slice_4\layer_5.nc | config_path: D:\UFAMeasy_Workspace\UFAMeasy\slice\19\slice_4\layer_5.ini | z_offset: 14.0 | duration_ms: 344.0000000045984
19/07/2026 11:49:46.076 AM,gcode,gcode_generation,INFO,GCodeGeneratedEvent,stl_path: D:\UFAMeasy_Workspace\UFAMeasy\slice\19\slice_4\layer_5.stl | gcode_path: D:\UFAMeasy_Workspace\UFAMeasy\slice\19\slice_4\layer_5.nc | config_path: D:\UFAMeasy_Workspace\UFAMeasy\slice\19\slice_4\layer_5.ini | z_offset: 14.0 | duration_ms: 344.0000000045984
19/07/2026 11:49:46.379 AM,gcode,gcode_generation,INFO,GCodeGeneratedEvent,stl_path: D:\UFAMeasy_Workspace\UFAMeasy\slice\19\slice_4\layer_6.stl | gcode_path: D:\UFAMeasy_Workspace\UFAMeasy\slice\19\slice_4\layer_6.nc | config_path: D:\UFAMeasy_Workspace\UFAMeasy\slice\19\slice_4\layer_6.ini | z_offset: 15.0 | duration_ms: 311.99999999807915
19/07/2026 11:49:46.379 AM,gcode,gcode_generation,INFO,GCodeGeneratedEvent,stl_path: D:\UFAMeasy_Workspace\UFAMeasy\slice\19\slice_4\layer_6.stl | gcode_path: D:\UFAMeasy_Workspace\UFAMeasy\slice\19\slice_4\layer_6.nc | config_path: D:\UFAMeasy_Workspace\UFAMeasy\slice\19\slice_4\layer_6.ini | z_offset: 15.0 | duration_ms: 311.99999999807915
19/07/2026 11:49:46.659 AM,gcode,gcode_generation,INFO,GCodeGeneratedEvent,stl_path: D:\UFAMeasy_Workspace\UFAMeasy\slice\19\slice_4\layer_7.stl | gcode_path: D:\UFAMeasy_Workspace\UFAMeasy\slice\19\slice_4\layer_7.nc | config_path: D:\UFAMeasy_Workspace\UFAMeasy\slice\19\slice_4\layer_7.ini | z_offset: 16.0 | duration_ms: 281.00000000267755
19/07/2026 11:49:46.659 AM,gcode,gcode_generation,INFO,GCodeGeneratedEvent,stl_path: D:\UFAMeasy_Workspace\UFAMeasy\slice\19\slice_4\layer_7.stl | gcode_path: D:\UFAMeasy_Workspace\UFAMeasy\slice\19\slice_4\layer_7.nc | config_path: D:\UFAMeasy_Workspace\UFAMeasy\slice\19\slice_4\layer_7.ini | z_offset: 16.0 | duration_ms: 281.00000000267755
19/07/2026 11:49:46.992 AM,gcode,gcode_generation,INFO,GCodeGeneratedEvent,stl_path: D:\UFAMeasy_Workspace\UFAMeasy\slice\19\slice_4\layer_8.stl | gcode_path: D:\UFAMeasy_Workspace\UFAMeasy\slice\19\slice_4\layer_8.nc | config_path: D:\UFAMeasy_Workspace\UFAMeasy\slice\19\slice_4\layer_8.ini | z_offset: 17.0 | duration_ms: 328.9999999979045
19/07/2026 11:49:46.992 AM,gcode,gcode_generation,INFO,GCodeGeneratedEvent,stl_path: D:\UFAMeasy_Workspace\UFAMeasy\slice\19\slice_4\layer_8.stl | gcode_path: D:\UFAMeasy_Workspace\UFAMeasy\slice\19\slice_4\layer_8.nc | config_path: D:\UFAMeasy_Workspace\UFAMeasy\slice\19\slice_4\layer_8.ini | z_offset: 17.0 | duration_ms: 328.9999999979045
19/07/2026 11:49:47.317 AM,gcode,gcode_generation,INFO,GCodeGeneratedEvent,stl_path: D:\UFAMeasy_Workspace\UFAMeasy\slice\19\slice_4\layer_9.stl | gcode_path: D:\UFAMeasy_Workspace\UFAMeasy\slice\19\slice_4\layer_9.nc | config_path: D:\UFAMeasy_Workspace\UFAMeasy\slice\19\slice_4\layer_9.ini | z_offset: 18.0 | duration_ms: 328.0000000013388
19/07/2026 11:49:47.317 AM,gcode,gcode_generation,INFO,GCodeGeneratedEvent,stl_path: D:\UFAMeasy_Workspace\UFAMeasy\slice\19\slice_4\layer_9.stl | gcode_path: D:\UFAMeasy_Workspace\UFAMeasy\slice\19\slice_4\layer_9.nc | config_path: D:\UFAMeasy_Workspace\UFAMeasy\slice\19\slice_4\layer_9.ini | z_offset: 18.0 | duration_ms: 328.0000000013388
19/07/2026 11:49:47.612 AM,gcode,gcode_generation,INFO,GCodeGeneratedEvent,stl_path: D:\UFAMeasy_Workspace\UFAMeasy\slice\19\slice_4\layer_10.stl | gcode_path: D:\UFAMeasy_Workspace\UFAMeasy\slice\19\slice_4\layer_10.nc | config_path: D:\UFAMeasy_Workspace\UFAMeasy\slice\19\slice_4\layer_10.ini | z_offset: 19.0 | duration_ms: 296.9999999986612
19/07/2026 11:49:47.612 AM,gcode,gcode_generation,INFO,GCodeGeneratedEvent,stl_path: D:\UFAMeasy_Workspace\UFAMeasy\slice\19\slice_4\layer_10.stl | gcode_path: D:\UFAMeasy_Workspace\UFAMeasy\slice\19\slice_4\layer_10.nc | config_path: D:\UFAMeasy_Workspace\UFAMeasy\slice\19\slice_4\layer_10.ini | z_offset: 19.0 | duration_ms: 296.9999999986612
19/07/2026 11:49:49.191 AM,session,session_sidecar,INFO,SessionSavedEvent,Saved session 'D:\UFAMeasy_Workspace\UFAMeasy\slice\19\ooooo.ufamsession.json' with 3 slices
19/07/2026 11:49:49.191 AM,session,session_sidecar,INFO,SessionSavedEvent,Saved session 'D:\UFAMeasy_Workspace\UFAMeasy\slice\19\ooooo.ufamsession.json' with 3 slices
19/07/2026 11:49:49.194 AM,gcode,gcode_merge,INFO,GCodeMergedEvent,Merged 3 slices into 'D:\UFAMeasy_Workspace\UFAMeasy\slice\19\combined_print.gcode' (110.00000000058208ms)
19/07/2026 11:49:49.194 AM,gcode,gcode_merge,INFO,GCodeMergedEvent,Merged 3 slices into 'D:\UFAMeasy_Workspace\UFAMeasy\slice\19\combined_print.gcode' (110.00000000058208ms)
19/07/2026 11:51:52.821 AM,session,session_sidecar,INFO,SessionSavedEvent,Saved session 'D:\UFAMeasy_Workspace\UFAMeasy\slice\19\ooooo.ufamsession.json' with 3 slices
19/07/2026 11:51:52.821 AM,session,session_sidecar,INFO,SessionSavedEvent,Saved session 'D:\UFAMeasy_Workspace\UFAMeasy\slice\19\ooooo.ufamsession.json' with 3 slices
19/07/2026 11:51:52.824 AM,gcode,gcode_merge,INFO,GCodeMergedEvent,Merged 3 slices into 'D:\UFAMeasy_Workspace\UFAMeasy\slice\19\combined_print.gcode' (16.00000000325963ms)
19/07/2026 11:51:52.824 AM,gcode,gcode_merge,INFO,GCodeMergedEvent,Merged 3 slices into 'D:\UFAMeasy_Workspace\UFAMeasy\slice\19\combined_print.gcode' (16.00000000325963ms)
19/07/2026 08:12:47.302 PM,session,document,INFO,FileEvent,Document Closed | Path: D:/UFAMeasy_Workspace/UFAMeasy/slice/19/ooooo.FCStd | Name: Unnamed
19/07/2026 08:12:47.302 PM,session,document,INFO,FileEvent,Document Closed | Path: D:/UFAMeasy_Workspace/UFAMeasy/slice/19/ooooo.FCStd | Name: Unnamed
20/07/2026 07:30:37.227 PM,workflow,geometry,INFO,ShapeChangedEvent,"Created Box (Label: 'Box') [a=20.0, b=20.0, c=20.0]"
20/07/2026 07:30:37.227 PM,workflow,geometry,INFO,ShapeChangedEvent,"Created Box (Label: 'Box') [a=20.0, b=20.0, c=20.0]"
20/07/2026 07:30:59.238 PM,session,document,INFO,FileEvent,Document Saved | Path: D:/UFAMeasy_Workspace/UFAMeasy/slice/ffffffffffr/try.FCStd
20/07/2026 07:30:59.238 PM,session,document,INFO,FileEvent,Document Saved | Path: D:/UFAMeasy_Workspace/UFAMeasy/slice/ffffffffffr/try.FCStd
20/07/2026 07:30:59.238 PM,session,persistence,INFO,SessionSavedEvent,Saved session 'D:/UFAMeasy_Workspace/UFAMeasy/slice/ffffffffffr/try.FCStd' with 0 slices
20/07/2026 07:30:59.238 PM,session,persistence,INFO,SessionSavedEvent,Saved session 'D:/UFAMeasy_Workspace/UFAMeasy/slice/ffffffffffr/try.FCStd' with 0 slices
20/07/2026 07:31:16.873 PM,workflow,slicing,INFO,SliceStartedEvent,slice_index: 1 | output_path: D:\UFAMeasy_Workspace\UFAMeasy\slice\ffffffffffr | plane_count: 3
20/07/2026 07:31:16.873 PM,workflow,slicing,INFO,SliceStartedEvent,slice_index: 1 | output_path: D:\UFAMeasy_Workspace\UFAMeasy\slice\ffffffffffr | plane_count: 3
20/07/2026 07:31:17.411 PM,workflow,slicing,INFO,SliceCompletedEvent,slice_index: 1 | filename: slice_1.stl | output_path: D:\UFAMeasy_Workspace\UFAMeasy\slice\ffffffffffr | z_offset: 0.0 | center_x: 10.0 | center_y: 10.0 | duration_ms: 546.0000000020955
20/07/2026 07:31:17.411 PM,workflow,slicing,INFO,SliceCompletedEvent,slice_index: 1 | filename: slice_1.stl | output_path: D:\UFAMeasy_Workspace\UFAMeasy\slice\ffffffffffr | z_offset: 0.0 | center_x: 10.0 | center_y: 10.0 | duration_ms: 546.0000000020955
20/07/2026 07:31:17.433 PM,workflow,slicing,INFO,SliceStartedEvent,slice_index: 2 | output_path: D:\UFAMeasy_Workspace\UFAMeasy\slice\ffffffffffr | plane_count: 3
20/07/2026 07:31:17.433 PM,workflow,slicing,INFO,SliceStartedEvent,slice_index: 2 | output_path: D:\UFAMeasy_Workspace\UFAMeasy\slice\ffffffffffr | plane_count: 3
20/07/2026 07:31:17.439 PM,workflow,slicing,INFO,SliceCompletedEvent,slice_index: 2 | filename: slice_2.stl | output_path: D:\UFAMeasy_Workspace\UFAMeasy\slice\ffffffffffr | z_offset: 3.0 | center_x: 10.0 | center_y: 10.0 | duration_ms: 16.00000000325963
20/07/2026 07:31:17.439 PM,workflow,slicing,INFO,SliceCompletedEvent,slice_index: 2 | filename: slice_2.stl | output_path: D:\UFAMeasy_Workspace\UFAMeasy\slice\ffffffffffr | z_offset: 3.0 | center_x: 10.0 | center_y: 10.0 | duration_ms: 16.00000000325963
20/07/2026 07:31:17.464 PM,workflow,slicing,INFO,SliceStartedEvent,slice_index: 3 | output_path: D:\UFAMeasy_Workspace\UFAMeasy\slice\ffffffffffr | plane_count: 3
20/07/2026 07:31:17.464 PM,workflow,slicing,INFO,SliceStartedEvent,slice_index: 3 | output_path: D:\UFAMeasy_Workspace\UFAMeasy\slice\ffffffffffr | plane_count: 3
20/07/2026 07:31:17.470 PM,workflow,slicing,INFO,SliceCompletedEvent,slice_index: 3 | filename: slice_3.stl | output_path: D:\UFAMeasy_Workspace\UFAMeasy\slice\ffffffffffr | z_offset: 5.0 | center_x: 10.0 | center_y: 10.0 | duration_ms: 16.00000000325963
20/07/2026 07:31:17.470 PM,workflow,slicing,INFO,SliceCompletedEvent,slice_index: 3 | filename: slice_3.stl | output_path: D:\UFAMeasy_Workspace\UFAMeasy\slice\ffffffffffr | z_offset: 5.0 | center_x: 10.0 | center_y: 10.0 | duration_ms: 16.00000000325963
20/07/2026 07:31:17.477 PM,workflow,slicing,INFO,SliceStartedEvent,slice_index: 4 | output_path: D:\UFAMeasy_Workspace\UFAMeasy\slice\ffffffffffr | plane_count: 3
20/07/2026 07:31:17.477 PM,workflow,slicing,INFO,SliceStartedEvent,slice_index: 4 | output_path: D:\UFAMeasy_Workspace\UFAMeasy\slice\ffffffffffr | plane_count: 3
20/07/2026 07:31:17.488 PM,workflow,slicing,INFO,SliceCompletedEvent,slice_index: 4 | filename: slice_4.stl | output_path: D:\UFAMeasy_Workspace\UFAMeasy\slice\ffffffffffr | z_offset: 9.0 | center_x: 10.0 | center_y: 10.0 | duration_ms: 16.00000000325963
20/07/2026 07:31:17.488 PM,workflow,slicing,INFO,SliceCompletedEvent,slice_index: 4 | filename: slice_4.stl | output_path: D:\UFAMeasy_Workspace\UFAMeasy\slice\ffffffffffr | z_offset: 9.0 | center_x: 10.0 | center_y: 10.0 | duration_ms: 16.00000000325963
20/07/2026 07:31:20.140 PM,session,session_sidecar,INFO,SessionSavedEvent,Saved session 'D:\UFAMeasy_Workspace\UFAMeasy\slice\ffffffffffr\try.ufamsession.json' with 4 slices
20/07/2026 07:31:20.140 PM,session,session_sidecar,INFO,SessionSavedEvent,Saved session 'D:\UFAMeasy_Workspace\UFAMeasy\slice\ffffffffffr\try.ufamsession.json' with 4 slices
20/07/2026 07:32:14.999 PM,gcode,gcode_generation,INFO,GCodeGeneratedEvent,stl_path: D:\UFAMeasy_Workspace\UFAMeasy\slice\ffffffffffr\slice_1\layer_1.stl | gcode_path: D:\UFAMeasy_Workspace\UFAMeasy\slice\ffffffffffr\slice_1\layer_1.nc | config_path: D:\UFAMeasy_Workspace\UFAMeasy\slice\ffffffffffr\slice_1\layer_1.ini | z_offset: 0.0 | duration_ms: 1657.0000000065193
20/07/2026 07:32:14.999 PM,gcode,gcode_generation,INFO,GCodeGeneratedEvent,stl_path: D:\UFAMeasy_Workspace\UFAMeasy\slice\ffffffffffr\slice_1\layer_1.stl | gcode_path: D:\UFAMeasy_Workspace\UFAMeasy\slice\ffffffffffr\slice_1\layer_1.nc | config_path: D:\UFAMeasy_Workspace\UFAMeasy\slice\ffffffffffr\slice_1\layer_1.ini | z_offset: 0.0 | duration_ms: 1657.0000000065193
20/07/2026 07:32:15.394 PM,gcode,gcode_generation,INFO,GCodeGeneratedEvent,stl_path: D:\UFAMeasy_Workspace\UFAMeasy\slice\ffffffffffr\slice_1\layer_2.stl | gcode_path: D:\UFAMeasy_Workspace\UFAMeasy\slice\ffffffffffr\slice_1\layer_2.nc | config_path: D:\UFAMeasy_Workspace\UFAMeasy\slice\ffffffffffr\slice_1\layer_2.ini | z_offset: 1.0 | duration_ms: 405.99999998812564
20/07/2026 07:32:15.394 PM,gcode,gcode_generation,INFO,GCodeGeneratedEvent,stl_path: D:\UFAMeasy_Workspace\UFAMeasy\slice\ffffffffffr\slice_1\layer_2.stl | gcode_path: D:\UFAMeasy_Workspace\UFAMeasy\slice\ffffffffffr\slice_1\layer_2.nc | config_path: D:\UFAMeasy_Workspace\UFAMeasy\slice\ffffffffffr\slice_1\layer_2.ini | z_offset: 1.0 | duration_ms: 405.99999998812564
20/07/2026 07:32:15.708 PM,gcode,gcode_generation,INFO,GCodeGeneratedEvent,stl_path: D:\UFAMeasy_Workspace\UFAMeasy\slice\ffffffffffr\slice_1\layer_3.stl | gcode_path: D:\UFAMeasy_Workspace\UFAMeasy\slice\ffffffffffr\slice_1\layer_3.nc | config_path: D:\UFAMeasy_Workspace\UFAMeasy\slice\ffffffffffr\slice_1\layer_3.ini | z_offset: 2.0 | duration_ms: 312.0000000053551
20/07/2026 07:32:15.708 PM,gcode,gcode_generation,INFO,GCodeGeneratedEvent,stl_path: D:\UFAMeasy_Workspace\UFAMeasy\slice\ffffffffffr\slice_1\layer_3.stl | gcode_path: D:\UFAMeasy_Workspace\UFAMeasy\slice\ffffffffffr\slice_1\layer_3.nc | config_path: D:\UFAMeasy_Workspace\UFAMeasy\slice\ffffffffffr\slice_1\layer_3.ini | z_offset: 2.0 | duration_ms: 312.0000000053551
20/07/2026 07:32:16.074 PM,gcode,gcode_generation,INFO,GCodeGeneratedEvent,stl_path: D:\UFAMeasy_Workspace\UFAMeasy\slice\ffffffffffr\slice_2\layer_1.stl | gcode_path: D:\UFAMeasy_Workspace\UFAMeasy\slice\ffffffffffr\slice_2\layer_1.nc | config_path: D:\UFAMeasy_Workspace\UFAMeasy\slice\ffffffffffr\slice_2\layer_1.ini | z_offset: 3.0 | duration_ms: 312.9999999946449
20/07/2026 07:32:16.074 PM,gcode,gcode_generation,INFO,GCodeGeneratedEvent,stl_path: D:\UFAMeasy_Workspace\UFAMeasy\slice\ffffffffffr\slice_2\layer_1.stl | gcode_path: D:\UFAMeasy_Workspace\UFAMeasy\slice\ffffffffffr\slice_2\layer_1.nc | config_path: D:\UFAMeasy_Workspace\UFAMeasy\slice\ffffffffffr\slice_2\layer_1.ini | z_offset: 3.0 | duration_ms: 312.9999999946449
20/07/2026 07:32:16.344 PM,gcode,gcode_generation,INFO,GCodeGeneratedEvent,stl_path: D:\UFAMeasy_Workspace\UFAMeasy\slice\ffffffffffr\slice_2\layer_2.stl | gcode_path: D:\UFAMeasy_Workspace\UFAMeasy\slice\ffffffffffr\slice_2\layer_2.nc | config_path: D:\UFAMeasy_Workspace\UFAMeasy\slice\ffffffffffr\slice_2\layer_2.ini | z_offset: 4.0 | duration_ms: 264.999999984866
20/07/2026 07:32:16.344 PM,gcode,gcode_generation,INFO,GCodeGeneratedEvent,stl_path: D:\UFAMeasy_Workspace\UFAMeasy\slice\ffffffffffr\slice_2\layer_2.stl | gcode_path: D:\UFAMeasy_Workspace\UFAMeasy\slice\ffffffffffr\slice_2\layer_2.nc | config_path: D:\UFAMeasy_Workspace\UFAMeasy\slice\ffffffffffr\slice_2\layer_2.ini | z_offset: 4.0 | duration_ms: 264.999999984866
20/07/2026 07:32:16.741 PM,gcode,gcode_generation,INFO,GCodeGeneratedEvent,stl_path: D:\UFAMeasy_Workspace\UFAMeasy\slice\ffffffffffr\slice_3\layer_1.stl | gcode_path: D:\UFAMeasy_Workspace\UFAMeasy\slice\ffffffffffr\slice_3\layer_1.nc | config_path: D:\UFAMeasy_Workspace\UFAMeasy\slice\ffffffffffr\slice_3\layer_1.ini | z_offset: 5.0 | duration_ms: 312.9999999946449
20/07/2026 07:32:16.741 PM,gcode,gcode_generation,INFO,GCodeGeneratedEvent,stl_path: D:\UFAMeasy_Workspace\UFAMeasy\slice\ffffffffffr\slice_3\layer_1.stl | gcode_path: D:\UFAMeasy_Workspace\UFAMeasy\slice\ffffffffffr\slice_3\layer_1.nc | config_path: D:\UFAMeasy_Workspace\UFAMeasy\slice\ffffffffffr\slice_3\layer_1.ini | z_offset: 5.0 | duration_ms: 312.9999999946449
20/07/2026 07:32:17.079 PM,gcode,gcode_generation,INFO,GCodeGeneratedEvent,stl_path: D:\UFAMeasy_Workspace\UFAMeasy\slice\ffffffffffr\slice_3\layer_2.stl | gcode_path: D:\UFAMeasy_Workspace\UFAMeasy\slice\ffffffffffr\slice_3\layer_2.nc | config_path: D:\UFAMeasy_Workspace\UFAMeasy\slice\ffffffffffr\slice_3\layer_2.ini | z_offset: 6.0 | duration_ms: 342.99999999348074
20/07/2026 07:32:17.079 PM,gcode,gcode_generation,INFO,GCodeGeneratedEvent,stl_path: D:\UFAMeasy_Workspace\UFAMeasy\slice\ffffffffffr\slice_3\layer_2.stl | gcode_path: D:\UFAMeasy_Workspace\UFAMeasy\slice\ffffffffffr\slice_3\layer_2.nc | config_path: D:\UFAMeasy_Workspace\UFAMeasy\slice\ffffffffffr\slice_3\layer_2.ini | z_offset: 6.0 | duration_ms: 342.99999999348074
20/07/2026 07:32:17.424 PM,gcode,gcode_generation,INFO,GCodeGeneratedEvent,stl_path: D:\UFAMeasy_Workspace\UFAMeasy\slice\ffffffffffr\slice_3\layer_3.stl | gcode_path: D:\UFAMeasy_Workspace\UFAMeasy\slice\ffffffffffr\slice_3\layer_3.nc | config_path: D:\UFAMeasy_Workspace\UFAMeasy\slice\ffffffffffr\slice_3\layer_3.ini | z_offset: 7.0 | duration_ms: 344.00000001187436
20/07/2026 07:32:17.424 PM,gcode,gcode_generation,INFO,GCodeGeneratedEvent,stl_path: D:\UFAMeasy_Workspace\UFAMeasy\slice\ffffffffffr\slice_3\layer_3.stl | gcode_path: D:\UFAMeasy_Workspace\UFAMeasy\slice\ffffffffffr\slice_3\layer_3.nc | config_path: D:\UFAMeasy_Workspace\UFAMeasy\slice\ffffffffffr\slice_3\layer_3.ini | z_offset: 7.0 | duration_ms: 344.00000001187436
20/07/2026 07:32:17.724 PM,gcode,gcode_generation,INFO,GCodeGeneratedEvent,stl_path: D:\UFAMeasy_Workspace\UFAMeasy\slice\ffffffffffr\slice_3\layer_4.stl | gcode_path: D:\UFAMeasy_Workspace\UFAMeasy\slice\ffffffffffr\slice_3\layer_4.nc | config_path: D:\UFAMeasy_Workspace\UFAMeasy\slice\ffffffffffr\slice_3\layer_4.ini | z_offset: 8.0 | duration_ms: 296.99999999138527
20/07/2026 07:32:17.724 PM,gcode,gcode_generation,INFO,GCodeGeneratedEvent,stl_path: D:\UFAMeasy_Workspace\UFAMeasy\slice\ffffffffffr\slice_3\layer_4.stl | gcode_path: D:\UFAMeasy_Workspace\UFAMeasy\slice\ffffffffffr\slice_3\layer_4.nc | config_path: D:\UFAMeasy_Workspace\UFAMeasy\slice\ffffffffffr\slice_3\layer_4.ini | z_offset: 8.0 | duration_ms: 296.99999999138527
20/07/2026 07:32:18.241 PM,gcode,gcode_generation,INFO,GCodeGeneratedEvent,stl_path: D:\UFAMeasy_Workspace\UFAMeasy\slice\ffffffffffr\slice_4\layer_1.stl | gcode_path: D:\UFAMeasy_Workspace\UFAMeasy\slice\ffffffffffr\slice_4\layer_1.nc | config_path: D:\UFAMeasy_Workspace\UFAMeasy\slice\ffffffffffr\slice_4\layer_1.ini | z_offset: 9.0 | duration_ms: 312.9999999946449
20/07/2026 07:32:18.241 PM,gcode,gcode_generation,INFO,GCodeGeneratedEvent,stl_path: D:\UFAMeasy_Workspace\UFAMeasy\slice\ffffffffffr\slice_4\layer_1.stl | gcode_path: D:\UFAMeasy_Workspace\UFAMeasy\slice\ffffffffffr\slice_4\layer_1.nc | config_path: D:\UFAMeasy_Workspace\UFAMeasy\slice\ffffffffffr\slice_4\layer_1.ini | z_offset: 9.0 | duration_ms: 312.9999999946449
20/07/2026 07:32:18.589 PM,gcode,gcode_generation,INFO,GCodeGeneratedEvent,stl_path: D:\UFAMeasy_Workspace\UFAMeasy\slice\ffffffffffr\slice_4\layer_2.stl | gcode_path: D:\UFAMeasy_Workspace\UFAMeasy\slice\ffffffffffr\slice_4\layer_2.nc | config_path: D:\UFAMeasy_Workspace\UFAMeasy\slice\ffffffffffr\slice_4\layer_2.ini | z_offset: 10.0 | duration_ms: 342.99999999348074
20/07/2026 07:32:18.589 PM,gcode,gcode_generation,INFO,GCodeGeneratedEvent,stl_path: D:\UFAMeasy_Workspace\UFAMeasy\slice\ffffffffffr\slice_4\layer_2.stl | gcode_path: D:\UFAMeasy_Workspace\UFAMeasy\slice\ffffffffffr\slice_4\layer_2.nc | config_path: D:\UFAMeasy_Workspace\UFAMeasy\slice\ffffffffffr\slice_4\layer_2.ini | z_offset: 10.0 | duration_ms: 342.99999999348074
20/07/2026 07:32:18.873 PM,gcode,gcode_generation,INFO,GCodeGeneratedEvent,stl_path: D:\UFAMeasy_Workspace\UFAMeasy\slice\ffffffffffr\slice_4\layer_3.stl | gcode_path: D:\UFAMeasy_Workspace\UFAMeasy\slice\ffffffffffr\slice_4\layer_3.nc | config_path: D:\UFAMeasy_Workspace\UFAMeasy\slice\ffffffffffr\slice_4\layer_3.ini | z_offset: 11.0 | duration_ms: 282.00000000651926
20/07/2026 07:32:18.873 PM,gcode,gcode_generation,INFO,GCodeGeneratedEvent,stl_path: D:\UFAMeasy_Workspace\UFAMeasy\slice\ffffffffffr\slice_4\layer_3.stl | gcode_path: D:\UFAMeasy_Workspace\UFAMeasy\slice\ffffffffffr\slice_4\layer_3.nc | config_path: D:\UFAMeasy_Workspace\UFAMeasy\slice\ffffffffffr\slice_4\layer_3.ini | z_offset: 11.0 | duration_ms: 282.00000000651926
20/07/2026 07:32:19.163 PM,gcode,gcode_generation,INFO,GCodeGeneratedEvent,stl_path: D:\UFAMeasy_Workspace\UFAMeasy\slice\ffffffffffr\slice_4\layer_4.stl | gcode_path: D:\UFAMeasy_Workspace\UFAMeasy\slice\ffffffffffr\slice_4\layer_4.nc | config_path: D:\UFAMeasy_Workspace\UFAMeasy\slice\ffffffffffr\slice_4\layer_4.ini | z_offset: 12.0 | duration_ms: 296.0000000020955
20/07/2026 07:32:19.163 PM,gcode,gcode_generation,INFO,GCodeGeneratedEvent,stl_path: D:\UFAMeasy_Workspace\UFAMeasy\slice\ffffffffffr\slice_4\layer_4.stl | gcode_path: D:\UFAMeasy_Workspace\UFAMeasy\slice\ffffffffffr\slice_4\layer_4.nc | config_path: D:\UFAMeasy_Workspace\UFAMeasy\slice\ffffffffffr\slice_4\layer_4.ini | z_offset: 12.0 | duration_ms: 296.0000000020955
20/07/2026 07:32:19.460 PM,gcode,gcode_generation,INFO,GCodeGeneratedEvent,stl_path: D:\UFAMeasy_Workspace\UFAMeasy\slice\ffffffffffr\slice_4\layer_5.stl | gcode_path: D:\UFAMeasy_Workspace\UFAMeasy\slice\ffffffffffr\slice_4\layer_5.nc | config_path: D:\UFAMeasy_Workspace\UFAMeasy\slice\ffffffffffr\slice_4\layer_5.ini | z_offset: 13.0 | duration_ms: 296.99999999138527
20/07/2026 07:32:19.460 PM,gcode,gcode_generation,INFO,GCodeGeneratedEvent,stl_path: D:\UFAMeasy_Workspace\UFAMeasy\slice\ffffffffffr\slice_4\layer_5.stl | gcode_path: D:\UFAMeasy_Workspace\UFAMeasy\slice\ffffffffffr\slice_4\layer_5.nc | config_path: D:\UFAMeasy_Workspace\UFAMeasy\slice\ffffffffffr\slice_4\layer_5.ini | z_offset: 13.0 | duration_ms: 296.99999999138527
20/07/2026 07:32:19.786 PM,gcode,gcode_generation,INFO,GCodeGeneratedEvent,stl_path: D:\UFAMeasy_Workspace\UFAMeasy\slice\ffffffffffr\slice_4\layer_6.stl | gcode_path: D:\UFAMeasy_Workspace\UFAMeasy\slice\ffffffffffr\slice_4\layer_6.nc | config_path: D:\UFAMeasy_Workspace\UFAMeasy\slice\ffffffffffr\slice_4\layer_6.ini | z_offset: 14.0 | duration_ms: 328.00000000861473
20/07/2026 07:32:19.786 PM,gcode,gcode_generation,INFO,GCodeGeneratedEvent,stl_path: D:\UFAMeasy_Workspace\UFAMeasy\slice\ffffffffffr\slice_4\layer_6.stl | gcode_path: D:\UFAMeasy_Workspace\UFAMeasy\slice\ffffffffffr\slice_4\layer_6.nc | config_path: D:\UFAMeasy_Workspace\UFAMeasy\slice\ffffffffffr\slice_4\layer_6.ini | z_offset: 14.0 | duration_ms: 328.00000000861473
20/07/2026 07:32:20.174 PM,gcode,gcode_generation,INFO,GCodeGeneratedEvent,stl_path: D:\UFAMeasy_Workspace\UFAMeasy\slice\ffffffffffr\slice_4\layer_7.stl | gcode_path: D:\UFAMeasy_Workspace\UFAMeasy\slice\ffffffffffr\slice_4\layer_7.nc | config_path: D:\UFAMeasy_Workspace\UFAMeasy\slice\ffffffffffr\slice_4\layer_7.ini | z_offset: 15.0 | duration_ms: 391.00000000325963
20/07/2026 07:32:20.174 PM,gcode,gcode_generation,INFO,GCodeGeneratedEvent,stl_path: D:\UFAMeasy_Workspace\UFAMeasy\slice\ffffffffffr\slice_4\layer_7.stl | gcode_path: D:\UFAMeasy_Workspace\UFAMeasy\slice\ffffffffffr\slice_4\layer_7.nc | config_path: D:\UFAMeasy_Workspace\UFAMeasy\slice\ffffffffffr\slice_4\layer_7.ini | z_offset: 15.0 | duration_ms: 391.00000000325963
20/07/2026 07:32:20.482 PM,gcode,gcode_generation,INFO,GCodeGeneratedEvent,stl_path: D:\UFAMeasy_Workspace\UFAMeasy\slice\ffffffffffr\slice_4\layer_8.stl | gcode_path: D:\UFAMeasy_Workspace\UFAMeasy\slice\ffffffffffr\slice_4\layer_8.nc | config_path: D:\UFAMeasy_Workspace\UFAMeasy\slice\ffffffffffr\slice_4\layer_8.ini | z_offset: 16.0 | duration_ms: 296.99999999138527
20/07/2026 07:32:20.482 PM,gcode,gcode_generation,INFO,GCodeGeneratedEvent,stl_path: D:\UFAMeasy_Workspace\UFAMeasy\slice\ffffffffffr\slice_4\layer_8.stl | gcode_path: D:\UFAMeasy_Workspace\UFAMeasy\slice\ffffffffffr\slice_4\layer_8.nc | config_path: D:\UFAMeasy_Workspace\UFAMeasy\slice\ffffffffffr\slice_4\layer_8.ini | z_offset: 16.0 | duration_ms: 296.99999999138527
20/07/2026 07:32:20.774 PM,gcode,gcode_generation,INFO,GCodeGeneratedEvent,stl_path: D:\UFAMeasy_Workspace\UFAMeasy\slice\ffffffffffr\slice_4\layer_9.stl | gcode_path: D:\UFAMeasy_Workspace\UFAMeasy\slice\ffffffffffr\slice_4\layer_9.nc | config_path: D:\UFAMeasy_Workspace\UFAMeasy\slice\ffffffffffr\slice_4\layer_9.ini | z_offset: 17.0 | duration_ms: 296.99999999138527
20/07/2026 07:32:20.774 PM,gcode,gcode_generation,INFO,GCodeGeneratedEvent,stl_path: D:\UFAMeasy_Workspace\UFAMeasy\slice\ffffffffffr\slice_4\layer_9.stl | gcode_path: D:\UFAMeasy_Workspace\UFAMeasy\slice\ffffffffffr\slice_4\layer_9.nc | config_path: D:\UFAMeasy_Workspace\UFAMeasy\slice\ffffffffffr\slice_4\layer_9.ini | z_offset: 17.0 | duration_ms: 296.99999999138527
20/07/2026 07:32:21.061 PM,gcode,gcode_generation,INFO,GCodeGeneratedEvent,stl_path: D:\UFAMeasy_Workspace\UFAMeasy\slice\ffffffffffr\slice_4\layer_10.stl | gcode_path: D:\UFAMeasy_Workspace\UFAMeasy\slice\ffffffffffr\slice_4\layer_10.nc | config_path: D:\UFAMeasy_Workspace\UFAMeasy\slice\ffffffffffr\slice_4\layer_10.ini | z_offset: 18.0 | duration_ms: 281.00000001722947
20/07/2026 07:32:21.061 PM,gcode,gcode_generation,INFO,GCodeGeneratedEvent,stl_path: D:\UFAMeasy_Workspace\UFAMeasy\slice\ffffffffffr\slice_4\layer_10.stl | gcode_path: D:\UFAMeasy_Workspace\UFAMeasy\slice\ffffffffffr\slice_4\layer_10.nc | config_path: D:\UFAMeasy_Workspace\UFAMeasy\slice\ffffffffffr\slice_4\layer_10.ini | z_offset: 18.0 | duration_ms: 281.00000001722947
20/07/2026 07:32:21.357 PM,gcode,gcode_generation,INFO,GCodeGeneratedEvent,stl_path: D:\UFAMeasy_Workspace\UFAMeasy\slice\ffffffffffr\slice_4\layer_11.stl | gcode_path: D:\UFAMeasy_Workspace\UFAMeasy\slice\ffffffffffr\slice_4\layer_11.nc | config_path: D:\UFAMeasy_Workspace\UFAMeasy\slice\ffffffffffr\slice_4\layer_11.ini | z_offset: 19.0 | duration_ms: 296.99999999138527
20/07/2026 07:32:21.357 PM,gcode,gcode_generation,INFO,GCodeGeneratedEvent,stl_path: D:\UFAMeasy_Workspace\UFAMeasy\slice\ffffffffffr\slice_4\layer_11.stl | gcode_path: D:\UFAMeasy_Workspace\UFAMeasy\slice\ffffffffffr\slice_4\layer_11.nc | config_path: D:\UFAMeasy_Workspace\UFAMeasy\slice\ffffffffffr\slice_4\layer_11.ini | z_offset: 19.0 | duration_ms: 296.99999999138527
20/07/2026 07:32:23.088 PM,session,session_sidecar,INFO,SessionSavedEvent,Saved session 'D:\UFAMeasy_Workspace\UFAMeasy\slice\ffffffffffr\try.ufamsession.json' with 4 slices
20/07/2026 07:32:23.088 PM,session,session_sidecar,INFO,SessionSavedEvent,Saved session 'D:\UFAMeasy_Workspace\UFAMeasy\slice\ffffffffffr\try.ufamsession.json' with 4 slices
20/07/2026 07:32:23.092 PM,gcode,gcode_merge,INFO,GCodeMergedEvent,Merged 4 slices into 'D:\UFAMeasy_Workspace\UFAMeasy\slice\ffffffffffr\combined_print.gcode' (30.999999988125637ms)
20/07/2026 07:32:23.092 PM,gcode,gcode_merge,INFO,GCodeMergedEvent,Merged 4 slices into 'D:\UFAMeasy_Workspace\UFAMeasy\slice\ffffffffffr\combined_print.gcode' (30.999999988125637ms)
20/07/2026 07:32:34.731 PM,workflow,job_estimator,INFO,JobEstimationEvent,Started estimation for 'D:\UFAMeasy_Workspace\UFAMeasy\slice\ffffffffffr\slice_1.gcode' (0ms)
20/07/2026 07:32:34.731 PM,workflow,job_estimator,INFO,JobEstimationEvent,Started estimation for 'D:\UFAMeasy_Workspace\UFAMeasy\slice\ffffffffffr\slice_1.gcode' (0ms)
20/07/2026 07:32:34.743 PM,workflow,job_estimator,INFO,JobEstimationEvent,Completed estimation for 'D:\UFAMeasy_Workspace\UFAMeasy\slice\ffffffffffr\slice_1.gcode' (11.451500002294779ms)
20/07/2026 07:32:34.743 PM,workflow,job_estimator,INFO,JobEstimationEvent,Completed estimation for 'D:\UFAMeasy_Workspace\UFAMeasy\slice\ffffffffffr\slice_1.gcode' (11.451500002294779ms)
20/07/2026 07:32:34.743 PM,workflow,job_estimator,INFO,JobEstimationEvent,Started estimation for 'D:\UFAMeasy_Workspace\UFAMeasy\slice\ffffffffffr\slice_2.gcode' (0ms)
20/07/2026 07:32:34.743 PM,workflow,job_estimator,INFO,JobEstimationEvent,Started estimation for 'D:\UFAMeasy_Workspace\UFAMeasy\slice\ffffffffffr\slice_2.gcode' (0ms)
20/07/2026 07:32:34.749 PM,workflow,job_estimator,INFO,JobEstimationEvent,Completed estimation for 'D:\UFAMeasy_Workspace\UFAMeasy\slice\ffffffffffr\slice_2.gcode' (5.7708999956958ms)
20/07/2026 07:32:34.749 PM,workflow,job_estimator,INFO,JobEstimationEvent,Completed estimation for 'D:\UFAMeasy_Workspace\UFAMeasy\slice\ffffffffffr\slice_2.gcode' (5.7708999956958ms)
20/07/2026 07:32:34.749 PM,workflow,job_estimator,INFO,JobEstimationEvent,Started estimation for 'D:\UFAMeasy_Workspace\UFAMeasy\slice\ffffffffffr\slice_3.gcode' (0ms)
20/07/2026 07:32:34.749 PM,workflow,job_estimator,INFO,JobEstimationEvent,Started estimation for 'D:\UFAMeasy_Workspace\UFAMeasy\slice\ffffffffffr\slice_3.gcode' (0ms)
20/07/2026 07:32:34.761 PM,workflow,job_estimator,INFO,JobEstimationEvent,Completed estimation for 'D:\UFAMeasy_Workspace\UFAMeasy\slice\ffffffffffr\slice_3.gcode' (12.125699984608218ms)
20/07/2026 07:32:34.761 PM,workflow,job_estimator,INFO,JobEstimationEvent,Completed estimation for 'D:\UFAMeasy_Workspace\UFAMeasy\slice\ffffffffffr\slice_3.gcode' (12.125699984608218ms)
20/07/2026 07:32:34.762 PM,workflow,job_estimator,INFO,JobEstimationEvent,Started estimation for 'D:\UFAMeasy_Workspace\UFAMeasy\slice\ffffffffffr\slice_4.gcode' (0ms)
20/07/2026 07:32:34.762 PM,workflow,job_estimator,INFO,JobEstimationEvent,Started estimation for 'D:\UFAMeasy_Workspace\UFAMeasy\slice\ffffffffffr\slice_4.gcode' (0ms)
20/07/2026 07:32:34.789 PM,workflow,job_estimator,INFO,JobEstimationEvent,Completed estimation for 'D:\UFAMeasy_Workspace\UFAMeasy\slice\ffffffffffr\slice_4.gcode' (27.869400015333667ms)
20/07/2026 07:32:34.789 PM,workflow,job_estimator,INFO,JobEstimationEvent,Completed estimation for 'D:\UFAMeasy_Workspace\UFAMeasy\slice\ffffffffffr\slice_4.gcode' (27.869400015333667ms)
20/07/2026 07:32:34.790 PM,workflow,job_estimator,INFO,JobEstimationEvent,Started estimation for 'D:\UFAMeasy_Workspace\UFAMeasy\slice\ffffffffffr\combined_print.gcode' (0ms)
20/07/2026 07:32:34.790 PM,workflow,job_estimator,INFO,JobEstimationEvent,Started estimation for 'D:\UFAMeasy_Workspace\UFAMeasy\slice\ffffffffffr\combined_print.gcode' (0ms)
20/07/2026 07:32:34.846 PM,workflow,job_estimator,INFO,JobEstimationEvent,Completed estimation for 'D:\UFAMeasy_Workspace\UFAMeasy\slice\ffffffffffr\combined_print.gcode' (57.020299980649725ms)
20/07/2026 07:32:34.846 PM,workflow,job_estimator,INFO,JobEstimationEvent,Completed estimation for 'D:\UFAMeasy_Workspace\UFAMeasy\slice\ffffffffffr\combined_print.gcode' (57.020299980649725ms)
20/07/2026 07:32:37.639 PM,workflow,job_estimator,INFO,JobEstimationEvent,Started estimation for 'D:\UFAMeasy_Workspace\UFAMeasy\slice\ffffffffffr\slice_1.gcode' (0ms)
20/07/2026 07:32:37.639 PM,workflow,job_estimator,INFO,JobEstimationEvent,Started estimation for 'D:\UFAMeasy_Workspace\UFAMeasy\slice\ffffffffffr\slice_1.gcode' (0ms)
20/07/2026 07:32:37.648 PM,workflow,job_estimator,INFO,JobEstimationEvent,Completed estimation for 'D:\UFAMeasy_Workspace\UFAMeasy\slice\ffffffffffr\slice_1.gcode' (8.885600022040308ms)
20/07/2026 07:32:37.648 PM,workflow,job_estimator,INFO,JobEstimationEvent,Completed estimation for 'D:\UFAMeasy_Workspace\UFAMeasy\slice\ffffffffffr\slice_1.gcode' (8.885600022040308ms)
20/07/2026 07:32:37.649 PM,workflow,job_estimator,INFO,JobEstimationEvent,Started estimation for 'D:\UFAMeasy_Workspace\UFAMeasy\slice\ffffffffffr\slice_2.gcode' (0ms)
20/07/2026 07:32:37.649 PM,workflow,job_estimator,INFO,JobEstimationEvent,Started estimation for 'D:\UFAMeasy_Workspace\UFAMeasy\slice\ffffffffffr\slice_2.gcode' (0ms)
20/07/2026 07:32:37.654 PM,workflow,job_estimator,INFO,JobEstimationEvent,Completed estimation for 'D:\UFAMeasy_Workspace\UFAMeasy\slice\ffffffffffr\slice_2.gcode' (5.133300001034513ms)
20/07/2026 07:32:37.654 PM,workflow,job_estimator,INFO,JobEstimationEvent,Completed estimation for 'D:\UFAMeasy_Workspace\UFAMeasy\slice\ffffffffffr\slice_2.gcode' (5.133300001034513ms)
20/07/2026 07:32:37.654 PM,workflow,job_estimator,INFO,JobEstimationEvent,Started estimation for 'D:\UFAMeasy_Workspace\UFAMeasy\slice\ffffffffffr\slice_3.gcode' (0ms)
20/07/2026 07:32:37.654 PM,workflow,job_estimator,INFO,JobEstimationEvent,Started estimation for 'D:\UFAMeasy_Workspace\UFAMeasy\slice\ffffffffffr\slice_3.gcode' (0ms)
20/07/2026 07:32:37.663 PM,workflow,job_estimator,INFO,JobEstimationEvent,Completed estimation for 'D:\UFAMeasy_Workspace\UFAMeasy\slice\ffffffffffr\slice_3.gcode' (9.359099989524111ms)
20/07/2026 07:32:37.663 PM,workflow,job_estimator,INFO,JobEstimationEvent,Completed estimation for 'D:\UFAMeasy_Workspace\UFAMeasy\slice\ffffffffffr\slice_3.gcode' (9.359099989524111ms)
20/07/2026 07:32:37.664 PM,workflow,job_estimator,INFO,JobEstimationEvent,Started estimation for 'D:\UFAMeasy_Workspace\UFAMeasy\slice\ffffffffffr\slice_4.gcode' (0ms)
20/07/2026 07:32:37.664 PM,workflow,job_estimator,INFO,JobEstimationEvent,Started estimation for 'D:\UFAMeasy_Workspace\UFAMeasy\slice\ffffffffffr\slice_4.gcode' (0ms)
20/07/2026 07:32:37.688 PM,workflow,job_estimator,INFO,JobEstimationEvent,Completed estimation for 'D:\UFAMeasy_Workspace\UFAMeasy\slice\ffffffffffr\slice_4.gcode' (23.729900014586747ms)
20/07/2026 07:32:37.688 PM,workflow,job_estimator,INFO,JobEstimationEvent,Completed estimation for 'D:\UFAMeasy_Workspace\UFAMeasy\slice\ffffffffffr\slice_4.gcode' (23.729900014586747ms)
20/07/2026 07:32:37.688 PM,workflow,job_estimator,INFO,JobEstimationEvent,Started estimation for 'D:\UFAMeasy_Workspace\UFAMeasy\slice\ffffffffffr\combined_print.gcode' (0ms)
20/07/2026 07:32:37.688 PM,workflow,job_estimator,INFO,JobEstimationEvent,Started estimation for 'D:\UFAMeasy_Workspace\UFAMeasy\slice\ffffffffffr\combined_print.gcode' (0ms)
20/07/2026 07:32:37.729 PM,workflow,job_estimator,INFO,JobEstimationEvent,Completed estimation for 'D:\UFAMeasy_Workspace\UFAMeasy\slice\ffffffffffr\combined_print.gcode' (41.12670000176877ms)
20/07/2026 07:32:37.729 PM,workflow,job_estimator,INFO,JobEstimationEvent,Completed estimation for 'D:\UFAMeasy_Workspace\UFAMeasy\slice\ffffffffffr\combined_print.gcode' (41.12670000176877ms)
20/07/2026 07:32:57.417 PM,session,session_sidecar,INFO,SessionSavedEvent,Saved session 'D:\UFAMeasy_Workspace\UFAMeasy\slice\ffffffffffr\try.ufamsession.json' with 4 slices
20/07/2026 07:32:57.417 PM,session,session_sidecar,INFO,SessionSavedEvent,Saved session 'D:\UFAMeasy_Workspace\UFAMeasy\slice\ffffffffffr\try.ufamsession.json' with 4 slices
20/07/2026 07:32:57.419 PM,gcode,gcode_merge,INFO,GCodeMergedEvent,Merged 4 slices into 'D:\UFAMeasy_Workspace\UFAMeasy\slice\ffffffffffr\combined_print.gcode'
20/07/2026 07:32:57.419 PM,gcode,gcode_merge,INFO,GCodeMergedEvent,Merged 4 slices into 'D:\UFAMeasy_Workspace\UFAMeasy\slice\ffffffffffr\combined_print.gcode'
20/07/2026 07:33:14.906 PM,gcode,gcode_generation,INFO,GCodeGeneratedEvent,stl_path: D:\UFAMeasy_Workspace\UFAMeasy\slice\ffffffffffr\slice_1\layer_1.stl | gcode_path: D:\UFAMeasy_Workspace\UFAMeasy\slice\ffffffffffr\slice_1\layer_1.nc | config_path: D:\UFAMeasy_Workspace\UFAMeasy\slice\ffffffffffr\slice_1\layer_1.ini | z_offset: 0.0 | duration_ms: 312.9999999946449
20/07/2026 07:33:14.906 PM,gcode,gcode_generation,INFO,GCodeGeneratedEvent,stl_path: D:\UFAMeasy_Workspace\UFAMeasy\slice\ffffffffffr\slice_1\layer_1.stl | gcode_path: D:\UFAMeasy_Workspace\UFAMeasy\slice\ffffffffffr\slice_1\layer_1.nc | config_path: D:\UFAMeasy_Workspace\UFAMeasy\slice\ffffffffffr\slice_1\layer_1.ini | z_offset: 0.0 | duration_ms: 312.9999999946449
20/07/2026 07:33:15.184 PM,gcode,gcode_generation,INFO,GCodeGeneratedEvent,stl_path: D:\UFAMeasy_Workspace\UFAMeasy\slice\ffffffffffr\slice_1\layer_2.stl | gcode_path: D:\UFAMeasy_Workspace\UFAMeasy\slice\ffffffffffr\slice_1\layer_2.nc | config_path: D:\UFAMeasy_Workspace\UFAMeasy\slice\ffffffffffr\slice_1\layer_2.ini | z_offset: 1.0 | duration_ms: 281.00000001722947
20/07/2026 07:33:15.184 PM,gcode,gcode_generation,INFO,GCodeGeneratedEvent,stl_path: D:\UFAMeasy_Workspace\UFAMeasy\slice\ffffffffffr\slice_1\layer_2.stl | gcode_path: D:\UFAMeasy_Workspace\UFAMeasy\slice\ffffffffffr\slice_1\layer_2.nc | config_path: D:\UFAMeasy_Workspace\UFAMeasy\slice\ffffffffffr\slice_1\layer_2.ini | z_offset: 1.0 | duration_ms: 281.00000001722947
20/07/2026 07:33:15.507 PM,gcode,gcode_generation,INFO,GCodeGeneratedEvent,stl_path: D:\UFAMeasy_Workspace\UFAMeasy\slice\ffffffffffr\slice_1\layer_3.stl | gcode_path: D:\UFAMeasy_Workspace\UFAMeasy\slice\ffffffffffr\slice_1\layer_3.nc | config_path: D:\UFAMeasy_Workspace\UFAMeasy\slice\ffffffffffr\slice_1\layer_3.ini | z_offset: 2.0 | duration_ms: 328.00000000861473
20/07/2026 07:33:15.507 PM,gcode,gcode_generation,INFO,GCodeGeneratedEvent,stl_path: D:\UFAMeasy_Workspace\UFAMeasy\slice\ffffffffffr\slice_1\layer_3.stl | gcode_path: D:\UFAMeasy_Workspace\UFAMeasy\slice\ffffffffffr\slice_1\layer_3.nc | config_path: D:\UFAMeasy_Workspace\UFAMeasy\slice\ffffffffffr\slice_1\layer_3.ini | z_offset: 2.0 | duration_ms: 328.00000000861473
20/07/2026 07:33:15.875 PM,gcode,gcode_generation,INFO,GCodeGeneratedEvent,stl_path: D:\UFAMeasy_Workspace\UFAMeasy\slice\ffffffffffr\slice_2\layer_1.stl | gcode_path: D:\UFAMeasy_Workspace\UFAMeasy\slice\ffffffffffr\slice_2\layer_1.nc | config_path: D:\UFAMeasy_Workspace\UFAMeasy\slice\ffffffffffr\slice_2\layer_1.ini | z_offset: 3.0 | duration_ms: 328.9999999979045
20/07/2026 07:33:15.875 PM,gcode,gcode_generation,INFO,GCodeGeneratedEvent,stl_path: D:\UFAMeasy_Workspace\UFAMeasy\slice\ffffffffffr\slice_2\layer_1.stl | gcode_path: D:\UFAMeasy_Workspace\UFAMeasy\slice\ffffffffffr\slice_2\layer_1.nc | config_path: D:\UFAMeasy_Workspace\UFAMeasy\slice\ffffffffffr\slice_2\layer_1.ini | z_offset: 3.0 | duration_ms: 328.9999999979045
20/07/2026 07:33:16.195 PM,gcode,gcode_generation,INFO,GCodeGeneratedEvent,stl_path: D:\UFAMeasy_Workspace\UFAMeasy\slice\ffffffffffr\slice_2\layer_2.stl | gcode_path: D:\UFAMeasy_Workspace\UFAMeasy\slice\ffffffffffr\slice_2\layer_2.nc | config_path: D:\UFAMeasy_Workspace\UFAMeasy\slice\ffffffffffr\slice_2\layer_2.ini | z_offset: 4.0 | duration_ms: 328.00000000861473
20/07/2026 07:33:16.195 PM,gcode,gcode_generation,INFO,GCodeGeneratedEvent,stl_path: D:\UFAMeasy_Workspace\UFAMeasy\slice\ffffffffffr\slice_2\layer_2.stl | gcode_path: D:\UFAMeasy_Workspace\UFAMeasy\slice\ffffffffffr\slice_2\layer_2.nc | config_path: D:\UFAMeasy_Workspace\UFAMeasy\slice\ffffffffffr\slice_2\layer_2.ini | z_offset: 4.0 | duration_ms: 328.00000000861473
20/07/2026 07:33:16.574 PM,gcode,gcode_generation,INFO,GCodeGeneratedEvent,stl_path: D:\UFAMeasy_Workspace\UFAMeasy\slice\ffffffffffr\slice_3\layer_1.stl | gcode_path: D:\UFAMeasy_Workspace\UFAMeasy\slice\ffffffffffr\slice_3\layer_1.nc | config_path: D:\UFAMeasy_Workspace\UFAMeasy\slice\ffffffffffr\slice_3\layer_1.ini | z_offset: 5.0 | duration_ms: 312.9999999946449
20/07/2026 07:33:16.574 PM,gcode,gcode_generation,INFO,GCodeGeneratedEvent,stl_path: D:\UFAMeasy_Workspace\UFAMeasy\slice\ffffffffffr\slice_3\layer_1.stl | gcode_path: D:\UFAMeasy_Workspace\UFAMeasy\slice\ffffffffffr\slice_3\layer_1.nc | config_path: D:\UFAMeasy_Workspace\UFAMeasy\slice\ffffffffffr\slice_3\layer_1.ini | z_offset: 5.0 | duration_ms: 312.9999999946449
20/07/2026 07:33:16.917 PM,gcode,gcode_generation,INFO,GCodeGeneratedEvent,stl_path: D:\UFAMeasy_Workspace\UFAMeasy\slice\ffffffffffr\slice_3\layer_2.stl | gcode_path: D:\UFAMeasy_Workspace\UFAMeasy\slice\ffffffffffr\slice_3\layer_2.nc | config_path: D:\UFAMeasy_Workspace\UFAMeasy\slice\ffffffffffr\slice_3\layer_2.ini | z_offset: 6.0 | duration_ms: 342.99999999348074
20/07/2026 07:33:16.917 PM,gcode,gcode_generation,INFO,GCodeGeneratedEvent,stl_path: D:\UFAMeasy_Workspace\UFAMeasy\slice\ffffffffffr\slice_3\layer_2.stl | gcode_path: D:\UFAMeasy_Workspace\UFAMeasy\slice\ffffffffffr\slice_3\layer_2.nc | config_path: D:\UFAMeasy_Workspace\UFAMeasy\slice\ffffffffffr\slice_3\layer_2.ini | z_offset: 6.0 | duration_ms: 342.99999999348074
20/07/2026 07:33:17.224 PM,gcode,gcode_generation,INFO,GCodeGeneratedEvent,stl_path: D:\UFAMeasy_Workspace\UFAMeasy\slice\ffffffffffr\slice_3\layer_3.stl | gcode_path: D:\UFAMeasy_Workspace\UFAMeasy\slice\ffffffffffr\slice_3\layer_3.nc | config_path: D:\UFAMeasy_Workspace\UFAMeasy\slice\ffffffffffr\slice_3\layer_3.ini | z_offset: 7.0 | duration_ms: 312.9999999946449
20/07/2026 07:33:17.224 PM,gcode,gcode_generation,INFO,GCodeGeneratedEvent,stl_path: D:\UFAMeasy_Workspace\UFAMeasy\slice\ffffffffffr\slice_3\layer_3.stl | gcode_path: D:\UFAMeasy_Workspace\UFAMeasy\slice\ffffffffffr\slice_3\layer_3.nc | config_path: D:\UFAMeasy_Workspace\UFAMeasy\slice\ffffffffffr\slice_3\layer_3.ini | z_offset: 7.0 | duration_ms: 312.9999999946449
20/07/2026 07:33:17.536 PM,gcode,gcode_generation,INFO,GCodeGeneratedEvent,stl_path: D:\UFAMeasy_Workspace\UFAMeasy\slice\ffffffffffr\slice_3\layer_4.stl | gcode_path: D:\UFAMeasy_Workspace\UFAMeasy\slice\ffffffffffr\slice_3\layer_4.nc | config_path: D:\UFAMeasy_Workspace\UFAMeasy\slice\ffffffffffr\slice_3\layer_4.ini | z_offset: 8.0 | duration_ms: 312.0000000053551
20/07/2026 07:33:17.536 PM,gcode,gcode_generation,INFO,GCodeGeneratedEvent,stl_path: D:\UFAMeasy_Workspace\UFAMeasy\slice\ffffffffffr\slice_3\layer_4.stl | gcode_path: D:\UFAMeasy_Workspace\UFAMeasy\slice\ffffffffffr\slice_3\layer_4.nc | config_path: D:\UFAMeasy_Workspace\UFAMeasy\slice\ffffffffffr\slice_3\layer_4.ini | z_offset: 8.0 | duration_ms: 312.0000000053551
20/07/2026 07:33:17.990 PM,gcode,gcode_generation,INFO,GCodeGeneratedEvent,stl_path: D:\UFAMeasy_Workspace\UFAMeasy\slice\ffffffffffr\slice_4\layer_1.stl | gcode_path: D:\UFAMeasy_Workspace\UFAMeasy\slice\ffffffffffr\slice_4\layer_1.nc | config_path: D:\UFAMeasy_Workspace\UFAMeasy\slice\ffffffffffr\slice_4\layer_1.ini | z_offset: 9.0 | duration_ms: 282.00000000651926
20/07/2026 07:33:17.990 PM,gcode,gcode_generation,INFO,GCodeGeneratedEvent,stl_path: D:\UFAMeasy_Workspace\UFAMeasy\slice\ffffffffffr\slice_4\layer_1.stl | gcode_path: D:\UFAMeasy_Workspace\UFAMeasy\slice\ffffffffffr\slice_4\layer_1.nc | config_path: D:\UFAMeasy_Workspace\UFAMeasy\slice\ffffffffffr\slice_4\layer_1.ini | z_offset: 9.0 | duration_ms: 282.00000000651926
20/07/2026 07:33:18.283 PM,gcode,gcode_generation,INFO,GCodeGeneratedEvent,stl_path: D:\UFAMeasy_Workspace\UFAMeasy\slice\ffffffffffr\slice_4\layer_2.stl | gcode_path: D:\UFAMeasy_Workspace\UFAMeasy\slice\ffffffffffr\slice_4\layer_2.nc | config_path: D:\UFAMeasy_Workspace\UFAMeasy\slice\ffffffffffr\slice_4\layer_2.ini | z_offset: 10.0 | duration_ms: 296.0000000020955
20/07/2026 07:33:18.283 PM,gcode,gcode_generation,INFO,GCodeGeneratedEvent,stl_path: D:\UFAMeasy_Workspace\UFAMeasy\slice\ffffffffffr\slice_4\layer_2.stl | gcode_path: D:\UFAMeasy_Workspace\UFAMeasy\slice\ffffffffffr\slice_4\layer_2.nc | config_path: D:\UFAMeasy_Workspace\UFAMeasy\slice\ffffffffffr\slice_4\layer_2.ini | z_offset: 10.0 | duration_ms: 296.0000000020955
20/07/2026 07:33:18.607 PM,gcode,gcode_generation,INFO,GCodeGeneratedEvent,stl_path: D:\UFAMeasy_Workspace\UFAMeasy\slice\ffffffffffr\slice_4\layer_3.stl | gcode_path: D:\UFAMeasy_Workspace\UFAMeasy\slice\ffffffffffr\slice_4\layer_3.nc | config_path: D:\UFAMeasy_Workspace\UFAMeasy\slice\ffffffffffr\slice_4\layer_3.ini | z_offset: 11.0 | duration_ms: 312.9999999946449
20/07/2026 07:33:18.607 PM,gcode,gcode_generation,INFO,GCodeGeneratedEvent,stl_path: D:\UFAMeasy_Workspace\UFAMeasy\slice\ffffffffffr\slice_4\layer_3.stl | gcode_path: D:\UFAMeasy_Workspace\UFAMeasy\slice\ffffffffffr\slice_4\layer_3.nc | config_path: D:\UFAMeasy_Workspace\UFAMeasy\slice\ffffffffffr\slice_4\layer_3.ini | z_offset: 11.0 | duration_ms: 312.9999999946449
20/07/2026 07:33:18.887 PM,gcode,gcode_generation,INFO,GCodeGeneratedEvent,stl_path: D:\UFAMeasy_Workspace\UFAMeasy\slice\ffffffffffr\slice_4\layer_4.stl | gcode_path: D:\UFAMeasy_Workspace\UFAMeasy\slice\ffffffffffr\slice_4\layer_4.nc | config_path: D:\UFAMeasy_Workspace\UFAMeasy\slice\ffffffffffr\slice_4\layer_4.ini | z_offset: 12.0 | duration_ms: 281.00000001722947
20/07/2026 07:33:18.887 PM,gcode,gcode_generation,INFO,GCodeGeneratedEvent,stl_path: D:\UFAMeasy_Workspace\UFAMeasy\slice\ffffffffffr\slice_4\layer_4.stl | gcode_path: D:\UFAMeasy_Workspace\UFAMeasy\slice\ffffffffffr\slice_4\layer_4.nc | config_path: D:\UFAMeasy_Workspace\UFAMeasy\slice\ffffffffffr\slice_4\layer_4.ini | z_offset: 12.0 | duration_ms: 281.00000001722947
20/07/2026 07:33:19.225 PM,gcode,gcode_generation,INFO,GCodeGeneratedEvent,stl_path: D:\UFAMeasy_Workspace\UFAMeasy\slice\ffffffffffr\slice_4\layer_5.stl | gcode_path: D:\UFAMeasy_Workspace\UFAMeasy\slice\ffffffffffr\slice_4\layer_5.nc | config_path: D:\UFAMeasy_Workspace\UFAMeasy\slice\ffffffffffr\slice_4\layer_5.ini | z_offset: 13.0 | duration_ms: 343.99999998277053
20/07/2026 07:33:19.225 PM,gcode,gcode_generation,INFO,GCodeGeneratedEvent,stl_path: D:\UFAMeasy_Workspace\UFAMeasy\slice\ffffffffffr\slice_4\layer_5.stl | gcode_path: D:\UFAMeasy_Workspace\UFAMeasy\slice\ffffffffffr\slice_4\layer_5.nc | config_path: D:\UFAMeasy_Workspace\UFAMeasy\slice\ffffffffffr\slice_4\layer_5.ini | z_offset: 13.0 | duration_ms: 343.99999998277053
20/07/2026 07:33:19.540 PM,gcode,gcode_generation,INFO,GCodeGeneratedEvent,stl_path: D:\UFAMeasy_Workspace\UFAMeasy\slice\ffffffffffr\slice_4\layer_6.stl | gcode_path: D:\UFAMeasy_Workspace\UFAMeasy\slice\ffffffffffr\slice_4\layer_6.nc | config_path: D:\UFAMeasy_Workspace\UFAMeasy\slice\ffffffffffr\slice_4\layer_6.ini | z_offset: 14.0 | duration_ms: 312.0000000053551
20/07/2026 07:33:19.540 PM,gcode,gcode_generation,INFO,GCodeGeneratedEvent,stl_path: D:\UFAMeasy_Workspace\UFAMeasy\slice\ffffffffffr\slice_4\layer_6.stl | gcode_path: D:\UFAMeasy_Workspace\UFAMeasy\slice\ffffffffffr\slice_4\layer_6.nc | config_path: D:\UFAMeasy_Workspace\UFAMeasy\slice\ffffffffffr\slice_4\layer_6.ini | z_offset: 14.0 | duration_ms: 312.0000000053551
20/07/2026 07:33:19.858 PM,gcode,gcode_generation,INFO,GCodeGeneratedEvent,stl_path: D:\UFAMeasy_Workspace\UFAMeasy\slice\ffffffffffr\slice_4\layer_7.stl | gcode_path: D:\UFAMeasy_Workspace\UFAMeasy\slice\ffffffffffr\slice_4\layer_7.nc | config_path: D:\UFAMeasy_Workspace\UFAMeasy\slice\ffffffffffr\slice_4\layer_7.ini | z_offset: 15.0 | duration_ms: 312.9999999946449
20/07/2026 07:33:19.858 PM,gcode,gcode_generation,INFO,GCodeGeneratedEvent,stl_path: D:\UFAMeasy_Workspace\UFAMeasy\slice\ffffffffffr\slice_4\layer_7.stl | gcode_path: D:\UFAMeasy_Workspace\UFAMeasy\slice\ffffffffffr\slice_4\layer_7.nc | config_path: D:\UFAMeasy_Workspace\UFAMeasy\slice\ffffffffffr\slice_4\layer_7.ini | z_offset: 15.0 | duration_ms: 312.9999999946449
20/07/2026 07:33:20.163 PM,gcode,gcode_generation,INFO,GCodeGeneratedEvent,stl_path: D:\UFAMeasy_Workspace\UFAMeasy\slice\ffffffffffr\slice_4\layer_8.stl | gcode_path: D:\UFAMeasy_Workspace\UFAMeasy\slice\ffffffffffr\slice_4\layer_8.nc | config_path: D:\UFAMeasy_Workspace\UFAMeasy\slice\ffffffffffr\slice_4\layer_8.ini | z_offset: 16.0 | duration_ms: 312.0000000053551
20/07/2026 07:33:20.163 PM,gcode,gcode_generation,INFO,GCodeGeneratedEvent,stl_path: D:\UFAMeasy_Workspace\UFAMeasy\slice\ffffffffffr\slice_4\layer_8.stl | gcode_path: D:\UFAMeasy_Workspace\UFAMeasy\slice\ffffffffffr\slice_4\layer_8.nc | config_path: D:\UFAMeasy_Workspace\UFAMeasy\slice\ffffffffffr\slice_4\layer_8.ini | z_offset: 16.0 | duration_ms: 312.0000000053551
20/07/2026 07:33:20.457 PM,gcode,gcode_generation,INFO,GCodeGeneratedEvent,stl_path: D:\UFAMeasy_Workspace\UFAMeasy\slice\ffffffffffr\slice_4\layer_9.stl | gcode_path: D:\UFAMeasy_Workspace\UFAMeasy\slice\ffffffffffr\slice_4\layer_9.nc | config_path: D:\UFAMeasy_Workspace\UFAMeasy\slice\ffffffffffr\slice_4\layer_9.ini | z_offset: 17.0 | duration_ms: 296.99999999138527
20/07/2026 07:33:20.457 PM,gcode,gcode_generation,INFO,GCodeGeneratedEvent,stl_path: D:\UFAMeasy_Workspace\UFAMeasy\slice\ffffffffffr\slice_4\layer_9.stl | gcode_path: D:\UFAMeasy_Workspace\UFAMeasy\slice\ffffffffffr\slice_4\layer_9.nc | config_path: D:\UFAMeasy_Workspace\UFAMeasy\slice\ffffffffffr\slice_4\layer_9.ini | z_offset: 17.0 | duration_ms: 296.99999999138527
20/07/2026 07:33:20.749 PM,gcode,gcode_generation,INFO,GCodeGeneratedEvent,stl_path: D:\UFAMeasy_Workspace\UFAMeasy\slice\ffffffffffr\slice_4\layer_10.stl | gcode_path: D:\UFAMeasy_Workspace\UFAMeasy\slice\ffffffffffr\slice_4\layer_10.nc | config_path: D:\UFAMeasy_Workspace\UFAMeasy\slice\ffffffffffr\slice_4\layer_10.ini | z_offset: 18.0 | duration_ms: 282.00000000651926
20/07/2026 07:33:20.749 PM,gcode,gcode_generation,INFO,GCodeGeneratedEvent,stl_path: D:\UFAMeasy_Workspace\UFAMeasy\slice\ffffffffffr\slice_4\layer_10.stl | gcode_path: D:\UFAMeasy_Workspace\UFAMeasy\slice\ffffffffffr\slice_4\layer_10.nc | config_path: D:\UFAMeasy_Workspace\UFAMeasy\slice\ffffffffffr\slice_4\layer_10.ini | z_offset: 18.0 | duration_ms: 282.00000000651926
20/07/2026 07:33:21.108 PM,gcode,gcode_generation,INFO,GCodeGeneratedEvent,stl_path: D:\UFAMeasy_Workspace\UFAMeasy\slice\ffffffffffr\slice_4\layer_11.stl | gcode_path: D:\UFAMeasy_Workspace\UFAMeasy\slice\ffffffffffr\slice_4\layer_11.nc | config_path: D:\UFAMeasy_Workspace\UFAMeasy\slice\ffffffffffr\slice_4\layer_11.ini | z_offset: 19.0 | duration_ms: 358.99999999674037
20/07/2026 07:33:21.108 PM,gcode,gcode_generation,INFO,GCodeGeneratedEvent,stl_path: D:\UFAMeasy_Workspace\UFAMeasy\slice\ffffffffffr\slice_4\layer_11.stl | gcode_path: D:\UFAMeasy_Workspace\UFAMeasy\slice\ffffffffffr\slice_4\layer_11.nc | config_path: D:\UFAMeasy_Workspace\UFAMeasy\slice\ffffffffffr\slice_4\layer_11.ini | z_offset: 19.0 | duration_ms: 358.99999999674037
20/07/2026 07:33:23.361 PM,session,session_sidecar,INFO,SessionSavedEvent,Saved session 'D:\UFAMeasy_Workspace\UFAMeasy\slice\ffffffffffr\try.ufamsession.json' with 4 slices
20/07/2026 07:33:23.361 PM,session,session_sidecar,INFO,SessionSavedEvent,Saved session 'D:\UFAMeasy_Workspace\UFAMeasy\slice\ffffffffffr\try.ufamsession.json' with 4 slices
20/07/2026 07:33:23.363 PM,gcode,gcode_merge,INFO,GCodeMergedEvent,Merged 4 slices into 'D:\UFAMeasy_Workspace\UFAMeasy\slice\ffffffffffr\combined_print.gcode' (16.00000000325963ms)
20/07/2026 07:33:23.363 PM,gcode,gcode_merge,INFO,GCodeMergedEvent,Merged 4 slices into 'D:\UFAMeasy_Workspace\UFAMeasy\slice\ffffffffffr\combined_print.gcode' (16.00000000325963ms)
20/07/2026 07:33:38.385 PM,session,document,INFO,FileEvent,Document Closed | Path: D:/UFAMeasy_Workspace/UFAMeasy/slice/ffffffffffr/try.FCStd | Name: Unnamed
20/07/2026 07:33:38.385 PM,session,document,INFO,FileEvent,Document Closed | Path: D:/UFAMeasy_Workspace/UFAMeasy/slice/ffffffffffr/try.FCStd | Name: Unnamed
20/07/2026 07:35:10.169 PM,workflow,geometry,INFO,ShapeChangedEvent,"Created Cylinder (Label: 'Cylinder') [a=10.0, b=20.0, c=20.0]"
20/07/2026 07:35:10.169 PM,workflow,geometry,INFO,ShapeChangedEvent,"Created Cylinder (Label: 'Cylinder') [a=10.0, b=20.0, c=20.0]"
20/07/2026 07:35:42.519 PM,session,document,INFO,FileEvent,Document Saved | Path: D:/UFAMeasy_Workspace/UFAMeasy/slice/22/888.FCStd
20/07/2026 07:35:42.519 PM,session,document,INFO,FileEvent,Document Saved | Path: D:/UFAMeasy_Workspace/UFAMeasy/slice/22/888.FCStd
20/07/2026 07:35:42.519 PM,session,persistence,INFO,SessionSavedEvent,Saved session 'D:/UFAMeasy_Workspace/UFAMeasy/slice/22/888.FCStd' with 0 slices
20/07/2026 07:35:42.519 PM,session,persistence,INFO,SessionSavedEvent,Saved session 'D:/UFAMeasy_Workspace/UFAMeasy/slice/22/888.FCStd' with 0 slices
20/07/2026 07:35:59.697 PM,workflow,slicing,INFO,SliceStartedEvent,slice_index: 1 | output_path: D:\UFAMeasy_Workspace\UFAMeasy\slice\22 | plane_count: 2
20/07/2026 07:35:59.697 PM,workflow,slicing,INFO,SliceStartedEvent,slice_index: 1 | output_path: D:\UFAMeasy_Workspace\UFAMeasy\slice\22 | plane_count: 2
20/07/2026 07:35:59.743 PM,workflow,slicing,INFO,SliceCompletedEvent,slice_index: 1 | filename: slice_1.stl | output_path: D:\UFAMeasy_Workspace\UFAMeasy\slice\22 | z_offset: 0.0 | center_x: 0.0 | center_y: 0.0 | duration_ms: 46.999999991385266
20/07/2026 07:35:59.743 PM,workflow,slicing,INFO,SliceCompletedEvent,slice_index: 1 | filename: slice_1.stl | output_path: D:\UFAMeasy_Workspace\UFAMeasy\slice\22 | z_offset: 0.0 | center_x: 0.0 | center_y: 0.0 | duration_ms: 46.999999991385266
20/07/2026 07:35:59.761 PM,workflow,slicing,INFO,SliceStartedEvent,slice_index: 2 | output_path: D:\UFAMeasy_Workspace\UFAMeasy\slice\22 | plane_count: 2
20/07/2026 07:35:59.761 PM,workflow,slicing,INFO,SliceStartedEvent,slice_index: 2 | output_path: D:\UFAMeasy_Workspace\UFAMeasy\slice\22 | plane_count: 2
20/07/2026 07:35:59.767 PM,workflow,slicing,INFO,SliceCompletedEvent,slice_index: 2 | filename: slice_2.stl | output_path: D:\UFAMeasy_Workspace\UFAMeasy\slice\22 | z_offset: 8.0 | center_x: 0.0 | center_y: 0.0 | duration_ms: 15.999999974155799
20/07/2026 07:35:59.767 PM,workflow,slicing,INFO,SliceCompletedEvent,slice_index: 2 | filename: slice_2.stl | output_path: D:\UFAMeasy_Workspace\UFAMeasy\slice\22 | z_offset: 8.0 | center_x: 0.0 | center_y: 0.0 | duration_ms: 15.999999974155799
20/07/2026 07:35:59.774 PM,workflow,slicing,INFO,SliceStartedEvent,slice_index: 3 | output_path: D:\UFAMeasy_Workspace\UFAMeasy\slice\22 | plane_count: 2
20/07/2026 07:35:59.774 PM,workflow,slicing,INFO,SliceStartedEvent,slice_index: 3 | output_path: D:\UFAMeasy_Workspace\UFAMeasy\slice\22 | plane_count: 2
20/07/2026 07:35:59.787 PM,workflow,slicing,INFO,SliceCompletedEvent,slice_index: 3 | filename: slice_3.stl | output_path: D:\UFAMeasy_Workspace\UFAMeasy\slice\22 | z_offset: 13.0 | center_x: 0.0 | center_y: 0.0 | duration_ms: 15.000000013969839
20/07/2026 07:35:59.787 PM,workflow,slicing,INFO,SliceCompletedEvent,slice_index: 3 | filename: slice_3.stl | output_path: D:\UFAMeasy_Workspace\UFAMeasy\slice\22 | z_offset: 13.0 | center_x: 0.0 | center_y: 0.0 | duration_ms: 15.000000013969839
20/07/2026 07:36:02.391 PM,session,session_sidecar,INFO,SessionSavedEvent,Saved session 'D:\UFAMeasy_Workspace\UFAMeasy\slice\22\888.ufamsession.json' with 3 slices
20/07/2026 07:36:02.391 PM,session,session_sidecar,INFO,SessionSavedEvent,Saved session 'D:\UFAMeasy_Workspace\UFAMeasy\slice\22\888.ufamsession.json' with 3 slices
20/07/2026 08:35:25.917 PM,session,document,INFO,FileEvent,Document Closed | Path: D:/UFAMeasy_Workspace/UFAMeasy/slice/22/888.FCStd | Name: Unnamed
20/07/2026 08:35:25.917 PM,session,document,INFO,FileEvent,Document Closed | Path: D:/UFAMeasy_Workspace/UFAMeasy/slice/22/888.FCStd | Name: Unnamed
21/07/2026 08:30:11.274 PM,workflow,geometry,INFO,ShapeChangedEvent,"Created Box (Label: 'Box') [a=20.0, b=20.0, c=20.0]"
21/07/2026 08:30:11.274 PM,workflow,geometry,INFO,ShapeChangedEvent,"Created Box (Label: 'Box') [a=20.0, b=20.0, c=20.0]"
21/07/2026 08:30:29.272 PM,session,document,INFO,FileEvent,Document Saved | Path: D:/UFAMeasy_Workspace/UFAMeasy/slice/777777777/77777777777.FCStd
21/07/2026 08:30:29.272 PM,session,document,INFO,FileEvent,Document Saved | Path: D:/UFAMeasy_Workspace/UFAMeasy/slice/777777777/77777777777.FCStd
21/07/2026 08:30:29.272 PM,session,persistence,INFO,SessionSavedEvent,Saved session 'D:/UFAMeasy_Workspace/UFAMeasy/slice/777777777/77777777777.FCStd' with 0 slices
21/07/2026 08:30:29.272 PM,session,persistence,INFO,SessionSavedEvent,Saved session 'D:/UFAMeasy_Workspace/UFAMeasy/slice/777777777/77777777777.FCStd' with 0 slices
21/07/2026 08:31:00.093 PM,workflow,slicing,INFO,SliceStartedEvent,slice_index: 1 | output_path: D:\UFAMeasy_Workspace\UFAMeasy\slice\777777777 | plane_count: 3
21/07/2026 08:31:00.093 PM,workflow,slicing,INFO,SliceStartedEvent,slice_index: 1 | output_path: D:\UFAMeasy_Workspace\UFAMeasy\slice\777777777 | plane_count: 3
21/07/2026 08:31:00.669 PM,workflow,slicing,INFO,SliceCompletedEvent,slice_index: 1 | filename: slice_1.stl | output_path: D:\UFAMeasy_Workspace\UFAMeasy\slice\777777777 | z_offset: 0.0 | center_x: 10.0 | center_y: 10.0 | duration_ms: 578.0000000086147
21/07/2026 08:31:00.669 PM,workflow,slicing,INFO,SliceCompletedEvent,slice_index: 1 | filename: slice_1.stl | output_path: D:\UFAMeasy_Workspace\UFAMeasy\slice\777777777 | z_offset: 0.0 | center_x: 10.0 | center_y: 10.0 | duration_ms: 578.0000000086147
21/07/2026 08:31:00.693 PM,workflow,slicing,INFO,SliceStartedEvent,slice_index: 2 | output_path: D:\UFAMeasy_Workspace\UFAMeasy\slice\777777777 | plane_count: 3
21/07/2026 08:31:00.693 PM,workflow,slicing,INFO,SliceStartedEvent,slice_index: 2 | output_path: D:\UFAMeasy_Workspace\UFAMeasy\slice\777777777 | plane_count: 3
21/07/2026 08:31:00.699 PM,workflow,slicing,INFO,SliceCompletedEvent,slice_index: 2 | filename: slice_2.stl | output_path: D:\UFAMeasy_Workspace\UFAMeasy\slice\777777777 | z_offset: 4.0 | center_x: 10.0 | center_y: 10.0 | duration_ms: 15.000000013969839
21/07/2026 08:31:00.699 PM,workflow,slicing,INFO,SliceCompletedEvent,slice_index: 2 | filename: slice_2.stl | output_path: D:\UFAMeasy_Workspace\UFAMeasy\slice\777777777 | z_offset: 4.0 | center_x: 10.0 | center_y: 10.0 | duration_ms: 15.000000013969839
21/07/2026 08:31:00.720 PM,workflow,slicing,INFO,SliceStartedEvent,slice_index: 3 | output_path: D:\UFAMeasy_Workspace\UFAMeasy\slice\777777777 | plane_count: 3
21/07/2026 08:31:00.720 PM,workflow,slicing,INFO,SliceStartedEvent,slice_index: 3 | output_path: D:\UFAMeasy_Workspace\UFAMeasy\slice\777777777 | plane_count: 3
21/07/2026 08:31:00.727 PM,workflow,slicing,INFO,SliceCompletedEvent,slice_index: 3 | filename: slice_3.stl | output_path: D:\UFAMeasy_Workspace\UFAMeasy\slice\777777777 | z_offset: 6.0 | center_x: 10.0 | center_y: 10.0 | duration_ms: 16.00000000325963
21/07/2026 08:31:00.727 PM,workflow,slicing,INFO,SliceCompletedEvent,slice_index: 3 | filename: slice_3.stl | output_path: D:\UFAMeasy_Workspace\UFAMeasy\slice\777777777 | z_offset: 6.0 | center_x: 10.0 | center_y: 10.0 | duration_ms: 16.00000000325963
21/07/2026 08:31:00.735 PM,workflow,slicing,INFO,SliceStartedEvent,slice_index: 4 | output_path: D:\UFAMeasy_Workspace\UFAMeasy\slice\777777777 | plane_count: 3
21/07/2026 08:31:00.735 PM,workflow,slicing,INFO,SliceStartedEvent,slice_index: 4 | output_path: D:\UFAMeasy_Workspace\UFAMeasy\slice\777777777 | plane_count: 3
21/07/2026 08:31:00.747 PM,workflow,slicing,INFO,SliceCompletedEvent,slice_index: 4 | filename: slice_4.stl | output_path: D:\UFAMeasy_Workspace\UFAMeasy\slice\777777777 | z_offset: 13.0 | center_x: 10.0 | center_y: 10.0 | duration_ms: 14.999999984866008
21/07/2026 08:31:00.747 PM,workflow,slicing,INFO,SliceCompletedEvent,slice_index: 4 | filename: slice_4.stl | output_path: D:\UFAMeasy_Workspace\UFAMeasy\slice\777777777 | z_offset: 13.0 | center_x: 10.0 | center_y: 10.0 | duration_ms: 14.999999984866008
21/07/2026 08:31:03.386 PM,session,session_sidecar,INFO,SessionSavedEvent,Saved session 'D:\UFAMeasy_Workspace\UFAMeasy\slice\777777777\77777777777.ufamsession.json' with 4 slices
21/07/2026 08:31:03.386 PM,session,session_sidecar,INFO,SessionSavedEvent,Saved session 'D:\UFAMeasy_Workspace\UFAMeasy\slice\777777777\77777777777.ufamsession.json' with 4 slices
21/07/2026 08:36:14.941 PM,session,document,INFO,FileEvent,Document Closed | Path: D:/UFAMeasy_Workspace/UFAMeasy/slice/777777777/77777777777.FCStd | Name: Unnamed
21/07/2026 08:36:14.941 PM,session,document,INFO,FileEvent,Document Closed | Path: D:/UFAMeasy_Workspace/UFAMeasy/slice/777777777/77777777777.FCStd | Name: Unnamed
21/07/2026 08:37:26.530 PM,workflow,geometry,INFO,ShapeChangedEvent,"Created Box (Label: 'Box') [a=20.0, b=20.0, c=20.0]"
21/07/2026 08:37:26.530 PM,workflow,geometry,INFO,ShapeChangedEvent,"Created Box (Label: 'Box') [a=20.0, b=20.0, c=20.0]"
21/07/2026 08:37:57.659 PM,session,document,INFO,FileEvent,Document Saved | Path: D:/UFAMeasy_Workspace/UFAMeasy/slice/5555555555555/568.FCStd
21/07/2026 08:37:57.659 PM,session,document,INFO,FileEvent,Document Saved | Path: D:/UFAMeasy_Workspace/UFAMeasy/slice/5555555555555/568.FCStd
21/07/2026 08:37:57.659 PM,session,persistence,INFO,SessionSavedEvent,Saved session 'D:/UFAMeasy_Workspace/UFAMeasy/slice/5555555555555/568.FCStd' with 0 slices
21/07/2026 08:37:57.659 PM,session,persistence,INFO,SessionSavedEvent,Saved session 'D:/UFAMeasy_Workspace/UFAMeasy/slice/5555555555555/568.FCStd' with 0 slices
21/07/2026 08:38:14.376 PM,workflow,slicing,INFO,SliceStartedEvent,slice_index: 1 | output_path: D:\UFAMeasy_Workspace\UFAMeasy\slice\5555555555555 | plane_count: 3
21/07/2026 08:38:14.376 PM,workflow,slicing,INFO,SliceStartedEvent,slice_index: 1 | output_path: D:\UFAMeasy_Workspace\UFAMeasy\slice\5555555555555 | plane_count: 3
21/07/2026 08:38:14.425 PM,workflow,slicing,INFO,SliceCompletedEvent,slice_index: 1 | filename: slice_1.stl | output_path: D:\UFAMeasy_Workspace\UFAMeasy\slice\5555555555555 | z_offset: 0.0 | center_x: 10.0 | center_y: 10.0 | duration_ms: 47.0000000204891
21/07/2026 08:38:14.425 PM,workflow,slicing,INFO,SliceCompletedEvent,slice_index: 1 | filename: slice_1.stl | output_path: D:\UFAMeasy_Workspace\UFAMeasy\slice\5555555555555 | z_offset: 0.0 | center_x: 10.0 | center_y: 10.0 | duration_ms: 47.0000000204891
21/07/2026 08:38:14.454 PM,workflow,slicing,INFO,SliceStartedEvent,slice_index: 2 | output_path: D:\UFAMeasy_Workspace\UFAMeasy\slice\5555555555555 | plane_count: 3
21/07/2026 08:38:14.454 PM,workflow,slicing,INFO,SliceStartedEvent,slice_index: 2 | output_path: D:\UFAMeasy_Workspace\UFAMeasy\slice\5555555555555 | plane_count: 3
21/07/2026 08:38:14.463 PM,workflow,slicing,INFO,SliceCompletedEvent,slice_index: 2 | filename: slice_2.stl | output_path: D:\UFAMeasy_Workspace\UFAMeasy\slice\5555555555555 | z_offset: 6.0 | center_x: 10.0 | center_y: 10.0 | duration_ms: 16.00000000325963
21/07/2026 08:38:14.463 PM,workflow,slicing,INFO,SliceCompletedEvent,slice_index: 2 | filename: slice_2.stl | output_path: D:\UFAMeasy_Workspace\UFAMeasy\slice\5555555555555 | z_offset: 6.0 | center_x: 10.0 | center_y: 10.0 | duration_ms: 16.00000000325963
21/07/2026 08:38:14.488 PM,workflow,slicing,INFO,SliceStartedEvent,slice_index: 3 | output_path: D:\UFAMeasy_Workspace\UFAMeasy\slice\5555555555555 | plane_count: 3
21/07/2026 08:38:14.488 PM,workflow,slicing,INFO,SliceStartedEvent,slice_index: 3 | output_path: D:\UFAMeasy_Workspace\UFAMeasy\slice\5555555555555 | plane_count: 3
21/07/2026 08:38:14.496 PM,workflow,slicing,INFO,SliceCompletedEvent,slice_index: 3 | filename: slice_3.stl | output_path: D:\UFAMeasy_Workspace\UFAMeasy\slice\5555555555555 | z_offset: 10.0 | center_x: 10.0 | center_y: 10.0 | duration_ms: 14.999999984866008
21/07/2026 08:38:14.496 PM,workflow,slicing,INFO,SliceCompletedEvent,slice_index: 3 | filename: slice_3.stl | output_path: D:\UFAMeasy_Workspace\UFAMeasy\slice\5555555555555 | z_offset: 10.0 | center_x: 10.0 | center_y: 10.0 | duration_ms: 14.999999984866008
21/07/2026 08:38:14.503 PM,workflow,slicing,INFO,SliceStartedEvent,slice_index: 4 | output_path: D:\UFAMeasy_Workspace\UFAMeasy\slice\5555555555555 | plane_count: 3
21/07/2026 08:38:14.503 PM,workflow,slicing,INFO,SliceStartedEvent,slice_index: 4 | output_path: D:\UFAMeasy_Workspace\UFAMeasy\slice\5555555555555 | plane_count: 3
21/07/2026 08:38:14.517 PM,workflow,slicing,INFO,SliceCompletedEvent,slice_index: 4 | filename: slice_4.stl | output_path: D:\UFAMeasy_Workspace\UFAMeasy\slice\5555555555555 | z_offset: 14.0 | center_x: 10.0 | center_y: 10.0 | duration_ms: 16.00000000325963
21/07/2026 08:38:14.517 PM,workflow,slicing,INFO,SliceCompletedEvent,slice_index: 4 | filename: slice_4.stl | output_path: D:\UFAMeasy_Workspace\UFAMeasy\slice\5555555555555 | z_offset: 14.0 | center_x: 10.0 | center_y: 10.0 | duration_ms: 16.00000000325963
21/07/2026 08:38:17.123 PM,session,session_sidecar,INFO,SessionSavedEvent,Saved session 'D:\UFAMeasy_Workspace\UFAMeasy\slice\5555555555555\568.ufamsession.json' with 4 slices
21/07/2026 08:38:17.123 PM,session,session_sidecar,INFO,SessionSavedEvent,Saved session 'D:\UFAMeasy_Workspace\UFAMeasy\slice\5555555555555\568.ufamsession.json' with 4 slices
21/07/2026 08:58:19.652 PM,gcode,gcode_generation,INFO,GCodeGeneratedEvent,stl_path: D:\UFAMeasy_Workspace\UFAMeasy\slice\5555555555555\slice_1\layer_1.stl | gcode_path: D:\UFAMeasy_Workspace\UFAMeasy\slice\5555555555555\slice_1\layer_1.nc | config_path: D:\UFAMeasy_Workspace\UFAMeasy\slice\5555555555555\slice_1\layer_1.ini | z_offset: 0.0 | duration_ms: 657.0000000065193
21/07/2026 08:58:19.652 PM,gcode,gcode_generation,INFO,GCodeGeneratedEvent,stl_path: D:\UFAMeasy_Workspace\UFAMeasy\slice\5555555555555\slice_1\layer_1.stl | gcode_path: D:\UFAMeasy_Workspace\UFAMeasy\slice\5555555555555\slice_1\layer_1.nc | config_path: D:\UFAMeasy_Workspace\UFAMeasy\slice\5555555555555\slice_1\layer_1.ini | z_offset: 0.0 | duration_ms: 657.0000000065193
21/07/2026 08:58:20.023 PM,gcode,gcode_generation,INFO,GCodeGeneratedEvent,stl_path: D:\UFAMeasy_Workspace\UFAMeasy\slice\5555555555555\slice_1\layer_2.stl | gcode_path: D:\UFAMeasy_Workspace\UFAMeasy\slice\5555555555555\slice_1\layer_2.nc | config_path: D:\UFAMeasy_Workspace\UFAMeasy\slice\5555555555555\slice_1\layer_2.ini | z_offset: 1.0 | duration_ms: 358.99999999674037
21/07/2026 08:58:20.023 PM,gcode,gcode_generation,INFO,GCodeGeneratedEvent,stl_path: D:\UFAMeasy_Workspace\UFAMeasy\slice\5555555555555\slice_1\layer_2.stl | gcode_path: D:\UFAMeasy_Workspace\UFAMeasy\slice\5555555555555\slice_1\layer_2.nc | config_path: D:\UFAMeasy_Workspace\UFAMeasy\slice\5555555555555\slice_1\layer_2.ini | z_offset: 1.0 | duration_ms: 358.99999999674037
21/07/2026 08:58:20.430 PM,gcode,gcode_generation,INFO,GCodeGeneratedEvent,stl_path: D:\UFAMeasy_Workspace\UFAMeasy\slice\5555555555555\slice_1\layer_3.stl | gcode_path: D:\UFAMeasy_Workspace\UFAMeasy\slice\5555555555555\slice_1\layer_3.nc | config_path: D:\UFAMeasy_Workspace\UFAMeasy\slice\5555555555555\slice_1\layer_3.ini | z_offset: 2.0 | duration_ms: 405.99999998812564
21/07/2026 08:58:20.430 PM,gcode,gcode_generation,INFO,GCodeGeneratedEvent,stl_path: D:\UFAMeasy_Workspace\UFAMeasy\slice\5555555555555\slice_1\layer_3.stl | gcode_path: D:\UFAMeasy_Workspace\UFAMeasy\slice\5555555555555\slice_1\layer_3.nc | config_path: D:\UFAMeasy_Workspace\UFAMeasy\slice\5555555555555\slice_1\layer_3.ini | z_offset: 2.0 | duration_ms: 405.99999998812564
21/07/2026 08:58:20.782 PM,gcode,gcode_generation,INFO,GCodeGeneratedEvent,stl_path: D:\UFAMeasy_Workspace\UFAMeasy\slice\5555555555555\slice_1\layer_4.stl | gcode_path: D:\UFAMeasy_Workspace\UFAMeasy\slice\5555555555555\slice_1\layer_4.nc | config_path: D:\UFAMeasy_Workspace\UFAMeasy\slice\5555555555555\slice_1\layer_4.ini | z_offset: 3.0 | duration_ms: 344.00000001187436
21/07/2026 08:58:20.782 PM,gcode,gcode_generation,INFO,GCodeGeneratedEvent,stl_path: D:\UFAMeasy_Workspace\UFAMeasy\slice\5555555555555\slice_1\layer_4.stl | gcode_path: D:\UFAMeasy_Workspace\UFAMeasy\slice\5555555555555\slice_1\layer_4.nc | config_path: D:\UFAMeasy_Workspace\UFAMeasy\slice\5555555555555\slice_1\layer_4.ini | z_offset: 3.0 | duration_ms: 344.00000001187436
21/07/2026 08:58:21.198 PM,gcode,gcode_generation,INFO,GCodeGeneratedEvent,stl_path: D:\UFAMeasy_Workspace\UFAMeasy\slice\5555555555555\slice_1\layer_5.stl | gcode_path: D:\UFAMeasy_Workspace\UFAMeasy\slice\5555555555555\slice_1\layer_5.nc | config_path: D:\UFAMeasy_Workspace\UFAMeasy\slice\5555555555555\slice_1\layer_5.ini | z_offset: 4.0 | duration_ms: 421.0000000020955
21/07/2026 08:58:21.198 PM,gcode,gcode_generation,INFO,GCodeGeneratedEvent,stl_path: D:\UFAMeasy_Workspace\UFAMeasy\slice\5555555555555\slice_1\layer_5.stl | gcode_path: D:\UFAMeasy_Workspace\UFAMeasy\slice\5555555555555\slice_1\layer_5.nc | config_path: D:\UFAMeasy_Workspace\UFAMeasy\slice\5555555555555\slice_1\layer_5.ini | z_offset: 4.0 | duration_ms: 421.0000000020955
21/07/2026 08:58:21.557 PM,gcode,gcode_generation,INFO,GCodeGeneratedEvent,stl_path: D:\UFAMeasy_Workspace\UFAMeasy\slice\5555555555555\slice_1\layer_6.stl | gcode_path: D:\UFAMeasy_Workspace\UFAMeasy\slice\5555555555555\slice_1\layer_6.nc | config_path: D:\UFAMeasy_Workspace\UFAMeasy\slice\5555555555555\slice_1\layer_6.ini | z_offset: 5.0 | duration_ms: 359.99999998603016
21/07/2026 08:58:21.557 PM,gcode,gcode_generation,INFO,GCodeGeneratedEvent,stl_path: D:\UFAMeasy_Workspace\UFAMeasy\slice\5555555555555\slice_1\layer_6.stl | gcode_path: D:\UFAMeasy_Workspace\UFAMeasy\slice\5555555555555\slice_1\layer_6.nc | config_path: D:\UFAMeasy_Workspace\UFAMeasy\slice\5555555555555\slice_1\layer_6.ini | z_offset: 5.0 | duration_ms: 359.99999998603016
21/07/2026 08:58:22.014 PM,gcode,gcode_generation,INFO,GCodeGeneratedEvent,stl_path: D:\UFAMeasy_Workspace\UFAMeasy\slice\5555555555555\slice_2\layer_1.stl | gcode_path: D:\UFAMeasy_Workspace\UFAMeasy\slice\5555555555555\slice_2\layer_1.nc | config_path: D:\UFAMeasy_Workspace\UFAMeasy\slice\5555555555555\slice_2\layer_1.ini | z_offset: 6.0 | duration_ms: 358.99999999674037
21/07/2026 08:58:22.014 PM,gcode,gcode_generation,INFO,GCodeGeneratedEvent,stl_path: D:\UFAMeasy_Workspace\UFAMeasy\slice\5555555555555\slice_2\layer_1.stl | gcode_path: D:\UFAMeasy_Workspace\UFAMeasy\slice\5555555555555\slice_2\layer_1.nc | config_path: D:\UFAMeasy_Workspace\UFAMeasy\slice\5555555555555\slice_2\layer_1.ini | z_offset: 6.0 | duration_ms: 358.99999999674037
21/07/2026 08:58:22.340 PM,gcode,gcode_generation,INFO,GCodeGeneratedEvent,stl_path: D:\UFAMeasy_Workspace\UFAMeasy\slice\5555555555555\slice_2\layer_2.stl | gcode_path: D:\UFAMeasy_Workspace\UFAMeasy\slice\5555555555555\slice_2\layer_2.nc | config_path: D:\UFAMeasy_Workspace\UFAMeasy\slice\5555555555555\slice_2\layer_2.ini | z_offset: 7.0 | duration_ms: 328.00000000861473
21/07/2026 08:58:22.340 PM,gcode,gcode_generation,INFO,GCodeGeneratedEvent,stl_path: D:\UFAMeasy_Workspace\UFAMeasy\slice\5555555555555\slice_2\layer_2.stl | gcode_path: D:\UFAMeasy_Workspace\UFAMeasy\slice\5555555555555\slice_2\layer_2.nc | config_path: D:\UFAMeasy_Workspace\UFAMeasy\slice\5555555555555\slice_2\layer_2.ini | z_offset: 7.0 | duration_ms: 328.00000000861473
21/07/2026 08:58:22.730 PM,gcode,gcode_generation,INFO,GCodeGeneratedEvent,stl_path: D:\UFAMeasy_Workspace\UFAMeasy\slice\5555555555555\slice_2\layer_3.stl | gcode_path: D:\UFAMeasy_Workspace\UFAMeasy\slice\5555555555555\slice_2\layer_3.nc | config_path: D:\UFAMeasy_Workspace\UFAMeasy\slice\5555555555555\slice_2\layer_3.ini | z_offset: 8.0 | duration_ms: 391.00000000325963
21/07/2026 08:58:22.730 PM,gcode,gcode_generation,INFO,GCodeGeneratedEvent,stl_path: D:\UFAMeasy_Workspace\UFAMeasy\slice\5555555555555\slice_2\layer_3.stl | gcode_path: D:\UFAMeasy_Workspace\UFAMeasy\slice\5555555555555\slice_2\layer_3.nc | config_path: D:\UFAMeasy_Workspace\UFAMeasy\slice\5555555555555\slice_2\layer_3.ini | z_offset: 8.0 | duration_ms: 391.00000000325963
21/07/2026 08:58:23.086 PM,gcode,gcode_generation,INFO,GCodeGeneratedEvent,stl_path: D:\UFAMeasy_Workspace\UFAMeasy\slice\5555555555555\slice_2\layer_4.stl | gcode_path: D:\UFAMeasy_Workspace\UFAMeasy\slice\5555555555555\slice_2\layer_4.nc | config_path: D:\UFAMeasy_Workspace\UFAMeasy\slice\5555555555555\slice_2\layer_4.ini | z_offset: 9.0 | duration_ms: 342.99999999348074
21/07/2026 08:58:23.086 PM,gcode,gcode_generation,INFO,GCodeGeneratedEvent,stl_path: D:\UFAMeasy_Workspace\UFAMeasy\slice\5555555555555\slice_2\layer_4.stl | gcode_path: D:\UFAMeasy_Workspace\UFAMeasy\slice\5555555555555\slice_2\layer_4.nc | config_path: D:\UFAMeasy_Workspace\UFAMeasy\slice\5555555555555\slice_2\layer_4.ini | z_offset: 9.0 | duration_ms: 342.99999999348074
21/07/2026 08:58:23.531 PM,gcode,gcode_generation,INFO,GCodeGeneratedEvent,stl_path: D:\UFAMeasy_Workspace\UFAMeasy\slice\5555555555555\slice_3\layer_1.stl | gcode_path: D:\UFAMeasy_Workspace\UFAMeasy\slice\5555555555555\slice_3\layer_1.nc | config_path: D:\UFAMeasy_Workspace\UFAMeasy\slice\5555555555555\slice_3\layer_1.ini | z_offset: 10.0 | duration_ms: 344.00000001187436
21/07/2026 08:58:23.531 PM,gcode,gcode_generation,INFO,GCodeGeneratedEvent,stl_path: D:\UFAMeasy_Workspace\UFAMeasy\slice\5555555555555\slice_3\layer_1.stl | gcode_path: D:\UFAMeasy_Workspace\UFAMeasy\slice\5555555555555\slice_3\layer_1.nc | config_path: D:\UFAMeasy_Workspace\UFAMeasy\slice\5555555555555\slice_3\layer_1.ini | z_offset: 10.0 | duration_ms: 344.00000001187436
21/07/2026 08:58:23.880 PM,gcode,gcode_generation,INFO,GCodeGeneratedEvent,stl_path: D:\UFAMeasy_Workspace\UFAMeasy\slice\5555555555555\slice_3\layer_2.stl | gcode_path: D:\UFAMeasy_Workspace\UFAMeasy\slice\5555555555555\slice_3\layer_2.nc | config_path: D:\UFAMeasy_Workspace\UFAMeasy\slice\5555555555555\slice_3\layer_2.ini | z_offset: 11.0 | duration_ms: 342.99999999348074
21/07/2026 08:58:23.880 PM,gcode,gcode_generation,INFO,GCodeGeneratedEvent,stl_path: D:\UFAMeasy_Workspace\UFAMeasy\slice\5555555555555\slice_3\layer_2.stl | gcode_path: D:\UFAMeasy_Workspace\UFAMeasy\slice\5555555555555\slice_3\layer_2.nc | config_path: D:\UFAMeasy_Workspace\UFAMeasy\slice\5555555555555\slice_3\layer_2.ini | z_offset: 11.0 | duration_ms: 342.99999999348074
21/07/2026 08:58:24.246 PM,gcode,gcode_generation,INFO,GCodeGeneratedEvent,stl_path: D:\UFAMeasy_Workspace\UFAMeasy\slice\5555555555555\slice_3\layer_3.stl | gcode_path: D:\UFAMeasy_Workspace\UFAMeasy\slice\5555555555555\slice_3\layer_3.nc | config_path: D:\UFAMeasy_Workspace\UFAMeasy\slice\5555555555555\slice_3\layer_3.ini | z_offset: 12.0 | duration_ms: 375.0
21/07/2026 08:58:24.246 PM,gcode,gcode_generation,INFO,GCodeGeneratedEvent,stl_path: D:\UFAMeasy_Workspace\UFAMeasy\slice\5555555555555\slice_3\layer_3.stl | gcode_path: D:\UFAMeasy_Workspace\UFAMeasy\slice\5555555555555\slice_3\layer_3.nc | config_path: D:\UFAMeasy_Workspace\UFAMeasy\slice\5555555555555\slice_3\layer_3.ini | z_offset: 12.0 | duration_ms: 375.0
21/07/2026 08:58:24.614 PM,gcode,gcode_generation,INFO,GCodeGeneratedEvent,stl_path: D:\UFAMeasy_Workspace\UFAMeasy\slice\5555555555555\slice_3\layer_4.stl | gcode_path: D:\UFAMeasy_Workspace\UFAMeasy\slice\5555555555555\slice_3\layer_4.nc | config_path: D:\UFAMeasy_Workspace\UFAMeasy\slice\5555555555555\slice_3\layer_4.ini | z_offset: 13.0 | duration_ms: 360.000000015134
21/07/2026 08:58:24.614 PM,gcode,gcode_generation,INFO,GCodeGeneratedEvent,stl_path: D:\UFAMeasy_Workspace\UFAMeasy\slice\5555555555555\slice_3\layer_4.stl | gcode_path: D:\UFAMeasy_Workspace\UFAMeasy\slice\5555555555555\slice_3\layer_4.nc | config_path: D:\UFAMeasy_Workspace\UFAMeasy\slice\5555555555555\slice_3\layer_4.ini | z_offset: 13.0 | duration_ms: 360.000000015134
21/07/2026 08:58:25.046 PM,gcode,gcode_generation,INFO,GCodeGeneratedEvent,stl_path: D:\UFAMeasy_Workspace\UFAMeasy\slice\5555555555555\slice_4\layer_1.stl | gcode_path: D:\UFAMeasy_Workspace\UFAMeasy\slice\5555555555555\slice_4\layer_1.nc | config_path: D:\UFAMeasy_Workspace\UFAMeasy\slice\5555555555555\slice_4\layer_1.ini | z_offset: 14.0 | duration_ms: 312.0000000053551
21/07/2026 08:58:25.046 PM,gcode,gcode_generation,INFO,GCodeGeneratedEvent,stl_path: D:\UFAMeasy_Workspace\UFAMeasy\slice\5555555555555\slice_4\layer_1.stl | gcode_path: D:\UFAMeasy_Workspace\UFAMeasy\slice\5555555555555\slice_4\layer_1.nc | config_path: D:\UFAMeasy_Workspace\UFAMeasy\slice\5555555555555\slice_4\layer_1.ini | z_offset: 14.0 | duration_ms: 312.0000000053551
21/07/2026 08:58:25.409 PM,gcode,gcode_generation,INFO,GCodeGeneratedEvent,stl_path: D:\UFAMeasy_Workspace\UFAMeasy\slice\5555555555555\slice_4\layer_2.stl | gcode_path: D:\UFAMeasy_Workspace\UFAMeasy\slice\5555555555555\slice_4\layer_2.nc | config_path: D:\UFAMeasy_Workspace\UFAMeasy\slice\5555555555555\slice_4\layer_2.ini | z_offset: 15.0 | duration_ms: 359.99999998603016
21/07/2026 08:58:25.409 PM,gcode,gcode_generation,INFO,GCodeGeneratedEvent,stl_path: D:\UFAMeasy_Workspace\UFAMeasy\slice\5555555555555\slice_4\layer_2.stl | gcode_path: D:\UFAMeasy_Workspace\UFAMeasy\slice\5555555555555\slice_4\layer_2.nc | config_path: D:\UFAMeasy_Workspace\UFAMeasy\slice\5555555555555\slice_4\layer_2.ini | z_offset: 15.0 | duration_ms: 359.99999998603016
21/07/2026 08:58:25.764 PM,gcode,gcode_generation,INFO,GCodeGeneratedEvent,stl_path: D:\UFAMeasy_Workspace\UFAMeasy\slice\5555555555555\slice_4\layer_3.stl | gcode_path: D:\UFAMeasy_Workspace\UFAMeasy\slice\5555555555555\slice_4\layer_3.nc | config_path: D:\UFAMeasy_Workspace\UFAMeasy\slice\5555555555555\slice_4\layer_3.ini | z_offset: 16.0 | duration_ms: 358.99999999674037
21/07/2026 08:58:25.764 PM,gcode,gcode_generation,INFO,GCodeGeneratedEvent,stl_path: D:\UFAMeasy_Workspace\UFAMeasy\slice\5555555555555\slice_4\layer_3.stl | gcode_path: D:\UFAMeasy_Workspace\UFAMeasy\slice\5555555555555\slice_4\layer_3.nc | config_path: D:\UFAMeasy_Workspace\UFAMeasy\slice\5555555555555\slice_4\layer_3.ini | z_offset: 16.0 | duration_ms: 358.99999999674037
21/07/2026 08:58:26.182 PM,gcode,gcode_generation,INFO,GCodeGeneratedEvent,stl_path: D:\UFAMeasy_Workspace\UFAMeasy\slice\5555555555555\slice_4\layer_4.stl | gcode_path: D:\UFAMeasy_Workspace\UFAMeasy\slice\5555555555555\slice_4\layer_4.nc | config_path: D:\UFAMeasy_Workspace\UFAMeasy\slice\5555555555555\slice_4\layer_4.ini | z_offset: 17.0 | duration_ms: 421.99999999138527
21/07/2026 08:58:26.182 PM,gcode,gcode_generation,INFO,GCodeGeneratedEvent,stl_path: D:\UFAMeasy_Workspace\UFAMeasy\slice\5555555555555\slice_4\layer_4.stl | gcode_path: D:\UFAMeasy_Workspace\UFAMeasy\slice\5555555555555\slice_4\layer_4.nc | config_path: D:\UFAMeasy_Workspace\UFAMeasy\slice\5555555555555\slice_4\layer_4.ini | z_offset: 17.0 | duration_ms: 421.99999999138527
21/07/2026 08:58:26.579 PM,gcode,gcode_generation,INFO,GCodeGeneratedEvent,stl_path: D:\UFAMeasy_Workspace\UFAMeasy\slice\5555555555555\slice_4\layer_5.stl | gcode_path: D:\UFAMeasy_Workspace\UFAMeasy\slice\5555555555555\slice_4\layer_5.nc | config_path: D:\UFAMeasy_Workspace\UFAMeasy\slice\5555555555555\slice_4\layer_5.ini | z_offset: 18.0 | duration_ms: 390.00000001396984
21/07/2026 08:58:26.579 PM,gcode,gcode_generation,INFO,GCodeGeneratedEvent,stl_path: D:\UFAMeasy_Workspace\UFAMeasy\slice\5555555555555\slice_4\layer_5.stl | gcode_path: D:\UFAMeasy_Workspace\UFAMeasy\slice\5555555555555\slice_4\layer_5.nc | config_path: D:\UFAMeasy_Workspace\UFAMeasy\slice\5555555555555\slice_4\layer_5.ini | z_offset: 18.0 | duration_ms: 390.00000001396984
21/07/2026 08:58:26.908 PM,gcode,gcode_generation,INFO,GCodeGeneratedEvent,stl_path: D:\UFAMeasy_Workspace\UFAMeasy\slice\5555555555555\slice_4\layer_6.stl | gcode_path: D:\UFAMeasy_Workspace\UFAMeasy\slice\5555555555555\slice_4\layer_6.nc | config_path: D:\UFAMeasy_Workspace\UFAMeasy\slice\5555555555555\slice_4\layer_6.ini | z_offset: 19.0 | duration_ms: 328.9999999979045
21/07/2026 08:58:26.908 PM,gcode,gcode_generation,INFO,GCodeGeneratedEvent,stl_path: D:\UFAMeasy_Workspace\UFAMeasy\slice\5555555555555\slice_4\layer_6.stl | gcode_path: D:\UFAMeasy_Workspace\UFAMeasy\slice\5555555555555\slice_4\layer_6.nc | config_path: D:\UFAMeasy_Workspace\UFAMeasy\slice\5555555555555\slice_4\layer_6.ini | z_offset: 19.0 | duration_ms: 328.9999999979045
21/07/2026 08:58:29.022 PM,session,session_sidecar,INFO,SessionSavedEvent,Saved session 'D:\UFAMeasy_Workspace\UFAMeasy\slice\5555555555555\568.ufamsession.json' with 4 slices
21/07/2026 08:58:29.022 PM,session,session_sidecar,INFO,SessionSavedEvent,Saved session 'D:\UFAMeasy_Workspace\UFAMeasy\slice\5555555555555\568.ufamsession.json' with 4 slices
21/07/2026 08:58:29.024 PM,gcode,gcode_merge,INFO,GCodeMergedEvent,Merged 4 slices into 'D:\UFAMeasy_Workspace\UFAMeasy\slice\5555555555555\combined_print.gcode' (32.00000000651926ms)
21/07/2026 08:58:29.024 PM,gcode,gcode_merge,INFO,GCodeMergedEvent,Merged 4 slices into 'D:\UFAMeasy_Workspace\UFAMeasy\slice\5555555555555\combined_print.gcode' (32.00000000651926ms)
21/07/2026 08:58:58.896 PM,session,session_sidecar,INFO,SessionSavedEvent,Saved session 'D:\UFAMeasy_Workspace\UFAMeasy\slice\5555555555555\568.ufamsession.json' with 4 slices
21/07/2026 08:58:58.896 PM,session,session_sidecar,INFO,SessionSavedEvent,Saved session 'D:\UFAMeasy_Workspace\UFAMeasy\slice\5555555555555\568.ufamsession.json' with 4 slices
21/07/2026 08:58:58.900 PM,gcode,gcode_merge,INFO,GCodeMergedEvent,Merged 4 slices into 'D:\UFAMeasy_Workspace\UFAMeasy\slice\5555555555555\combined_print.gcode' (32.00000000651926ms)
21/07/2026 08:58:58.900 PM,gcode,gcode_merge,INFO,GCodeMergedEvent,Merged 4 slices into 'D:\UFAMeasy_Workspace\UFAMeasy\slice\5555555555555\combined_print.gcode' (32.00000000651926ms)
21/07/2026 08:59:18.889 PM,session,session_sidecar,INFO,SessionSavedEvent,Saved session 'D:\UFAMeasy_Workspace\UFAMeasy\slice\5555555555555\568.ufamsession.json' with 4 slices
21/07/2026 08:59:18.889 PM,session,session_sidecar,INFO,SessionSavedEvent,Saved session 'D:\UFAMeasy_Workspace\UFAMeasy\slice\5555555555555\568.ufamsession.json' with 4 slices
21/07/2026 08:59:18.891 PM,gcode,gcode_merge,INFO,GCodeMergedEvent,Merged 4 slices into 'D:\UFAMeasy_Workspace\UFAMeasy\slice\5555555555555\combined_print.gcode' (16.00000000325963ms)
21/07/2026 08:59:18.891 PM,gcode,gcode_merge,INFO,GCodeMergedEvent,Merged 4 slices into 'D:\UFAMeasy_Workspace\UFAMeasy\slice\5555555555555\combined_print.gcode' (16.00000000325963ms)
21/07/2026 08:59:22.331 PM,gcode,gcode_generation,INFO,GCodeGeneratedEvent,stl_path: D:\UFAMeasy_Workspace\UFAMeasy\slice\5555555555555\slice_1\layer_1.stl | gcode_path: D:\UFAMeasy_Workspace\UFAMeasy\slice\5555555555555\slice_1\layer_1.nc | config_path: D:\UFAMeasy_Workspace\UFAMeasy\slice\5555555555555\slice_1\layer_1.ini | z_offset: 0.0 | duration_ms: 375.0
21/07/2026 08:59:22.331 PM,gcode,gcode_generation,INFO,GCodeGeneratedEvent,stl_path: D:\UFAMeasy_Workspace\UFAMeasy\slice\5555555555555\slice_1\layer_1.stl | gcode_path: D:\UFAMeasy_Workspace\UFAMeasy\slice\5555555555555\slice_1\layer_1.nc | config_path: D:\UFAMeasy_Workspace\UFAMeasy\slice\5555555555555\slice_1\layer_1.ini | z_offset: 0.0 | duration_ms: 375.0
21/07/2026 08:59:22.687 PM,gcode,gcode_generation,INFO,GCodeGeneratedEvent,stl_path: D:\UFAMeasy_Workspace\UFAMeasy\slice\5555555555555\slice_1\layer_2.stl | gcode_path: D:\UFAMeasy_Workspace\UFAMeasy\slice\5555555555555\slice_1\layer_2.nc | config_path: D:\UFAMeasy_Workspace\UFAMeasy\slice\5555555555555\slice_1\layer_2.ini | z_offset: 1.0 | duration_ms: 359.99999998603016
21/07/2026 08:59:22.687 PM,gcode,gcode_generation,INFO,GCodeGeneratedEvent,stl_path: D:\UFAMeasy_Workspace\UFAMeasy\slice\5555555555555\slice_1\layer_2.stl | gcode_path: D:\UFAMeasy_Workspace\UFAMeasy\slice\5555555555555\slice_1\layer_2.nc | config_path: D:\UFAMeasy_Workspace\UFAMeasy\slice\5555555555555\slice_1\layer_2.ini | z_offset: 1.0 | duration_ms: 359.99999998603016
21/07/2026 08:59:23.028 PM,gcode,gcode_generation,INFO,GCodeGeneratedEvent,stl_path: D:\UFAMeasy_Workspace\UFAMeasy\slice\5555555555555\slice_1\layer_3.stl | gcode_path: D:\UFAMeasy_Workspace\UFAMeasy\slice\5555555555555\slice_1\layer_3.nc | config_path: D:\UFAMeasy_Workspace\UFAMeasy\slice\5555555555555\slice_1\layer_3.ini | z_offset: 2.0 | duration_ms: 344.00000001187436
21/07/2026 08:59:23.028 PM,gcode,gcode_generation,INFO,GCodeGeneratedEvent,stl_path: D:\UFAMeasy_Workspace\UFAMeasy\slice\5555555555555\slice_1\layer_3.stl | gcode_path: D:\UFAMeasy_Workspace\UFAMeasy\slice\5555555555555\slice_1\layer_3.nc | config_path: D:\UFAMeasy_Workspace\UFAMeasy\slice\5555555555555\slice_1\layer_3.ini | z_offset: 2.0 | duration_ms: 344.00000001187436
21/07/2026 08:59:23.329 PM,gcode,gcode_generation,INFO,GCodeGeneratedEvent,stl_path: D:\UFAMeasy_Workspace\UFAMeasy\slice\5555555555555\slice_1\layer_4.stl | gcode_path: D:\UFAMeasy_Workspace\UFAMeasy\slice\5555555555555\slice_1\layer_4.nc | config_path: D:\UFAMeasy_Workspace\UFAMeasy\slice\5555555555555\slice_1\layer_4.ini | z_offset: 3.0 | duration_ms: 296.0000000020955
21/07/2026 08:59:23.329 PM,gcode,gcode_generation,INFO,GCodeGeneratedEvent,stl_path: D:\UFAMeasy_Workspace\UFAMeasy\slice\5555555555555\slice_1\layer_4.stl | gcode_path: D:\UFAMeasy_Workspace\UFAMeasy\slice\5555555555555\slice_1\layer_4.nc | config_path: D:\UFAMeasy_Workspace\UFAMeasy\slice\5555555555555\slice_1\layer_4.ini | z_offset: 3.0 | duration_ms: 296.0000000020955
21/07/2026 08:59:23.644 PM,gcode,gcode_generation,INFO,GCodeGeneratedEvent,stl_path: D:\UFAMeasy_Workspace\UFAMeasy\slice\5555555555555\slice_1\layer_5.stl | gcode_path: D:\UFAMeasy_Workspace\UFAMeasy\slice\5555555555555\slice_1\layer_5.nc | config_path: D:\UFAMeasy_Workspace\UFAMeasy\slice\5555555555555\slice_1\layer_5.ini | z_offset: 4.0 | duration_ms: 312.9999999946449
21/07/2026 08:59:23.644 PM,gcode,gcode_generation,INFO,GCodeGeneratedEvent,stl_path: D:\UFAMeasy_Workspace\UFAMeasy\slice\5555555555555\slice_1\layer_5.stl | gcode_path: D:\UFAMeasy_Workspace\UFAMeasy\slice\5555555555555\slice_1\layer_5.nc | config_path: D:\UFAMeasy_Workspace\UFAMeasy\slice\5555555555555\slice_1\layer_5.ini | z_offset: 4.0 | duration_ms: 312.9999999946449
21/07/2026 08:59:24.022 PM,gcode,gcode_generation,INFO,GCodeGeneratedEvent,stl_path: D:\UFAMeasy_Workspace\UFAMeasy\slice\5555555555555\slice_1\layer_6.stl | gcode_path: D:\UFAMeasy_Workspace\UFAMeasy\slice\5555555555555\slice_1\layer_6.nc | config_path: D:\UFAMeasy_Workspace\UFAMeasy\slice\5555555555555\slice_1\layer_6.ini | z_offset: 5.0 | duration_ms: 375.0
21/07/2026 08:59:24.022 PM,gcode,gcode_generation,INFO,GCodeGeneratedEvent,stl_path: D:\UFAMeasy_Workspace\UFAMeasy\slice\5555555555555\slice_1\layer_6.stl | gcode_path: D:\UFAMeasy_Workspace\UFAMeasy\slice\5555555555555\slice_1\layer_6.nc | config_path: D:\UFAMeasy_Workspace\UFAMeasy\slice\5555555555555\slice_1\layer_6.ini | z_offset: 5.0 | duration_ms: 375.0
21/07/2026 08:59:24.378 PM,gcode,gcode_generation,INFO,GCodeGeneratedEvent,stl_path: D:\UFAMeasy_Workspace\UFAMeasy\slice\5555555555555\slice_2\layer_1.stl | gcode_path: D:\UFAMeasy_Workspace\UFAMeasy\slice\5555555555555\slice_2\layer_1.nc | config_path: D:\UFAMeasy_Workspace\UFAMeasy\slice\5555555555555\slice_2\layer_1.ini | z_offset: 6.0 | duration_ms: 280.99999998812564
21/07/2026 08:59:24.378 PM,gcode,gcode_generation,INFO,GCodeGeneratedEvent,stl_path: D:\UFAMeasy_Workspace\UFAMeasy\slice\5555555555555\slice_2\layer_1.stl | gcode_path: D:\UFAMeasy_Workspace\UFAMeasy\slice\5555555555555\slice_2\layer_1.nc | config_path: D:\UFAMeasy_Workspace\UFAMeasy\slice\5555555555555\slice_2\layer_1.ini | z_offset: 6.0 | duration_ms: 280.99999998812564
21/07/2026 08:59:24.694 PM,gcode,gcode_generation,INFO,GCodeGeneratedEvent,stl_path: D:\UFAMeasy_Workspace\UFAMeasy\slice\5555555555555\slice_2\layer_2.stl | gcode_path: D:\UFAMeasy_Workspace\UFAMeasy\slice\5555555555555\slice_2\layer_2.nc | config_path: D:\UFAMeasy_Workspace\UFAMeasy\slice\5555555555555\slice_2\layer_2.ini | z_offset: 7.0 | duration_ms: 312.9999999946449
21/07/2026 08:59:24.694 PM,gcode,gcode_generation,INFO,GCodeGeneratedEvent,stl_path: D:\UFAMeasy_Workspace\UFAMeasy\slice\5555555555555\slice_2\layer_2.stl | gcode_path: D:\UFAMeasy_Workspace\UFAMeasy\slice\5555555555555\slice_2\layer_2.nc | config_path: D:\UFAMeasy_Workspace\UFAMeasy\slice\5555555555555\slice_2\layer_2.ini | z_offset: 7.0 | duration_ms: 312.9999999946449
21/07/2026 08:59:25.061 PM,gcode,gcode_generation,INFO,GCodeGeneratedEvent,stl_path: D:\UFAMeasy_Workspace\UFAMeasy\slice\5555555555555\slice_2\layer_3.stl | gcode_path: D:\UFAMeasy_Workspace\UFAMeasy\slice\5555555555555\slice_2\layer_3.nc | config_path: D:\UFAMeasy_Workspace\UFAMeasy\slice\5555555555555\slice_2\layer_3.ini | z_offset: 8.0 | duration_ms: 375.0
21/07/2026 08:59:25.061 PM,gcode,gcode_generation,INFO,GCodeGeneratedEvent,stl_path: D:\UFAMeasy_Workspace\UFAMeasy\slice\5555555555555\slice_2\layer_3.stl | gcode_path: D:\UFAMeasy_Workspace\UFAMeasy\slice\5555555555555\slice_2\layer_3.nc | config_path: D:\UFAMeasy_Workspace\UFAMeasy\slice\5555555555555\slice_2\layer_3.ini | z_offset: 8.0 | duration_ms: 375.0
21/07/2026 08:59:25.371 PM,gcode,gcode_generation,INFO,GCodeGeneratedEvent,stl_path: D:\UFAMeasy_Workspace\UFAMeasy\slice\5555555555555\slice_2\layer_4.stl | gcode_path: D:\UFAMeasy_Workspace\UFAMeasy\slice\5555555555555\slice_2\layer_4.nc | config_path: D:\UFAMeasy_Workspace\UFAMeasy\slice\5555555555555\slice_2\layer_4.ini | z_offset: 9.0 | duration_ms: 312.0000000053551
21/07/2026 08:59:25.371 PM,gcode,gcode_generation,INFO,GCodeGeneratedEvent,stl_path: D:\UFAMeasy_Workspace\UFAMeasy\slice\5555555555555\slice_2\layer_4.stl | gcode_path: D:\UFAMeasy_Workspace\UFAMeasy\slice\5555555555555\slice_2\layer_4.nc | config_path: D:\UFAMeasy_Workspace\UFAMeasy\slice\5555555555555\slice_2\layer_4.ini | z_offset: 9.0 | duration_ms: 312.0000000053551
21/07/2026 08:59:25.830 PM,gcode,gcode_generation,INFO,GCodeGeneratedEvent,stl_path: D:\UFAMeasy_Workspace\UFAMeasy\slice\5555555555555\slice_3\layer_1.stl | gcode_path: D:\UFAMeasy_Workspace\UFAMeasy\slice\5555555555555\slice_3\layer_1.nc | config_path: D:\UFAMeasy_Workspace\UFAMeasy\slice\5555555555555\slice_3\layer_1.ini | z_offset: 10.0 | duration_ms: 375.0
21/07/2026 08:59:25.830 PM,gcode,gcode_generation,INFO,GCodeGeneratedEvent,stl_path: D:\UFAMeasy_Workspace\UFAMeasy\slice\5555555555555\slice_3\layer_1.stl | gcode_path: D:\UFAMeasy_Workspace\UFAMeasy\slice\5555555555555\slice_3\layer_1.nc | config_path: D:\UFAMeasy_Workspace\UFAMeasy\slice\5555555555555\slice_3\layer_1.ini | z_offset: 10.0 | duration_ms: 375.0
21/07/2026 08:59:26.211 PM,gcode,gcode_generation,INFO,GCodeGeneratedEvent,stl_path: D:\UFAMeasy_Workspace\UFAMeasy\slice\5555555555555\slice_3\layer_2.stl | gcode_path: D:\UFAMeasy_Workspace\UFAMeasy\slice\5555555555555\slice_3\layer_2.nc | config_path: D:\UFAMeasy_Workspace\UFAMeasy\slice\5555555555555\slice_3\layer_2.ini | z_offset: 11.0 | duration_ms: 391.00000000325963
21/07/2026 08:59:26.211 PM,gcode,gcode_generation,INFO,GCodeGeneratedEvent,stl_path: D:\UFAMeasy_Workspace\UFAMeasy\slice\5555555555555\slice_3\layer_2.stl | gcode_path: D:\UFAMeasy_Workspace\UFAMeasy\slice\5555555555555\slice_3\layer_2.nc | config_path: D:\UFAMeasy_Workspace\UFAMeasy\slice\5555555555555\slice_3\layer_2.ini | z_offset: 11.0 | duration_ms: 391.00000000325963
21/07/2026 08:59:26.527 PM,gcode,gcode_generation,INFO,GCodeGeneratedEvent,stl_path: D:\UFAMeasy_Workspace\UFAMeasy\slice\5555555555555\slice_3\layer_3.stl | gcode_path: D:\UFAMeasy_Workspace\UFAMeasy\slice\5555555555555\slice_3\layer_3.nc | config_path: D:\UFAMeasy_Workspace\UFAMeasy\slice\5555555555555\slice_3\layer_3.ini | z_offset: 12.0 | duration_ms: 312.9999999946449
21/07/2026 08:59:26.527 PM,gcode,gcode_generation,INFO,GCodeGeneratedEvent,stl_path: D:\UFAMeasy_Workspace\UFAMeasy\slice\5555555555555\slice_3\layer_3.stl | gcode_path: D:\UFAMeasy_Workspace\UFAMeasy\slice\5555555555555\slice_3\layer_3.nc | config_path: D:\UFAMeasy_Workspace\UFAMeasy\slice\5555555555555\slice_3\layer_3.ini | z_offset: 12.0 | duration_ms: 312.9999999946449
21/07/2026 08:59:26.818 PM,gcode,gcode_generation,INFO,GCodeGeneratedEvent,stl_path: D:\UFAMeasy_Workspace\UFAMeasy\slice\5555555555555\slice_3\layer_4.stl | gcode_path: D:\UFAMeasy_Workspace\UFAMeasy\slice\5555555555555\slice_3\layer_4.nc | config_path: D:\UFAMeasy_Workspace\UFAMeasy\slice\5555555555555\slice_3\layer_4.ini | z_offset: 13.0 | duration_ms: 280.99999998812564
21/07/2026 08:59:26.818 PM,gcode,gcode_generation,INFO,GCodeGeneratedEvent,stl_path: D:\UFAMeasy_Workspace\UFAMeasy\slice\5555555555555\slice_3\layer_4.stl | gcode_path: D:\UFAMeasy_Workspace\UFAMeasy\slice\5555555555555\slice_3\layer_4.nc | config_path: D:\UFAMeasy_Workspace\UFAMeasy\slice\5555555555555\slice_3\layer_4.ini | z_offset: 13.0 | duration_ms: 280.99999998812564
21/07/2026 08:59:27.296 PM,gcode,gcode_generation,INFO,GCodeGeneratedEvent,stl_path: D:\UFAMeasy_Workspace\UFAMeasy\slice\5555555555555\slice_4\layer_1.stl | gcode_path: D:\UFAMeasy_Workspace\UFAMeasy\slice\5555555555555\slice_4\layer_1.nc | config_path: D:\UFAMeasy_Workspace\UFAMeasy\slice\5555555555555\slice_4\layer_1.ini | z_offset: 14.0 | duration_ms: 359.0000000258442
21/07/2026 08:59:27.296 PM,gcode,gcode_generation,INFO,GCodeGeneratedEvent,stl_path: D:\UFAMeasy_Workspace\UFAMeasy\slice\5555555555555\slice_4\layer_1.stl | gcode_path: D:\UFAMeasy_Workspace\UFAMeasy\slice\5555555555555\slice_4\layer_1.nc | config_path: D:\UFAMeasy_Workspace\UFAMeasy\slice\5555555555555\slice_4\layer_1.ini | z_offset: 14.0 | duration_ms: 359.0000000258442
21/07/2026 08:59:27.614 PM,gcode,gcode_generation,INFO,GCodeGeneratedEvent,stl_path: D:\UFAMeasy_Workspace\UFAMeasy\slice\5555555555555\slice_4\layer_2.stl | gcode_path: D:\UFAMeasy_Workspace\UFAMeasy\slice\5555555555555\slice_4\layer_2.nc | config_path: D:\UFAMeasy_Workspace\UFAMeasy\slice\5555555555555\slice_4\layer_2.ini | z_offset: 15.0 | duration_ms: 312.9999999946449
21/07/2026 08:59:27.614 PM,gcode,gcode_generation,INFO,GCodeGeneratedEvent,stl_path: D:\UFAMeasy_Workspace\UFAMeasy\slice\5555555555555\slice_4\layer_2.stl | gcode_path: D:\UFAMeasy_Workspace\UFAMeasy\slice\5555555555555\slice_4\layer_2.nc | config_path: D:\UFAMeasy_Workspace\UFAMeasy\slice\5555555555555\slice_4\layer_2.ini | z_offset: 15.0 | duration_ms: 312.9999999946449
21/07/2026 08:59:27.961 PM,gcode,gcode_generation,INFO,GCodeGeneratedEvent,stl_path: D:\UFAMeasy_Workspace\UFAMeasy\slice\5555555555555\slice_4\layer_3.stl | gcode_path: D:\UFAMeasy_Workspace\UFAMeasy\slice\5555555555555\slice_4\layer_3.nc | config_path: D:\UFAMeasy_Workspace\UFAMeasy\slice\5555555555555\slice_4\layer_3.ini | z_offset: 16.0 | duration_ms: 358.99999999674037
21/07/2026 08:59:27.961 PM,gcode,gcode_generation,INFO,GCodeGeneratedEvent,stl_path: D:\UFAMeasy_Workspace\UFAMeasy\slice\5555555555555\slice_4\layer_3.stl | gcode_path: D:\UFAMeasy_Workspace\UFAMeasy\slice\5555555555555\slice_4\layer_3.nc | config_path: D:\UFAMeasy_Workspace\UFAMeasy\slice\5555555555555\slice_4\layer_3.ini | z_offset: 16.0 | duration_ms: 358.99999999674037
21/07/2026 08:59:28.275 PM,gcode,gcode_generation,INFO,GCodeGeneratedEvent,stl_path: D:\UFAMeasy_Workspace\UFAMeasy\slice\5555555555555\slice_4\layer_4.stl | gcode_path: D:\UFAMeasy_Workspace\UFAMeasy\slice\5555555555555\slice_4\layer_4.nc | config_path: D:\UFAMeasy_Workspace\UFAMeasy\slice\5555555555555\slice_4\layer_4.ini | z_offset: 17.0 | duration_ms: 312.9999999946449
21/07/2026 08:59:28.275 PM,gcode,gcode_generation,INFO,GCodeGeneratedEvent,stl_path: D:\UFAMeasy_Workspace\UFAMeasy\slice\5555555555555\slice_4\layer_4.stl | gcode_path: D:\UFAMeasy_Workspace\UFAMeasy\slice\5555555555555\slice_4\layer_4.nc | config_path: D:\UFAMeasy_Workspace\UFAMeasy\slice\5555555555555\slice_4\layer_4.ini | z_offset: 17.0 | duration_ms: 312.9999999946449
21/07/2026 08:59:28.610 PM,gcode,gcode_generation,INFO,GCodeGeneratedEvent,stl_path: D:\UFAMeasy_Workspace\UFAMeasy\slice\5555555555555\slice_4\layer_5.stl | gcode_path: D:\UFAMeasy_Workspace\UFAMeasy\slice\5555555555555\slice_4\layer_5.nc | config_path: D:\UFAMeasy_Workspace\UFAMeasy\slice\5555555555555\slice_4\layer_5.ini | z_offset: 18.0 | duration_ms: 328.00000000861473
21/07/2026 08:59:28.610 PM,gcode,gcode_generation,INFO,GCodeGeneratedEvent,stl_path: D:\UFAMeasy_Workspace\UFAMeasy\slice\5555555555555\slice_4\layer_5.stl | gcode_path: D:\UFAMeasy_Workspace\UFAMeasy\slice\5555555555555\slice_4\layer_5.nc | config_path: D:\UFAMeasy_Workspace\UFAMeasy\slice\5555555555555\slice_4\layer_5.ini | z_offset: 18.0 | duration_ms: 328.00000000861473
21/07/2026 08:59:28.907 PM,gcode,gcode_generation,INFO,GCodeGeneratedEvent,stl_path: D:\UFAMeasy_Workspace\UFAMeasy\slice\5555555555555\slice_4\layer_6.stl | gcode_path: D:\UFAMeasy_Workspace\UFAMeasy\slice\5555555555555\slice_4\layer_6.nc | config_path: D:\UFAMeasy_Workspace\UFAMeasy\slice\5555555555555\slice_4\layer_6.ini | z_offset: 19.0 | duration_ms: 296.99999999138527
21/07/2026 08:59:28.907 PM,gcode,gcode_generation,INFO,GCodeGeneratedEvent,stl_path: D:\UFAMeasy_Workspace\UFAMeasy\slice\5555555555555\slice_4\layer_6.stl | gcode_path: D:\UFAMeasy_Workspace\UFAMeasy\slice\5555555555555\slice_4\layer_6.nc | config_path: D:\UFAMeasy_Workspace\UFAMeasy\slice\5555555555555\slice_4\layer_6.ini | z_offset: 19.0 | duration_ms: 296.99999999138527
21/07/2026 08:59:29.849 PM,session,session_sidecar,INFO,SessionSavedEvent,Saved session 'D:\UFAMeasy_Workspace\UFAMeasy\slice\5555555555555\568.ufamsession.json' with 4 slices
21/07/2026 08:59:29.849 PM,session,session_sidecar,INFO,SessionSavedEvent,Saved session 'D:\UFAMeasy_Workspace\UFAMeasy\slice\5555555555555\568.ufamsession.json' with 4 slices
21/07/2026 08:59:29.854 PM,gcode,gcode_merge,INFO,GCodeMergedEvent,Merged 4 slices into 'D:\UFAMeasy_Workspace\UFAMeasy\slice\5555555555555\combined_print.gcode' (32.00000000651926ms)
21/07/2026 08:59:29.854 PM,gcode,gcode_merge,INFO,GCodeMergedEvent,Merged 4 slices into 'D:\UFAMeasy_Workspace\UFAMeasy\slice\5555555555555\combined_print.gcode' (32.00000000651926ms)
21/07/2026 09:01:54.325 PM,workflow,job_estimator,INFO,JobEstimationEvent,Started estimation for 'D:\UFAMeasy_Workspace\UFAMeasy\slice\5555555555555\slice_1.gcode' (0ms)
21/07/2026 09:01:54.325 PM,workflow,job_estimator,INFO,JobEstimationEvent,Started estimation for 'D:\UFAMeasy_Workspace\UFAMeasy\slice\5555555555555\slice_1.gcode' (0ms)
21/07/2026 09:01:54.345 PM,workflow,job_estimator,INFO,JobEstimationEvent,Completed estimation for 'D:\UFAMeasy_Workspace\UFAMeasy\slice\5555555555555\slice_1.gcode' (19.916399993235245ms)
21/07/2026 09:01:54.345 PM,workflow,job_estimator,INFO,JobEstimationEvent,Completed estimation for 'D:\UFAMeasy_Workspace\UFAMeasy\slice\5555555555555\slice_1.gcode' (19.916399993235245ms)
21/07/2026 09:01:54.345 PM,workflow,job_estimator,INFO,JobEstimationEvent,Started estimation for 'D:\UFAMeasy_Workspace\UFAMeasy\slice\5555555555555\slice_2.gcode' (0ms)
21/07/2026 09:01:54.345 PM,workflow,job_estimator,INFO,JobEstimationEvent,Started estimation for 'D:\UFAMeasy_Workspace\UFAMeasy\slice\5555555555555\slice_2.gcode' (0ms)
21/07/2026 09:01:54.360 PM,workflow,job_estimator,INFO,JobEstimationEvent,Completed estimation for 'D:\UFAMeasy_Workspace\UFAMeasy\slice\5555555555555\slice_2.gcode' (15.15390002168715ms)
21/07/2026 09:01:54.360 PM,workflow,job_estimator,INFO,JobEstimationEvent,Completed estimation for 'D:\UFAMeasy_Workspace\UFAMeasy\slice\5555555555555\slice_2.gcode' (15.15390002168715ms)
21/07/2026 09:01:54.361 PM,workflow,job_estimator,INFO,JobEstimationEvent,Started estimation for 'D:\UFAMeasy_Workspace\UFAMeasy\slice\5555555555555\slice_3.gcode' (0ms)
21/07/2026 09:01:54.361 PM,workflow,job_estimator,INFO,JobEstimationEvent,Started estimation for 'D:\UFAMeasy_Workspace\UFAMeasy\slice\5555555555555\slice_3.gcode' (0ms)
21/07/2026 09:01:54.372 PM,workflow,job_estimator,INFO,JobEstimationEvent,Completed estimation for 'D:\UFAMeasy_Workspace\UFAMeasy\slice\5555555555555\slice_3.gcode' (11.739899986423552ms)
21/07/2026 09:01:54.372 PM,workflow,job_estimator,INFO,JobEstimationEvent,Completed estimation for 'D:\UFAMeasy_Workspace\UFAMeasy\slice\5555555555555\slice_3.gcode' (11.739899986423552ms)
21/07/2026 09:01:54.372 PM,workflow,job_estimator,INFO,JobEstimationEvent,Started estimation for 'D:\UFAMeasy_Workspace\UFAMeasy\slice\5555555555555\slice_4.gcode' (0ms)
21/07/2026 09:01:54.372 PM,workflow,job_estimator,INFO,JobEstimationEvent,Started estimation for 'D:\UFAMeasy_Workspace\UFAMeasy\slice\5555555555555\slice_4.gcode' (0ms)
21/07/2026 09:01:54.394 PM,workflow,job_estimator,INFO,JobEstimationEvent,Completed estimation for 'D:\UFAMeasy_Workspace\UFAMeasy\slice\5555555555555\slice_4.gcode' (20.707700023194775ms)
21/07/2026 09:01:54.394 PM,workflow,job_estimator,INFO,JobEstimationEvent,Completed estimation for 'D:\UFAMeasy_Workspace\UFAMeasy\slice\5555555555555\slice_4.gcode' (20.707700023194775ms)
21/07/2026 09:01:54.395 PM,workflow,job_estimator,INFO,JobEstimationEvent,Started estimation for 'D:\UFAMeasy_Workspace\UFAMeasy\slice\5555555555555\combined_print.gcode' (0ms)
21/07/2026 09:01:54.395 PM,workflow,job_estimator,INFO,JobEstimationEvent,Started estimation for 'D:\UFAMeasy_Workspace\UFAMeasy\slice\5555555555555\combined_print.gcode' (0ms)
21/07/2026 09:01:54.438 PM,workflow,job_estimator,INFO,JobEstimationEvent,Completed estimation for 'D:\UFAMeasy_Workspace\UFAMeasy\slice\5555555555555\combined_print.gcode' (43.168799980776384ms)
21/07/2026 09:01:54.438 PM,workflow,job_estimator,INFO,JobEstimationEvent,Completed estimation for 'D:\UFAMeasy_Workspace\UFAMeasy\slice\5555555555555\combined_print.gcode' (43.168799980776384ms)
21/07/2026 09:08:54.689 PM,workflow,job_estimator,INFO,JobEstimationEvent,Started estimation for 'D:\UFAMeasy_Workspace\UFAMeasy\slice\5555555555555\slice_1.gcode' (0ms)
21/07/2026 09:08:54.689 PM,workflow,job_estimator,INFO,JobEstimationEvent,Started estimation for 'D:\UFAMeasy_Workspace\UFAMeasy\slice\5555555555555\slice_1.gcode' (0ms)
21/07/2026 09:08:54.712 PM,workflow,job_estimator,INFO,JobEstimationEvent,Completed estimation for 'D:\UFAMeasy_Workspace\UFAMeasy\slice\5555555555555\slice_1.gcode' (22.660599992377684ms)
21/07/2026 09:08:54.712 PM,workflow,job_estimator,INFO,JobEstimationEvent,Completed estimation for 'D:\UFAMeasy_Workspace\UFAMeasy\slice\5555555555555\slice_1.gcode' (22.660599992377684ms)
21/07/2026 09:08:54.712 PM,workflow,job_estimator,INFO,JobEstimationEvent,Started estimation for 'D:\UFAMeasy_Workspace\UFAMeasy\slice\5555555555555\slice_2.gcode' (0ms)
21/07/2026 09:08:54.712 PM,workflow,job_estimator,INFO,JobEstimationEvent,Started estimation for 'D:\UFAMeasy_Workspace\UFAMeasy\slice\5555555555555\slice_2.gcode' (0ms)
21/07/2026 09:08:54.726 PM,workflow,job_estimator,INFO,JobEstimationEvent,Completed estimation for 'D:\UFAMeasy_Workspace\UFAMeasy\slice\5555555555555\slice_2.gcode' (14.159299986204132ms)
21/07/2026 09:08:54.726 PM,workflow,job_estimator,INFO,JobEstimationEvent,Completed estimation for 'D:\UFAMeasy_Workspace\UFAMeasy\slice\5555555555555\slice_2.gcode' (14.159299986204132ms)
21/07/2026 09:08:54.726 PM,workflow,job_estimator,INFO,JobEstimationEvent,Started estimation for 'D:\UFAMeasy_Workspace\UFAMeasy\slice\5555555555555\slice_3.gcode' (0ms)
21/07/2026 09:08:54.726 PM,workflow,job_estimator,INFO,JobEstimationEvent,Started estimation for 'D:\UFAMeasy_Workspace\UFAMeasy\slice\5555555555555\slice_3.gcode' (0ms)
21/07/2026 09:08:54.738 PM,workflow,job_estimator,INFO,JobEstimationEvent,Completed estimation for 'D:\UFAMeasy_Workspace\UFAMeasy\slice\5555555555555\slice_3.gcode' (11.938399984501302ms)
21/07/2026 09:08:54.738 PM,workflow,job_estimator,INFO,JobEstimationEvent,Completed estimation for 'D:\UFAMeasy_Workspace\UFAMeasy\slice\5555555555555\slice_3.gcode' (11.938399984501302ms)
21/07/2026 09:08:54.738 PM,workflow,job_estimator,INFO,JobEstimationEvent,Started estimation for 'D:\UFAMeasy_Workspace\UFAMeasy\slice\5555555555555\slice_4.gcode' (0ms)
21/07/2026 09:08:54.738 PM,workflow,job_estimator,INFO,JobEstimationEvent,Started estimation for 'D:\UFAMeasy_Workspace\UFAMeasy\slice\5555555555555\slice_4.gcode' (0ms)
21/07/2026 09:08:54.753 PM,workflow,job_estimator,INFO,JobEstimationEvent,Completed estimation for 'D:\UFAMeasy_Workspace\UFAMeasy\slice\5555555555555\slice_4.gcode' (14.648300013504922ms)
21/07/2026 09:08:54.753 PM,workflow,job_estimator,INFO,JobEstimationEvent,Completed estimation for 'D:\UFAMeasy_Workspace\UFAMeasy\slice\5555555555555\slice_4.gcode' (14.648300013504922ms)
21/07/2026 09:08:54.753 PM,workflow,job_estimator,INFO,JobEstimationEvent,Started estimation for 'D:\UFAMeasy_Workspace\UFAMeasy\slice\5555555555555\combined_print.gcode' (0ms)
21/07/2026 09:08:54.753 PM,workflow,job_estimator,INFO,JobEstimationEvent,Started estimation for 'D:\UFAMeasy_Workspace\UFAMeasy\slice\5555555555555\combined_print.gcode' (0ms)
21/07/2026 09:08:54.804 PM,workflow,job_estimator,INFO,JobEstimationEvent,Completed estimation for 'D:\UFAMeasy_Workspace\UFAMeasy\slice\5555555555555\combined_print.gcode' (50.68980000214651ms)
21/07/2026 09:08:54.804 PM,workflow,job_estimator,INFO,JobEstimationEvent,Completed estimation for 'D:\UFAMeasy_Workspace\UFAMeasy\slice\5555555555555\combined_print.gcode' (50.68980000214651ms)
21/07/2026 09:09:02.417 PM,workflow,geometry,INFO,ShapeChangedEvent,Deleted Part::Feature (Label: 'PreviewSlice')
21/07/2026 09:09:02.417 PM,workflow,geometry,INFO,ShapeChangedEvent,Deleted Part::Feature (Label: 'PreviewSlice')
21/07/2026 09:09:02.426 PM,workflow,slicer_ui,INFO,ParameterChangedEvent,"Changed 2 parameters in Slice 1 [PF1: {'enabled': False, 'percent': 30} → {'enabled': True, 'percent': 30}]"
21/07/2026 09:09:02.426 PM,workflow,slicer_ui,INFO,ParameterChangedEvent,"Changed 2 parameters in Slice 1 [PF1: {'enabled': False, 'percent': 30} → {'enabled': True, 'percent': 30}]"
21/07/2026 09:09:02.434 PM,session,session_sidecar,INFO,SessionSavedEvent,Saved session 'D:\UFAMeasy_Workspace\UFAMeasy\slice\5555555555555\568.ufamsession.json' with 4 slices
21/07/2026 09:09:02.434 PM,session,session_sidecar,INFO,SessionSavedEvent,Saved session 'D:\UFAMeasy_Workspace\UFAMeasy\slice\5555555555555\568.ufamsession.json' with 4 slices
21/07/2026 09:09:08.370 PM,session,session_sidecar,INFO,SessionSavedEvent,Saved session 'D:\UFAMeasy_Workspace\UFAMeasy\slice\5555555555555\568.ufamsession.json' with 4 slices
21/07/2026 09:09:08.370 PM,session,session_sidecar,INFO,SessionSavedEvent,Saved session 'D:\UFAMeasy_Workspace\UFAMeasy\slice\5555555555555\568.ufamsession.json' with 4 slices
21/07/2026 09:09:10.807 PM,gcode,gcode_generation,INFO,GCodeGeneratedEvent,stl_path: D:\UFAMeasy_Workspace\UFAMeasy\slice\5555555555555\slice_1\layer_1.stl | gcode_path: D:\UFAMeasy_Workspace\UFAMeasy\slice\5555555555555\slice_1\layer_1.nc | config_path: D:\UFAMeasy_Workspace\UFAMeasy\slice\5555555555555\slice_1\layer_1.ini | z_offset: 0.0 | duration_ms: 327.9999999795109
21/07/2026 09:09:10.807 PM,gcode,gcode_generation,INFO,GCodeGeneratedEvent,stl_path: D:\UFAMeasy_Workspace\UFAMeasy\slice\5555555555555\slice_1\layer_1.stl | gcode_path: D:\UFAMeasy_Workspace\UFAMeasy\slice\5555555555555\slice_1\layer_1.nc | config_path: D:\UFAMeasy_Workspace\UFAMeasy\slice\5555555555555\slice_1\layer_1.ini | z_offset: 0.0 | duration_ms: 327.9999999795109
21/07/2026 09:09:11.139 PM,gcode,gcode_generation,INFO,GCodeGeneratedEvent,stl_path: D:\UFAMeasy_Workspace\UFAMeasy\slice\5555555555555\slice_1\layer_2.stl | gcode_path: D:\UFAMeasy_Workspace\UFAMeasy\slice\5555555555555\slice_1\layer_2.nc | config_path: D:\UFAMeasy_Workspace\UFAMeasy\slice\5555555555555\slice_1\layer_2.ini | z_offset: 1.0 | duration_ms: 328.00000000861473
21/07/2026 09:09:11.139 PM,gcode,gcode_generation,INFO,GCodeGeneratedEvent,stl_path: D:\UFAMeasy_Workspace\UFAMeasy\slice\5555555555555\slice_1\layer_2.stl | gcode_path: D:\UFAMeasy_Workspace\UFAMeasy\slice\5555555555555\slice_1\layer_2.nc | config_path: D:\UFAMeasy_Workspace\UFAMeasy\slice\5555555555555\slice_1\layer_2.ini | z_offset: 1.0 | duration_ms: 328.00000000861473
21/07/2026 09:09:11.488 PM,gcode,gcode_generation,INFO,GCodeGeneratedEvent,stl_path: D:\UFAMeasy_Workspace\UFAMeasy\slice\5555555555555\slice_1\layer_3.stl | gcode_path: D:\UFAMeasy_Workspace\UFAMeasy\slice\5555555555555\slice_1\layer_3.nc | config_path: D:\UFAMeasy_Workspace\UFAMeasy\slice\5555555555555\slice_1\layer_3.ini | z_offset: 2.0 | duration_ms: 344.00000001187436
21/07/2026 09:09:11.488 PM,gcode,gcode_generation,INFO,GCodeGeneratedEvent,stl_path: D:\UFAMeasy_Workspace\UFAMeasy\slice\5555555555555\slice_1\layer_3.stl | gcode_path: D:\UFAMeasy_Workspace\UFAMeasy\slice\5555555555555\slice_1\layer_3.nc | config_path: D:\UFAMeasy_Workspace\UFAMeasy\slice\5555555555555\slice_1\layer_3.ini | z_offset: 2.0 | duration_ms: 344.00000001187436
21/07/2026 09:09:11.838 PM,gcode,gcode_generation,INFO,GCodeGeneratedEvent,stl_path: D:\UFAMeasy_Workspace\UFAMeasy\slice\5555555555555\slice_1\layer_4.stl | gcode_path: D:\UFAMeasy_Workspace\UFAMeasy\slice\5555555555555\slice_1\layer_4.nc | config_path: D:\UFAMeasy_Workspace\UFAMeasy\slice\5555555555555\slice_1\layer_4.ini | z_offset: 3.0 | duration_ms: 358.99999999674037
21/07/2026 09:09:11.838 PM,gcode,gcode_generation,INFO,GCodeGeneratedEvent,stl_path: D:\UFAMeasy_Workspace\UFAMeasy\slice\5555555555555\slice_1\layer_4.stl | gcode_path: D:\UFAMeasy_Workspace\UFAMeasy\slice\5555555555555\slice_1\layer_4.nc | config_path: D:\UFAMeasy_Workspace\UFAMeasy\slice\5555555555555\slice_1\layer_4.ini | z_offset: 3.0 | duration_ms: 358.99999999674037
21/07/2026 09:09:12.238 PM,gcode,gcode_generation,INFO,GCodeGeneratedEvent,stl_path: D:\UFAMeasy_Workspace\UFAMeasy\slice\5555555555555\slice_1\layer_5.stl | gcode_path: D:\UFAMeasy_Workspace\UFAMeasy\slice\5555555555555\slice_1\layer_5.nc | config_path: D:\UFAMeasy_Workspace\UFAMeasy\slice\5555555555555\slice_1\layer_5.ini | z_offset: 4.0 | duration_ms: 391.00000000325963
21/07/2026 09:09:12.238 PM,gcode,gcode_generation,INFO,GCodeGeneratedEvent,stl_path: D:\UFAMeasy_Workspace\UFAMeasy\slice\5555555555555\slice_1\layer_5.stl | gcode_path: D:\UFAMeasy_Workspace\UFAMeasy\slice\5555555555555\slice_1\layer_5.nc | config_path: D:\UFAMeasy_Workspace\UFAMeasy\slice\5555555555555\slice_1\layer_5.ini | z_offset: 4.0 | duration_ms: 391.00000000325963
21/07/2026 09:09:12.612 PM,gcode,gcode_generation,INFO,GCodeGeneratedEvent,stl_path: D:\UFAMeasy_Workspace\UFAMeasy\slice\5555555555555\slice_1\layer_6.stl | gcode_path: D:\UFAMeasy_Workspace\UFAMeasy\slice\5555555555555\slice_1\layer_6.nc | config_path: D:\UFAMeasy_Workspace\UFAMeasy\slice\5555555555555\slice_1\layer_6.ini | z_offset: 5.0 | duration_ms: 375.0
21/07/2026 09:09:12.612 PM,gcode,gcode_generation,INFO,GCodeGeneratedEvent,stl_path: D:\UFAMeasy_Workspace\UFAMeasy\slice\5555555555555\slice_1\layer_6.stl | gcode_path: D:\UFAMeasy_Workspace\UFAMeasy\slice\5555555555555\slice_1\layer_6.nc | config_path: D:\UFAMeasy_Workspace\UFAMeasy\slice\5555555555555\slice_1\layer_6.ini | z_offset: 5.0 | duration_ms: 375.0
21/07/2026 09:09:13.038 PM,gcode,gcode_generation,INFO,GCodeGeneratedEvent,stl_path: D:\UFAMeasy_Workspace\UFAMeasy\slice\5555555555555\slice_2\layer_1.stl | gcode_path: D:\UFAMeasy_Workspace\UFAMeasy\slice\5555555555555\slice_2\layer_1.nc | config_path: D:\UFAMeasy_Workspace\UFAMeasy\slice\5555555555555\slice_2\layer_1.ini | z_offset: 6.0 | duration_ms: 344.00000001187436
21/07/2026 09:09:13.038 PM,gcode,gcode_generation,INFO,GCodeGeneratedEvent,stl_path: D:\UFAMeasy_Workspace\UFAMeasy\slice\5555555555555\slice_2\layer_1.stl | gcode_path: D:\UFAMeasy_Workspace\UFAMeasy\slice\5555555555555\slice_2\layer_1.nc | config_path: D:\UFAMeasy_Workspace\UFAMeasy\slice\5555555555555\slice_2\layer_1.ini | z_offset: 6.0 | duration_ms: 344.00000001187436
21/07/2026 09:09:13.390 PM,gcode,gcode_generation,INFO,GCodeGeneratedEvent,stl_path: D:\UFAMeasy_Workspace\UFAMeasy\slice\5555555555555\slice_2\layer_2.stl | gcode_path: D:\UFAMeasy_Workspace\UFAMeasy\slice\5555555555555\slice_2\layer_2.nc | config_path: D:\UFAMeasy_Workspace\UFAMeasy\slice\5555555555555\slice_2\layer_2.ini | z_offset: 7.0 | duration_ms: 358.99999999674037
21/07/2026 09:09:13.390 PM,gcode,gcode_generation,INFO,GCodeGeneratedEvent,stl_path: D:\UFAMeasy_Workspace\UFAMeasy\slice\5555555555555\slice_2\layer_2.stl | gcode_path: D:\UFAMeasy_Workspace\UFAMeasy\slice\5555555555555\slice_2\layer_2.nc | config_path: D:\UFAMeasy_Workspace\UFAMeasy\slice\5555555555555\slice_2\layer_2.ini | z_offset: 7.0 | duration_ms: 358.99999999674037
21/07/2026 09:09:13.720 PM,gcode,gcode_generation,INFO,GCodeGeneratedEvent,stl_path: D:\UFAMeasy_Workspace\UFAMeasy\slice\5555555555555\slice_2\layer_3.stl | gcode_path: D:\UFAMeasy_Workspace\UFAMeasy\slice\5555555555555\slice_2\layer_3.nc | config_path: D:\UFAMeasy_Workspace\UFAMeasy\slice\5555555555555\slice_2\layer_3.ini | z_offset: 8.0 | duration_ms: 328.00000000861473
21/07/2026 09:09:13.720 PM,gcode,gcode_generation,INFO,GCodeGeneratedEvent,stl_path: D:\UFAMeasy_Workspace\UFAMeasy\slice\5555555555555\slice_2\layer_3.stl | gcode_path: D:\UFAMeasy_Workspace\UFAMeasy\slice\5555555555555\slice_2\layer_3.nc | config_path: D:\UFAMeasy_Workspace\UFAMeasy\slice\5555555555555\slice_2\layer_3.ini | z_offset: 8.0 | duration_ms: 328.00000000861473
21/07/2026 09:09:14.061 PM,gcode,gcode_generation,INFO,GCodeGeneratedEvent,stl_path: D:\UFAMeasy_Workspace\UFAMeasy\slice\5555555555555\slice_2\layer_4.stl | gcode_path: D:\UFAMeasy_Workspace\UFAMeasy\slice\5555555555555\slice_2\layer_4.nc | config_path: D:\UFAMeasy_Workspace\UFAMeasy\slice\5555555555555\slice_2\layer_4.ini | z_offset: 9.0 | duration_ms: 343.99999998277053
21/07/2026 09:09:14.061 PM,gcode,gcode_generation,INFO,GCodeGeneratedEvent,stl_path: D:\UFAMeasy_Workspace\UFAMeasy\slice\5555555555555\slice_2\layer_4.stl | gcode_path: D:\UFAMeasy_Workspace\UFAMeasy\slice\5555555555555\slice_2\layer_4.nc | config_path: D:\UFAMeasy_Workspace\UFAMeasy\slice\5555555555555\slice_2\layer_4.ini | z_offset: 9.0 | duration_ms: 343.99999998277053
21/07/2026 09:09:14.488 PM,gcode,gcode_generation,INFO,GCodeGeneratedEvent,stl_path: D:\UFAMeasy_Workspace\UFAMeasy\slice\5555555555555\slice_3\layer_1.stl | gcode_path: D:\UFAMeasy_Workspace\UFAMeasy\slice\5555555555555\slice_3\layer_1.nc | config_path: D:\UFAMeasy_Workspace\UFAMeasy\slice\5555555555555\slice_3\layer_1.ini | z_offset: 10.0 | duration_ms: 344.00000001187436
21/07/2026 09:09:14.488 PM,gcode,gcode_generation,INFO,GCodeGeneratedEvent,stl_path: D:\UFAMeasy_Workspace\UFAMeasy\slice\5555555555555\slice_3\layer_1.stl | gcode_path: D:\UFAMeasy_Workspace\UFAMeasy\slice\5555555555555\slice_3\layer_1.nc | config_path: D:\UFAMeasy_Workspace\UFAMeasy\slice\5555555555555\slice_3\layer_1.ini | z_offset: 10.0 | duration_ms: 344.00000001187436
21/07/2026 09:09:14.811 PM,gcode,gcode_generation,INFO,GCodeGeneratedEvent,stl_path: D:\UFAMeasy_Workspace\UFAMeasy\slice\5555555555555\slice_3\layer_2.stl | gcode_path: D:\UFAMeasy_Workspace\UFAMeasy\slice\5555555555555\slice_3\layer_2.nc | config_path: D:\UFAMeasy_Workspace\UFAMeasy\slice\5555555555555\slice_3\layer_2.ini | z_offset: 11.0 | duration_ms: 327.9999999795109
21/07/2026 09:09:14.811 PM,gcode,gcode_generation,INFO,GCodeGeneratedEvent,stl_path: D:\UFAMeasy_Workspace\UFAMeasy\slice\5555555555555\slice_3\layer_2.stl | gcode_path: D:\UFAMeasy_Workspace\UFAMeasy\slice\5555555555555\slice_3\layer_2.nc | config_path: D:\UFAMeasy_Workspace\UFAMeasy\slice\5555555555555\slice_3\layer_2.ini | z_offset: 11.0 | duration_ms: 327.9999999795109
21/07/2026 09:09:15.136 PM,gcode,gcode_generation,INFO,GCodeGeneratedEvent,stl_path: D:\UFAMeasy_Workspace\UFAMeasy\slice\5555555555555\slice_3\layer_3.stl | gcode_path: D:\UFAMeasy_Workspace\UFAMeasy\slice\5555555555555\slice_3\layer_3.nc | config_path: D:\UFAMeasy_Workspace\UFAMeasy\slice\5555555555555\slice_3\layer_3.ini | z_offset: 12.0 | duration_ms: 328.00000000861473
21/07/2026 09:09:15.136 PM,gcode,gcode_generation,INFO,GCodeGeneratedEvent,stl_path: D:\UFAMeasy_Workspace\UFAMeasy\slice\5555555555555\slice_3\layer_3.stl | gcode_path: D:\UFAMeasy_Workspace\UFAMeasy\slice\5555555555555\slice_3\layer_3.nc | config_path: D:\UFAMeasy_Workspace\UFAMeasy\slice\5555555555555\slice_3\layer_3.ini | z_offset: 12.0 | duration_ms: 328.00000000861473
21/07/2026 09:09:15.500 PM,gcode,gcode_generation,INFO,GCodeGeneratedEvent,stl_path: D:\UFAMeasy_Workspace\UFAMeasy\slice\5555555555555\slice_3\layer_4.stl | gcode_path: D:\UFAMeasy_Workspace\UFAMeasy\slice\5555555555555\slice_3\layer_4.nc | config_path: D:\UFAMeasy_Workspace\UFAMeasy\slice\5555555555555\slice_3\layer_4.ini | z_offset: 13.0 | duration_ms: 358.99999999674037
21/07/2026 09:09:15.500 PM,gcode,gcode_generation,INFO,GCodeGeneratedEvent,stl_path: D:\UFAMeasy_Workspace\UFAMeasy\slice\5555555555555\slice_3\layer_4.stl | gcode_path: D:\UFAMeasy_Workspace\UFAMeasy\slice\5555555555555\slice_3\layer_4.nc | config_path: D:\UFAMeasy_Workspace\UFAMeasy\slice\5555555555555\slice_3\layer_4.ini | z_offset: 13.0 | duration_ms: 358.99999999674037
21/07/2026 09:09:15.954 PM,gcode,gcode_generation,INFO,GCodeGeneratedEvent,stl_path: D:\UFAMeasy_Workspace\UFAMeasy\slice\5555555555555\slice_4\layer_1.stl | gcode_path: D:\UFAMeasy_Workspace\UFAMeasy\slice\5555555555555\slice_4\layer_1.nc | config_path: D:\UFAMeasy_Workspace\UFAMeasy\slice\5555555555555\slice_4\layer_1.ini | z_offset: 14.0 | duration_ms: 342.99999999348074
21/07/2026 09:09:15.954 PM,gcode,gcode_generation,INFO,GCodeGeneratedEvent,stl_path: D:\UFAMeasy_Workspace\UFAMeasy\slice\5555555555555\slice_4\layer_1.stl | gcode_path: D:\UFAMeasy_Workspace\UFAMeasy\slice\5555555555555\slice_4\layer_1.nc | config_path: D:\UFAMeasy_Workspace\UFAMeasy\slice\5555555555555\slice_4\layer_1.ini | z_offset: 14.0 | duration_ms: 342.99999999348074
21/07/2026 09:09:16.330 PM,gcode,gcode_generation,INFO,GCodeGeneratedEvent,stl_path: D:\UFAMeasy_Workspace\UFAMeasy\slice\5555555555555\slice_4\layer_2.stl | gcode_path: D:\UFAMeasy_Workspace\UFAMeasy\slice\5555555555555\slice_4\layer_2.nc | config_path: D:\UFAMeasy_Workspace\UFAMeasy\slice\5555555555555\slice_4\layer_2.ini | z_offset: 15.0 | duration_ms: 375.0
21/07/2026 09:09:16.330 PM,gcode,gcode_generation,INFO,GCodeGeneratedEvent,stl_path: D:\UFAMeasy_Workspace\UFAMeasy\slice\5555555555555\slice_4\layer_2.stl | gcode_path: D:\UFAMeasy_Workspace\UFAMeasy\slice\5555555555555\slice_4\layer_2.nc | config_path: D:\UFAMeasy_Workspace\UFAMeasy\slice\5555555555555\slice_4\layer_2.ini | z_offset: 15.0 | duration_ms: 375.0
21/07/2026 09:09:16.720 PM,gcode,gcode_generation,INFO,GCodeGeneratedEvent,stl_path: D:\UFAMeasy_Workspace\UFAMeasy\slice\5555555555555\slice_4\layer_3.stl | gcode_path: D:\UFAMeasy_Workspace\UFAMeasy\slice\5555555555555\slice_4\layer_3.nc | config_path: D:\UFAMeasy_Workspace\UFAMeasy\slice\5555555555555\slice_4\layer_3.ini | z_offset: 16.0 | duration_ms: 391.00000000325963
21/07/2026 09:09:16.720 PM,gcode,gcode_generation,INFO,GCodeGeneratedEvent,stl_path: D:\UFAMeasy_Workspace\UFAMeasy\slice\5555555555555\slice_4\layer_3.stl | gcode_path: D:\UFAMeasy_Workspace\UFAMeasy\slice\5555555555555\slice_4\layer_3.nc | config_path: D:\UFAMeasy_Workspace\UFAMeasy\slice\5555555555555\slice_4\layer_3.ini | z_offset: 16.0 | duration_ms: 391.00000000325963
21/07/2026 09:09:17.039 PM,gcode,gcode_generation,INFO,GCodeGeneratedEvent,stl_path: D:\UFAMeasy_Workspace\UFAMeasy\slice\5555555555555\slice_4\layer_4.stl | gcode_path: D:\UFAMeasy_Workspace\UFAMeasy\slice\5555555555555\slice_4\layer_4.nc | config_path: D:\UFAMeasy_Workspace\UFAMeasy\slice\5555555555555\slice_4\layer_4.ini | z_offset: 17.0 | duration_ms: 328.00000000861473
21/07/2026 09:09:17.039 PM,gcode,gcode_generation,INFO,GCodeGeneratedEvent,stl_path: D:\UFAMeasy_Workspace\UFAMeasy\slice\5555555555555\slice_4\layer_4.stl | gcode_path: D:\UFAMeasy_Workspace\UFAMeasy\slice\5555555555555\slice_4\layer_4.nc | config_path: D:\UFAMeasy_Workspace\UFAMeasy\slice\5555555555555\slice_4\layer_4.ini | z_offset: 17.0 | duration_ms: 328.00000000861473
21/07/2026 09:09:17.372 PM,gcode,gcode_generation,INFO,GCodeGeneratedEvent,stl_path: D:\UFAMeasy_Workspace\UFAMeasy\slice\5555555555555\slice_4\layer_5.stl | gcode_path: D:\UFAMeasy_Workspace\UFAMeasy\slice\5555555555555\slice_4\layer_5.nc | config_path: D:\UFAMeasy_Workspace\UFAMeasy\slice\5555555555555\slice_4\layer_5.ini | z_offset: 18.0 | duration_ms: 327.9999999795109
21/07/2026 09:09:17.372 PM,gcode,gcode_generation,INFO,GCodeGeneratedEvent,stl_path: D:\UFAMeasy_Workspace\UFAMeasy\slice\5555555555555\slice_4\layer_5.stl | gcode_path: D:\UFAMeasy_Workspace\UFAMeasy\slice\5555555555555\slice_4\layer_5.nc | config_path: D:\UFAMeasy_Workspace\UFAMeasy\slice\5555555555555\slice_4\layer_5.ini | z_offset: 18.0 | duration_ms: 327.9999999795109
21/07/2026 09:09:17.751 PM,gcode,gcode_generation,INFO,GCodeGeneratedEvent,stl_path: D:\UFAMeasy_Workspace\UFAMeasy\slice\5555555555555\slice_4\layer_6.stl | gcode_path: D:\UFAMeasy_Workspace\UFAMeasy\slice\5555555555555\slice_4\layer_6.nc | config_path: D:\UFAMeasy_Workspace\UFAMeasy\slice\5555555555555\slice_4\layer_6.ini | z_offset: 19.0 | duration_ms: 375.0
21/07/2026 09:09:17.751 PM,gcode,gcode_generation,INFO,GCodeGeneratedEvent,stl_path: D:\UFAMeasy_Workspace\UFAMeasy\slice\5555555555555\slice_4\layer_6.stl | gcode_path: D:\UFAMeasy_Workspace\UFAMeasy\slice\5555555555555\slice_4\layer_6.nc | config_path: D:\UFAMeasy_Workspace\UFAMeasy\slice\5555555555555\slice_4\layer_6.ini | z_offset: 19.0 | duration_ms: 375.0
21/07/2026 09:09:18.615 PM,session,session_sidecar,INFO,SessionSavedEvent,Saved session 'D:\UFAMeasy_Workspace\UFAMeasy\slice\5555555555555\568.ufamsession.json' with 4 slices
21/07/2026 09:09:18.615 PM,session,session_sidecar,INFO,SessionSavedEvent,Saved session 'D:\UFAMeasy_Workspace\UFAMeasy\slice\5555555555555\568.ufamsession.json' with 4 slices
21/07/2026 09:09:18.622 PM,gcode,gcode_merge,INFO,GCodeMergedEvent,Merged 4 slices into 'D:\UFAMeasy_Workspace\UFAMeasy\slice\5555555555555\combined_print.gcode' (30.999999988125637ms)
21/07/2026 09:09:18.622 PM,gcode,gcode_merge,INFO,GCodeMergedEvent,Merged 4 slices into 'D:\UFAMeasy_Workspace\UFAMeasy\slice\5555555555555\combined_print.gcode' (30.999999988125637ms)
21/07/2026 09:09:39.526 PM,session,document,INFO,FileEvent,Document Closed | Path: D:/UFAMeasy_Workspace/UFAMeasy/slice/5555555555555/568.FCStd | Name: Unnamed
21/07/2026 09:09:39.526 PM,session,document,INFO,FileEvent,Document Closed | Path: D:/UFAMeasy_Workspace/UFAMeasy/slice/5555555555555/568.FCStd | Name: Unnamed
22/07/2026 06:42:09.386 PM,workflow,geometry,INFO,ShapeChangedEvent,"Created Box (Label: 'Box') [a=20.0, b=20.0, c=20.0]"
22/07/2026 06:42:09.386 PM,workflow,geometry,INFO,ShapeChangedEvent,"Created Box (Label: 'Box') [a=20.0, b=20.0, c=20.0]"
22/07/2026 06:42:35.394 PM,session,document,INFO,FileEvent,Document Saved | Path: D:/UFAMeasy_Workspace/UFAMeasy/slice/88888888/demo.FCStd
22/07/2026 06:42:35.394 PM,session,document,INFO,FileEvent,Document Saved | Path: D:/UFAMeasy_Workspace/UFAMeasy/slice/88888888/demo.FCStd
22/07/2026 06:42:35.394 PM,session,persistence,INFO,SessionSavedEvent,Saved session 'D:/UFAMeasy_Workspace/UFAMeasy/slice/88888888/demo.FCStd' with 0 slices
22/07/2026 06:42:35.394 PM,session,persistence,INFO,SessionSavedEvent,Saved session 'D:/UFAMeasy_Workspace/UFAMeasy/slice/88888888/demo.FCStd' with 0 slices
22/07/2026 06:42:57.022 PM,workflow,slicing,INFO,SliceStartedEvent,slice_index: 1 | output_path: D:\UFAMeasy_Workspace\UFAMeasy\slice\88888888 | plane_count: 2
22/07/2026 06:42:57.022 PM,workflow,slicing,INFO,SliceStartedEvent,slice_index: 1 | output_path: D:\UFAMeasy_Workspace\UFAMeasy\slice\88888888 | plane_count: 2
22/07/2026 06:42:57.195 PM,workflow,slicing,INFO,SliceCompletedEvent,slice_index: 1 | filename: slice_1.stl | output_path: D:\UFAMeasy_Workspace\UFAMeasy\slice\88888888 | z_offset: 0.0 | center_x: 10.0 | center_y: 10.0 | duration_ms: 172.0000000204891
22/07/2026 06:42:57.195 PM,workflow,slicing,INFO,SliceCompletedEvent,slice_index: 1 | filename: slice_1.stl | output_path: D:\UFAMeasy_Workspace\UFAMeasy\slice\88888888 | z_offset: 0.0 | center_x: 10.0 | center_y: 10.0 | duration_ms: 172.0000000204891
22/07/2026 06:42:57.228 PM,workflow,slicing,INFO,SliceStartedEvent,slice_index: 2 | output_path: D:\UFAMeasy_Workspace\UFAMeasy\slice\88888888 | plane_count: 2
22/07/2026 06:42:57.228 PM,workflow,slicing,INFO,SliceStartedEvent,slice_index: 2 | output_path: D:\UFAMeasy_Workspace\UFAMeasy\slice\88888888 | plane_count: 2
22/07/2026 06:42:57.235 PM,workflow,slicing,INFO,SliceCompletedEvent,slice_index: 2 | filename: slice_2.stl | output_path: D:\UFAMeasy_Workspace\UFAMeasy\slice\88888888 | z_offset: 5.0 | center_x: 10.0 | center_y: 10.0 | duration_ms: 0.0
22/07/2026 06:42:57.235 PM,workflow,slicing,INFO,SliceCompletedEvent,slice_index: 2 | filename: slice_2.stl | output_path: D:\UFAMeasy_Workspace\UFAMeasy\slice\88888888 | z_offset: 5.0 | center_x: 10.0 | center_y: 10.0 | duration_ms: 0.0
22/07/2026 06:42:57.245 PM,workflow,slicing,INFO,SliceStartedEvent,slice_index: 3 | output_path: D:\UFAMeasy_Workspace\UFAMeasy\slice\88888888 | plane_count: 2
22/07/2026 06:42:57.245 PM,workflow,slicing,INFO,SliceStartedEvent,slice_index: 3 | output_path: D:\UFAMeasy_Workspace\UFAMeasy\slice\88888888 | plane_count: 2
22/07/2026 06:42:57.259 PM,workflow,slicing,INFO,SliceCompletedEvent,slice_index: 3 | filename: slice_3.stl | output_path: D:\UFAMeasy_Workspace\UFAMeasy\slice\88888888 | z_offset: 11.0 | center_x: 10.0 | center_y: 10.0 | duration_ms: 16.00000000325963
22/07/2026 06:42:57.259 PM,workflow,slicing,INFO,SliceCompletedEvent,slice_index: 3 | filename: slice_3.stl | output_path: D:\UFAMeasy_Workspace\UFAMeasy\slice\88888888 | z_offset: 11.0 | center_x: 10.0 | center_y: 10.0 | duration_ms: 16.00000000325963
22/07/2026 06:42:59.845 PM,session,session_sidecar,INFO,SessionSavedEvent,Saved session 'D:\UFAMeasy_Workspace\UFAMeasy\slice\88888888\demo.ufamsession.json' with 3 slices
22/07/2026 06:42:59.845 PM,session,session_sidecar,INFO,SessionSavedEvent,Saved session 'D:\UFAMeasy_Workspace\UFAMeasy\slice\88888888\demo.ufamsession.json' with 3 slices
22/07/2026 06:43:09.078 PM,workflow,geometry,INFO,ShapeChangedEvent,Deleted Part::Feature (Label: 'PreviewSlice')
22/07/2026 06:43:09.078 PM,workflow,geometry,INFO,ShapeChangedEvent,Deleted Part::Feature (Label: 'PreviewSlice')
22/07/2026 06:43:09.084 PM,workflow,slicer_ui,INFO,ParameterChangedEvent,"Changed 2 parameters in Slice 1 [PF1: {'enabled': False, 'percent': 30} → {'enabled': True, 'percent': 30}]"
22/07/2026 06:43:09.084 PM,workflow,slicer_ui,INFO,ParameterChangedEvent,"Changed 2 parameters in Slice 1 [PF1: {'enabled': False, 'percent': 30} → {'enabled': True, 'percent': 30}]"
22/07/2026 06:43:09.099 PM,session,session_sidecar,INFO,SessionSavedEvent,Saved session 'D:\UFAMeasy_Workspace\UFAMeasy\slice\88888888\demo.ufamsession.json' with 3 slices
22/07/2026 06:43:09.099 PM,session,session_sidecar,INFO,SessionSavedEvent,Saved session 'D:\UFAMeasy_Workspace\UFAMeasy\slice\88888888\demo.ufamsession.json' with 3 slices
22/07/2026 06:43:14.957 PM,workflow,geometry,INFO,ShapeChangedEvent,Deleted Part::Feature (Label: 'PreviewSlice')
22/07/2026 06:43:14.957 PM,workflow,geometry,INFO,ShapeChangedEvent,Deleted Part::Feature (Label: 'PreviewSlice')
22/07/2026 06:43:14.960 PM,workflow,slicer_ui,INFO,ParameterChangedEvent,"Changed 2 parameters in Slice 2 [PF1: {'enabled': False, 'percent': 30} → {'enabled': True, 'percent': 30}]"
22/07/2026 06:43:14.960 PM,workflow,slicer_ui,INFO,ParameterChangedEvent,"Changed 2 parameters in Slice 2 [PF1: {'enabled': False, 'percent': 30} → {'enabled': True, 'percent': 30}]"
22/07/2026 06:43:14.972 PM,session,session_sidecar,INFO,SessionSavedEvent,Saved session 'D:\UFAMeasy_Workspace\UFAMeasy\slice\88888888\demo.ufamsession.json' with 3 slices
22/07/2026 06:43:14.972 PM,session,session_sidecar,INFO,SessionSavedEvent,Saved session 'D:\UFAMeasy_Workspace\UFAMeasy\slice\88888888\demo.ufamsession.json' with 3 slices
22/07/2026 06:43:21.308 PM,workflow,geometry,INFO,ShapeChangedEvent,Deleted Part::Feature (Label: 'PreviewSlice')
22/07/2026 06:43:21.308 PM,workflow,geometry,INFO,ShapeChangedEvent,Deleted Part::Feature (Label: 'PreviewSlice')
22/07/2026 06:43:21.312 PM,workflow,slicer_ui,INFO,ParameterChangedEvent,"Changed 2 parameters in Slice 3 [PF1: {'enabled': False, 'percent': 30} → {'enabled': True, 'percent': 30}]"
22/07/2026 06:43:21.312 PM,workflow,slicer_ui,INFO,ParameterChangedEvent,"Changed 2 parameters in Slice 3 [PF1: {'enabled': False, 'percent': 30} → {'enabled': True, 'percent': 30}]"
22/07/2026 06:43:21.325 PM,session,session_sidecar,INFO,SessionSavedEvent,Saved session 'D:\UFAMeasy_Workspace\UFAMeasy\slice\88888888\demo.ufamsession.json' with 3 slices
22/07/2026 06:43:21.325 PM,session,session_sidecar,INFO,SessionSavedEvent,Saved session 'D:\UFAMeasy_Workspace\UFAMeasy\slice\88888888\demo.ufamsession.json' with 3 slices
22/07/2026 06:43:23.170 PM,gcode,gcode_generation,INFO,GCodeGeneratedEvent,stl_path: D:\UFAMeasy_Workspace\UFAMeasy\slice\88888888\slice_1\layer_1.stl | gcode_path: D:\UFAMeasy_Workspace\UFAMeasy\slice\88888888\slice_1\layer_1.nc | config_path: D:\UFAMeasy_Workspace\UFAMeasy\slice\88888888\slice_1\layer_1.ini | z_offset: 0.0 | duration_ms: 437.00000003445894
22/07/2026 06:43:23.170 PM,gcode,gcode_generation,INFO,GCodeGeneratedEvent,stl_path: D:\UFAMeasy_Workspace\UFAMeasy\slice\88888888\slice_1\layer_1.stl | gcode_path: D:\UFAMeasy_Workspace\UFAMeasy\slice\88888888\slice_1\layer_1.nc | config_path: D:\UFAMeasy_Workspace\UFAMeasy\slice\88888888\slice_1\layer_1.ini | z_offset: 0.0 | duration_ms: 437.00000003445894
22/07/2026 06:43:23.532 PM,gcode,gcode_generation,INFO,GCodeGeneratedEvent,stl_path: D:\UFAMeasy_Workspace\UFAMeasy\slice\88888888\slice_1\layer_2.stl | gcode_path: D:\UFAMeasy_Workspace\UFAMeasy\slice\88888888\slice_1\layer_2.nc | config_path: D:\UFAMeasy_Workspace\UFAMeasy\slice\88888888\slice_1\layer_2.ini | z_offset: 1.0 | duration_ms: 359.99999998603016
22/07/2026 06:43:23.532 PM,gcode,gcode_generation,INFO,GCodeGeneratedEvent,stl_path: D:\UFAMeasy_Workspace\UFAMeasy\slice\88888888\slice_1\layer_2.stl | gcode_path: D:\UFAMeasy_Workspace\UFAMeasy\slice\88888888\slice_1\layer_2.nc | config_path: D:\UFAMeasy_Workspace\UFAMeasy\slice\88888888\slice_1\layer_2.ini | z_offset: 1.0 | duration_ms: 359.99999998603016
22/07/2026 06:43:23.890 PM,gcode,gcode_generation,INFO,GCodeGeneratedEvent,stl_path: D:\UFAMeasy_Workspace\UFAMeasy\slice\88888888\slice_1\layer_3.stl | gcode_path: D:\UFAMeasy_Workspace\UFAMeasy\slice\88888888\slice_1\layer_3.nc | config_path: D:\UFAMeasy_Workspace\UFAMeasy\slice\88888888\slice_1\layer_3.ini | z_offset: 2.0 | duration_ms: 358.99999999674037
22/07/2026 06:43:23.890 PM,gcode,gcode_generation,INFO,GCodeGeneratedEvent,stl_path: D:\UFAMeasy_Workspace\UFAMeasy\slice\88888888\slice_1\layer_3.stl | gcode_path: D:\UFAMeasy_Workspace\UFAMeasy\slice\88888888\slice_1\layer_3.nc | config_path: D:\UFAMeasy_Workspace\UFAMeasy\slice\88888888\slice_1\layer_3.ini | z_offset: 2.0 | duration_ms: 358.99999999674037
22/07/2026 06:43:24.230 PM,gcode,gcode_generation,INFO,GCodeGeneratedEvent,stl_path: D:\UFAMeasy_Workspace\UFAMeasy\slice\88888888\slice_1\layer_4.stl | gcode_path: D:\UFAMeasy_Workspace\UFAMeasy\slice\88888888\slice_1\layer_4.nc | config_path: D:\UFAMeasy_Workspace\UFAMeasy\slice\88888888\slice_1\layer_4.ini | z_offset: 3.0 | duration_ms: 343.99999998277053
22/07/2026 06:43:24.230 PM,gcode,gcode_generation,INFO,GCodeGeneratedEvent,stl_path: D:\UFAMeasy_Workspace\UFAMeasy\slice\88888888\slice_1\layer_4.stl | gcode_path: D:\UFAMeasy_Workspace\UFAMeasy\slice\88888888\slice_1\layer_4.nc | config_path: D:\UFAMeasy_Workspace\UFAMeasy\slice\88888888\slice_1\layer_4.ini | z_offset: 3.0 | duration_ms: 343.99999998277053
22/07/2026 06:43:24.589 PM,gcode,gcode_generation,INFO,GCodeGeneratedEvent,stl_path: D:\UFAMeasy_Workspace\UFAMeasy\slice\88888888\slice_1\layer_5.stl | gcode_path: D:\UFAMeasy_Workspace\UFAMeasy\slice\88888888\slice_1\layer_5.nc | config_path: D:\UFAMeasy_Workspace\UFAMeasy\slice\88888888\slice_1\layer_5.ini | z_offset: 4.0 | duration_ms: 358.99999999674037
22/07/2026 06:43:24.589 PM,gcode,gcode_generation,INFO,GCodeGeneratedEvent,stl_path: D:\UFAMeasy_Workspace\UFAMeasy\slice\88888888\slice_1\layer_5.stl | gcode_path: D:\UFAMeasy_Workspace\UFAMeasy\slice\88888888\slice_1\layer_5.nc | config_path: D:\UFAMeasy_Workspace\UFAMeasy\slice\88888888\slice_1\layer_5.ini | z_offset: 4.0 | duration_ms: 358.99999999674037
22/07/2026 06:43:25.071 PM,gcode,gcode_generation,INFO,GCodeGeneratedEvent,stl_path: D:\UFAMeasy_Workspace\UFAMeasy\slice\88888888\slice_2\layer_1.stl | gcode_path: D:\UFAMeasy_Workspace\UFAMeasy\slice\88888888\slice_2\layer_1.nc | config_path: D:\UFAMeasy_Workspace\UFAMeasy\slice\88888888\slice_2\layer_1.ini | z_offset: 5.0 | duration_ms: 342.99999999348074
22/07/2026 06:43:25.071 PM,gcode,gcode_generation,INFO,GCodeGeneratedEvent,stl_path: D:\UFAMeasy_Workspace\UFAMeasy\slice\88888888\slice_2\layer_1.stl | gcode_path: D:\UFAMeasy_Workspace\UFAMeasy\slice\88888888\slice_2\layer_1.nc | config_path: D:\UFAMeasy_Workspace\UFAMeasy\slice\88888888\slice_2\layer_1.ini | z_offset: 5.0 | duration_ms: 342.99999999348074
22/07/2026 06:43:25.412 PM,gcode,gcode_generation,INFO,GCodeGeneratedEvent,stl_path: D:\UFAMeasy_Workspace\UFAMeasy\slice\88888888\slice_2\layer_2.stl | gcode_path: D:\UFAMeasy_Workspace\UFAMeasy\slice\88888888\slice_2\layer_2.nc | config_path: D:\UFAMeasy_Workspace\UFAMeasy\slice\88888888\slice_2\layer_2.ini | z_offset: 6.0 | duration_ms: 329.00000002700835
22/07/2026 06:43:25.412 PM,gcode,gcode_generation,INFO,GCodeGeneratedEvent,stl_path: D:\UFAMeasy_Workspace\UFAMeasy\slice\88888888\slice_2\layer_2.stl | gcode_path: D:\UFAMeasy_Workspace\UFAMeasy\slice\88888888\slice_2\layer_2.nc | config_path: D:\UFAMeasy_Workspace\UFAMeasy\slice\88888888\slice_2\layer_2.ini | z_offset: 6.0 | duration_ms: 329.00000002700835
22/07/2026 06:43:25.739 PM,gcode,gcode_generation,INFO,GCodeGeneratedEvent,stl_path: D:\UFAMeasy_Workspace\UFAMeasy\slice\88888888\slice_2\layer_3.stl | gcode_path: D:\UFAMeasy_Workspace\UFAMeasy\slice\88888888\slice_2\layer_3.nc | config_path: D:\UFAMeasy_Workspace\UFAMeasy\slice\88888888\slice_2\layer_3.ini | z_offset: 7.0 | duration_ms: 327.9999999795109
22/07/2026 06:43:25.739 PM,gcode,gcode_generation,INFO,GCodeGeneratedEvent,stl_path: D:\UFAMeasy_Workspace\UFAMeasy\slice\88888888\slice_2\layer_3.stl | gcode_path: D:\UFAMeasy_Workspace\UFAMeasy\slice\88888888\slice_2\layer_3.nc | config_path: D:\UFAMeasy_Workspace\UFAMeasy\slice\88888888\slice_2\layer_3.ini | z_offset: 7.0 | duration_ms: 327.9999999795109
22/07/2026 06:43:26.136 PM,gcode,gcode_generation,INFO,GCodeGeneratedEvent,stl_path: D:\UFAMeasy_Workspace\UFAMeasy\slice\88888888\slice_2\layer_4.stl | gcode_path: D:\UFAMeasy_Workspace\UFAMeasy\slice\88888888\slice_2\layer_4.nc | config_path: D:\UFAMeasy_Workspace\UFAMeasy\slice\88888888\slice_2\layer_4.ini | z_offset: 8.0 | duration_ms: 406.00000001722947
22/07/2026 06:43:26.136 PM,gcode,gcode_generation,INFO,GCodeGeneratedEvent,stl_path: D:\UFAMeasy_Workspace\UFAMeasy\slice\88888888\slice_2\layer_4.stl | gcode_path: D:\UFAMeasy_Workspace\UFAMeasy\slice\88888888\slice_2\layer_4.nc | config_path: D:\UFAMeasy_Workspace\UFAMeasy\slice\88888888\slice_2\layer_4.ini | z_offset: 8.0 | duration_ms: 406.00000001722947
22/07/2026 06:43:26.604 PM,gcode,gcode_generation,INFO,GCodeGeneratedEvent,stl_path: D:\UFAMeasy_Workspace\UFAMeasy\slice\88888888\slice_2\layer_5.stl | gcode_path: D:\UFAMeasy_Workspace\UFAMeasy\slice\88888888\slice_2\layer_5.nc | config_path: D:\UFAMeasy_Workspace\UFAMeasy\slice\88888888\slice_2\layer_5.ini | z_offset: 9.0 | duration_ms: 468.99999998277053
22/07/2026 06:43:26.604 PM,gcode,gcode_generation,INFO,GCodeGeneratedEvent,stl_path: D:\UFAMeasy_Workspace\UFAMeasy\slice\88888888\slice_2\layer_5.stl | gcode_path: D:\UFAMeasy_Workspace\UFAMeasy\slice\88888888\slice_2\layer_5.nc | config_path: D:\UFAMeasy_Workspace\UFAMeasy\slice\88888888\slice_2\layer_5.ini | z_offset: 9.0 | duration_ms: 468.99999998277053
22/07/2026 06:43:27.055 PM,gcode,gcode_generation,INFO,GCodeGeneratedEvent,stl_path: D:\UFAMeasy_Workspace\UFAMeasy\slice\88888888\slice_2\layer_6.stl | gcode_path: D:\UFAMeasy_Workspace\UFAMeasy\slice\88888888\slice_2\layer_6.nc | config_path: D:\UFAMeasy_Workspace\UFAMeasy\slice\88888888\slice_2\layer_6.ini | z_offset: 10.0 | duration_ms: 453.00000003771856
22/07/2026 06:43:27.055 PM,gcode,gcode_generation,INFO,GCodeGeneratedEvent,stl_path: D:\UFAMeasy_Workspace\UFAMeasy\slice\88888888\slice_2\layer_6.stl | gcode_path: D:\UFAMeasy_Workspace\UFAMeasy\slice\88888888\slice_2\layer_6.nc | config_path: D:\UFAMeasy_Workspace\UFAMeasy\slice\88888888\slice_2\layer_6.ini | z_offset: 10.0 | duration_ms: 453.00000003771856
22/07/2026 06:43:27.639 PM,gcode,gcode_generation,INFO,GCodeGeneratedEvent,stl_path: D:\UFAMeasy_Workspace\UFAMeasy\slice\88888888\slice_3\layer_1.stl | gcode_path: D:\UFAMeasy_Workspace\UFAMeasy\slice\88888888\slice_3\layer_1.nc | config_path: D:\UFAMeasy_Workspace\UFAMeasy\slice\88888888\slice_3\layer_1.ini | z_offset: 11.0 | duration_ms: 391.00000000325963
22/07/2026 06:43:27.639 PM,gcode,gcode_generation,INFO,GCodeGeneratedEvent,stl_path: D:\UFAMeasy_Workspace\UFAMeasy\slice\88888888\slice_3\layer_1.stl | gcode_path: D:\UFAMeasy_Workspace\UFAMeasy\slice\88888888\slice_3\layer_1.nc | config_path: D:\UFAMeasy_Workspace\UFAMeasy\slice\88888888\slice_3\layer_1.ini | z_offset: 11.0 | duration_ms: 391.00000000325963
22/07/2026 06:43:28.092 PM,gcode,gcode_generation,INFO,GCodeGeneratedEvent,stl_path: D:\UFAMeasy_Workspace\UFAMeasy\slice\88888888\slice_3\layer_2.stl | gcode_path: D:\UFAMeasy_Workspace\UFAMeasy\slice\88888888\slice_3\layer_2.nc | config_path: D:\UFAMeasy_Workspace\UFAMeasy\slice\88888888\slice_3\layer_2.ini | z_offset: 12.0 | duration_ms: 452.9999999795109
22/07/2026 06:43:28.092 PM,gcode,gcode_generation,INFO,GCodeGeneratedEvent,stl_path: D:\UFAMeasy_Workspace\UFAMeasy\slice\88888888\slice_3\layer_2.stl | gcode_path: D:\UFAMeasy_Workspace\UFAMeasy\slice\88888888\slice_3\layer_2.nc | config_path: D:\UFAMeasy_Workspace\UFAMeasy\slice\88888888\slice_3\layer_2.ini | z_offset: 12.0 | duration_ms: 452.9999999795109
22/07/2026 06:43:28.503 PM,gcode,gcode_generation,INFO,GCodeGeneratedEvent,stl_path: D:\UFAMeasy_Workspace\UFAMeasy\slice\88888888\slice_3\layer_3.stl | gcode_path: D:\UFAMeasy_Workspace\UFAMeasy\slice\88888888\slice_3\layer_3.nc | config_path: D:\UFAMeasy_Workspace\UFAMeasy\slice\88888888\slice_3\layer_3.ini | z_offset: 13.0 | duration_ms: 406.00000001722947
22/07/2026 06:43:28.503 PM,gcode,gcode_generation,INFO,GCodeGeneratedEvent,stl_path: D:\UFAMeasy_Workspace\UFAMeasy\slice\88888888\slice_3\layer_3.stl | gcode_path: D:\UFAMeasy_Workspace\UFAMeasy\slice\88888888\slice_3\layer_3.nc | config_path: D:\UFAMeasy_Workspace\UFAMeasy\slice\88888888\slice_3\layer_3.ini | z_offset: 13.0 | duration_ms: 406.00000001722947
22/07/2026 06:43:28.858 PM,gcode,gcode_generation,INFO,GCodeGeneratedEvent,stl_path: D:\UFAMeasy_Workspace\UFAMeasy\slice\88888888\slice_3\layer_4.stl | gcode_path: D:\UFAMeasy_Workspace\UFAMeasy\slice\88888888\slice_3\layer_4.nc | config_path: D:\UFAMeasy_Workspace\UFAMeasy\slice\88888888\slice_3\layer_4.ini | z_offset: 14.0 | duration_ms: 359.99999998603016
22/07/2026 06:43:28.858 PM,gcode,gcode_generation,INFO,GCodeGeneratedEvent,stl_path: D:\UFAMeasy_Workspace\UFAMeasy\slice\88888888\slice_3\layer_4.stl | gcode_path: D:\UFAMeasy_Workspace\UFAMeasy\slice\88888888\slice_3\layer_4.nc | config_path: D:\UFAMeasy_Workspace\UFAMeasy\slice\88888888\slice_3\layer_4.ini | z_offset: 14.0 | duration_ms: 359.99999998603016
22/07/2026 06:43:29.306 PM,gcode,gcode_generation,INFO,GCodeGeneratedEvent,stl_path: D:\UFAMeasy_Workspace\UFAMeasy\slice\88888888\slice_3\layer_5.stl | gcode_path: D:\UFAMeasy_Workspace\UFAMeasy\slice\88888888\slice_3\layer_5.nc | config_path: D:\UFAMeasy_Workspace\UFAMeasy\slice\88888888\slice_3\layer_5.ini | z_offset: 15.0 | duration_ms: 453.00000003771856
22/07/2026 06:43:29.306 PM,gcode,gcode_generation,INFO,GCodeGeneratedEvent,stl_path: D:\UFAMeasy_Workspace\UFAMeasy\slice\88888888\slice_3\layer_5.stl | gcode_path: D:\UFAMeasy_Workspace\UFAMeasy\slice\88888888\slice_3\layer_5.nc | config_path: D:\UFAMeasy_Workspace\UFAMeasy\slice\88888888\slice_3\layer_5.ini | z_offset: 15.0 | duration_ms: 453.00000003771856
22/07/2026 06:43:29.713 PM,gcode,gcode_generation,INFO,GCodeGeneratedEvent,stl_path: D:\UFAMeasy_Workspace\UFAMeasy\slice\88888888\slice_3\layer_6.stl | gcode_path: D:\UFAMeasy_Workspace\UFAMeasy\slice\88888888\slice_3\layer_6.nc | config_path: D:\UFAMeasy_Workspace\UFAMeasy\slice\88888888\slice_3\layer_6.ini | z_offset: 16.0 | duration_ms: 405.9999999590218
22/07/2026 06:43:29.713 PM,gcode,gcode_generation,INFO,GCodeGeneratedEvent,stl_path: D:\UFAMeasy_Workspace\UFAMeasy\slice\88888888\slice_3\layer_6.stl | gcode_path: D:\UFAMeasy_Workspace\UFAMeasy\slice\88888888\slice_3\layer_6.nc | config_path: D:\UFAMeasy_Workspace\UFAMeasy\slice\88888888\slice_3\layer_6.ini | z_offset: 16.0 | duration_ms: 405.9999999590218
22/07/2026 06:43:30.121 PM,gcode,gcode_generation,INFO,GCodeGeneratedEvent,stl_path: D:\UFAMeasy_Workspace\UFAMeasy\slice\88888888\slice_3\layer_7.stl | gcode_path: D:\UFAMeasy_Workspace\UFAMeasy\slice\88888888\slice_3\layer_7.nc | config_path: D:\UFAMeasy_Workspace\UFAMeasy\slice\88888888\slice_3\layer_7.ini | z_offset: 17.0 | duration_ms: 406.00000001722947
22/07/2026 06:43:30.121 PM,gcode,gcode_generation,INFO,GCodeGeneratedEvent,stl_path: D:\UFAMeasy_Workspace\UFAMeasy\slice\88888888\slice_3\layer_7.stl | gcode_path: D:\UFAMeasy_Workspace\UFAMeasy\slice\88888888\slice_3\layer_7.nc | config_path: D:\UFAMeasy_Workspace\UFAMeasy\slice\88888888\slice_3\layer_7.ini | z_offset: 17.0 | duration_ms: 406.00000001722947
22/07/2026 06:43:30.444 PM,gcode,gcode_generation,INFO,GCodeGeneratedEvent,stl_path: D:\UFAMeasy_Workspace\UFAMeasy\slice\88888888\slice_3\layer_8.stl | gcode_path: D:\UFAMeasy_Workspace\UFAMeasy\slice\88888888\slice_3\layer_8.nc | config_path: D:\UFAMeasy_Workspace\UFAMeasy\slice\88888888\slice_3\layer_8.ini | z_offset: 18.0 | duration_ms: 313.0000000237487
22/07/2026 06:43:30.444 PM,gcode,gcode_generation,INFO,GCodeGeneratedEvent,stl_path: D:\UFAMeasy_Workspace\UFAMeasy\slice\88888888\slice_3\layer_8.stl | gcode_path: D:\UFAMeasy_Workspace\UFAMeasy\slice\88888888\slice_3\layer_8.nc | config_path: D:\UFAMeasy_Workspace\UFAMeasy\slice\88888888\slice_3\layer_8.ini | z_offset: 18.0 | duration_ms: 313.0000000237487
22/07/2026 06:43:30.886 PM,gcode,gcode_generation,INFO,GCodeGeneratedEvent,stl_path: D:\UFAMeasy_Workspace\UFAMeasy\slice\88888888\slice_3\layer_9.stl | gcode_path: D:\UFAMeasy_Workspace\UFAMeasy\slice\88888888\slice_3\layer_9.nc | config_path: D:\UFAMeasy_Workspace\UFAMeasy\slice\88888888\slice_3\layer_9.ini | z_offset: 19.0 | duration_ms: 452.9999999795109
22/07/2026 06:43:30.886 PM,gcode,gcode_generation,INFO,GCodeGeneratedEvent,stl_path: D:\UFAMeasy_Workspace\UFAMeasy\slice\88888888\slice_3\layer_9.stl | gcode_path: D:\UFAMeasy_Workspace\UFAMeasy\slice\88888888\slice_3\layer_9.nc | config_path: D:\UFAMeasy_Workspace\UFAMeasy\slice\88888888\slice_3\layer_9.ini | z_offset: 19.0 | duration_ms: 452.9999999795109
22/07/2026 06:43:32.767 PM,session,session_sidecar,INFO,SessionSavedEvent,Saved session 'D:\UFAMeasy_Workspace\UFAMeasy\slice\88888888\demo.ufamsession.json' with 3 slices
22/07/2026 06:43:32.767 PM,session,session_sidecar,INFO,SessionSavedEvent,Saved session 'D:\UFAMeasy_Workspace\UFAMeasy\slice\88888888\demo.ufamsession.json' with 3 slices
22/07/2026 06:43:32.775 PM,gcode,gcode_merge,INFO,GCodeMergedEvent,Merged 3 slices into 'D:\UFAMeasy_Workspace\UFAMeasy\slice\88888888\combined_print.gcode' (32.00000000651926ms)
22/07/2026 06:43:32.775 PM,gcode,gcode_merge,INFO,GCodeMergedEvent,Merged 3 slices into 'D:\UFAMeasy_Workspace\UFAMeasy\slice\88888888\combined_print.gcode' (32.00000000651926ms)
22/07/2026 11:33:02.701 PM,session,document,INFO,FileEvent,Document Closed | Path: D:/UFAMeasy_Workspace/UFAMeasy/slice/88888888/demo.FCStd | Name: Unnamed
22/07/2026 11:33:02.701 PM,session,document,INFO,FileEvent,Document Closed | Path: D:/UFAMeasy_Workspace/UFAMeasy/slice/88888888/demo.FCStd | Name: Unnamed
24/07/2026 09:42:27.450 AM,workflow,geometry,INFO,ShapeChangedEvent,"Created Box (Label: 'Box') [a=20.0, b=20.0, c=20.0]"
24/07/2026 09:42:27.450 AM,workflow,geometry,INFO,ShapeChangedEvent,"Created Box (Label: 'Box') [a=20.0, b=20.0, c=20.0]"
24/07/2026 09:43:21.823 AM,session,document,INFO,FileEvent,Document Saved | Path: D:/UFAMeasy_Workspace/UFAMeasy/slice/5555555/2222.FCStd
24/07/2026 09:43:21.823 AM,session,document,INFO,FileEvent,Document Saved | Path: D:/UFAMeasy_Workspace/UFAMeasy/slice/5555555/2222.FCStd
24/07/2026 09:43:21.823 AM,session,persistence,INFO,SessionSavedEvent,Saved session 'D:/UFAMeasy_Workspace/UFAMeasy/slice/5555555/2222.FCStd' with 0 slices
24/07/2026 09:43:21.823 AM,session,persistence,INFO,SessionSavedEvent,Saved session 'D:/UFAMeasy_Workspace/UFAMeasy/slice/5555555/2222.FCStd' with 0 slices
24/07/2026 09:43:39.668 AM,workflow,slicing,INFO,SliceStartedEvent,slice_index: 1 | output_path: D:\UFAMeasy_Workspace\UFAMeasy\slice\5555555 | plane_count: 3
24/07/2026 09:43:39.668 AM,workflow,slicing,INFO,SliceStartedEvent,slice_index: 1 | output_path: D:\UFAMeasy_Workspace\UFAMeasy\slice\5555555 | plane_count: 3
24/07/2026 09:43:40.202 AM,workflow,slicing,INFO,SliceCompletedEvent,slice_index: 1 | filename: slice_1.stl | output_path: D:\UFAMeasy_Workspace\UFAMeasy\slice\5555555 | z_offset: 0.0 | center_x: 10.0 | center_y: 10.0 | duration_ms: 546.9999999986612
24/07/2026 09:43:40.202 AM,workflow,slicing,INFO,SliceCompletedEvent,slice_index: 1 | filename: slice_1.stl | output_path: D:\UFAMeasy_Workspace\UFAMeasy\slice\5555555 | z_offset: 0.0 | center_x: 10.0 | center_y: 10.0 | duration_ms: 546.9999999986612
24/07/2026 09:43:40.225 AM,workflow,slicing,INFO,SliceStartedEvent,slice_index: 2 | output_path: D:\UFAMeasy_Workspace\UFAMeasy\slice\5555555 | plane_count: 3
24/07/2026 09:43:40.225 AM,workflow,slicing,INFO,SliceStartedEvent,slice_index: 2 | output_path: D:\UFAMeasy_Workspace\UFAMeasy\slice\5555555 | plane_count: 3
24/07/2026 09:43:40.230 AM,workflow,slicing,INFO,SliceCompletedEvent,slice_index: 2 | filename: slice_2.stl | output_path: D:\UFAMeasy_Workspace\UFAMeasy\slice\5555555 | z_offset: 2.0 | center_x: 10.0 | center_y: 10.0 | duration_ms: 0.0
24/07/2026 09:43:40.230 AM,workflow,slicing,INFO,SliceCompletedEvent,slice_index: 2 | filename: slice_2.stl | output_path: D:\UFAMeasy_Workspace\UFAMeasy\slice\5555555 | z_offset: 2.0 | center_x: 10.0 | center_y: 10.0 | duration_ms: 0.0
24/07/2026 09:43:40.250 AM,workflow,slicing,INFO,SliceStartedEvent,slice_index: 3 | output_path: D:\UFAMeasy_Workspace\UFAMeasy\slice\5555555 | plane_count: 3
24/07/2026 09:43:40.250 AM,workflow,slicing,INFO,SliceStartedEvent,slice_index: 3 | output_path: D:\UFAMeasy_Workspace\UFAMeasy\slice\5555555 | plane_count: 3
24/07/2026 09:43:40.257 AM,workflow,slicing,INFO,SliceCompletedEvent,slice_index: 3 | filename: slice_3.stl | output_path: D:\UFAMeasy_Workspace\UFAMeasy\slice\5555555 | z_offset: 11.0 | center_x: 10.0 | center_y: 10.0 | duration_ms: 0.0
24/07/2026 09:43:40.257 AM,workflow,slicing,INFO,SliceCompletedEvent,slice_index: 3 | filename: slice_3.stl | output_path: D:\UFAMeasy_Workspace\UFAMeasy\slice\5555555 | z_offset: 11.0 | center_x: 10.0 | center_y: 10.0 | duration_ms: 0.0
24/07/2026 09:43:40.265 AM,workflow,slicing,INFO,SliceStartedEvent,slice_index: 4 | output_path: D:\UFAMeasy_Workspace\UFAMeasy\slice\5555555 | plane_count: 3
24/07/2026 09:43:40.265 AM,workflow,slicing,INFO,SliceStartedEvent,slice_index: 4 | output_path: D:\UFAMeasy_Workspace\UFAMeasy\slice\5555555 | plane_count: 3
24/07/2026 09:43:40.277 AM,workflow,slicing,INFO,SliceCompletedEvent,slice_index: 4 | filename: slice_4.stl | output_path: D:\UFAMeasy_Workspace\UFAMeasy\slice\5555555 | z_offset: 15.0 | center_x: 10.0 | center_y: 10.0 | duration_ms: 0.0
24/07/2026 09:43:40.277 AM,workflow,slicing,INFO,SliceCompletedEvent,slice_index: 4 | filename: slice_4.stl | output_path: D:\UFAMeasy_Workspace\UFAMeasy\slice\5555555 | z_offset: 15.0 | center_x: 10.0 | center_y: 10.0 | duration_ms: 0.0
24/07/2026 09:43:55.385 AM,session,session_sidecar,INFO,SessionSavedEvent,Saved session 'D:\UFAMeasy_Workspace\UFAMeasy\slice\5555555\2222.ufamsession.json' with 4 slices
24/07/2026 09:43:55.385 AM,session,session_sidecar,INFO,SessionSavedEvent,Saved session 'D:\UFAMeasy_Workspace\UFAMeasy\slice\5555555\2222.ufamsession.json' with 4 slices
24/07/2026 09:44:03.520 AM,workflow,slicing,INFO,SliceStartedEvent,slice_index: 1 | output_path: D:\UFAMeasy_Workspace\UFAMeasy\slice\5555555 | plane_count: 3
24/07/2026 09:44:03.520 AM,workflow,slicing,INFO,SliceStartedEvent,slice_index: 1 | output_path: D:\UFAMeasy_Workspace\UFAMeasy\slice\5555555 | plane_count: 3
24/07/2026 09:44:03.542 AM,workflow,slicing,INFO,SliceCompletedEvent,slice_index: 1 | filename: slice_1.stl | output_path: D:\UFAMeasy_Workspace\UFAMeasy\slice\5555555 | z_offset: 0.0 | center_x: 10.0 | center_y: 10.0 | duration_ms: 15.999999995983671
24/07/2026 09:44:03.542 AM,workflow,slicing,INFO,SliceCompletedEvent,slice_index: 1 | filename: slice_1.stl | output_path: D:\UFAMeasy_Workspace\UFAMeasy\slice\5555555 | z_offset: 0.0 | center_x: 10.0 | center_y: 10.0 | duration_ms: 15.999999995983671
24/07/2026 09:44:03.565 AM,workflow,slicing,INFO,SliceStartedEvent,slice_index: 2 | output_path: D:\UFAMeasy_Workspace\UFAMeasy\slice\5555555 | plane_count: 3
24/07/2026 09:44:03.565 AM,workflow,slicing,INFO,SliceStartedEvent,slice_index: 2 | output_path: D:\UFAMeasy_Workspace\UFAMeasy\slice\5555555 | plane_count: 3
24/07/2026 09:44:03.570 AM,workflow,slicing,INFO,SliceCompletedEvent,slice_index: 2 | filename: slice_2.stl | output_path: D:\UFAMeasy_Workspace\UFAMeasy\slice\5555555 | z_offset: 2.0 | center_x: 10.0 | center_y: 10.0 | duration_ms: 0.0
24/07/2026 09:44:03.570 AM,workflow,slicing,INFO,SliceCompletedEvent,slice_index: 2 | filename: slice_2.stl | output_path: D:\UFAMeasy_Workspace\UFAMeasy\slice\5555555 | z_offset: 2.0 | center_x: 10.0 | center_y: 10.0 | duration_ms: 0.0
24/07/2026 09:44:03.590 AM,workflow,slicing,INFO,SliceStartedEvent,slice_index: 3 | output_path: D:\UFAMeasy_Workspace\UFAMeasy\slice\5555555 | plane_count: 3
24/07/2026 09:44:03.590 AM,workflow,slicing,INFO,SliceStartedEvent,slice_index: 3 | output_path: D:\UFAMeasy_Workspace\UFAMeasy\slice\5555555 | plane_count: 3
24/07/2026 09:44:03.596 AM,workflow,slicing,INFO,SliceCompletedEvent,slice_index: 3 | filename: slice_3.stl | output_path: D:\UFAMeasy_Workspace\UFAMeasy\slice\5555555 | z_offset: 11.0 | center_x: 10.0 | center_y: 10.0 | duration_ms: 16.00000000325963
24/07/2026 09:44:03.596 AM,workflow,slicing,INFO,SliceCompletedEvent,slice_index: 3 | filename: slice_3.stl | output_path: D:\UFAMeasy_Workspace\UFAMeasy\slice\5555555 | z_offset: 11.0 | center_x: 10.0 | center_y: 10.0 | duration_ms: 16.00000000325963
24/07/2026 09:44:03.602 AM,workflow,slicing,INFO,SliceStartedEvent,slice_index: 4 | output_path: D:\UFAMeasy_Workspace\UFAMeasy\slice\5555555 | plane_count: 3
24/07/2026 09:44:03.602 AM,workflow,slicing,INFO,SliceStartedEvent,slice_index: 4 | output_path: D:\UFAMeasy_Workspace\UFAMeasy\slice\5555555 | plane_count: 3
24/07/2026 09:44:03.612 AM,workflow,slicing,INFO,SliceCompletedEvent,slice_index: 4 | filename: slice_4.stl | output_path: D:\UFAMeasy_Workspace\UFAMeasy\slice\5555555 | z_offset: 15.0 | center_x: 10.0 | center_y: 10.0 | duration_ms: 14.999999999417923
24/07/2026 09:44:03.612 AM,workflow,slicing,INFO,SliceCompletedEvent,slice_index: 4 | filename: slice_4.stl | output_path: D:\UFAMeasy_Workspace\UFAMeasy\slice\5555555 | z_offset: 15.0 | center_x: 10.0 | center_y: 10.0 | duration_ms: 14.999999999417923
24/07/2026 09:44:18.706 AM,session,session_sidecar,INFO,SessionSavedEvent,Saved session 'D:\UFAMeasy_Workspace\UFAMeasy\slice\5555555\2222.ufamsession.json' with 4 slices
24/07/2026 09:44:18.706 AM,session,session_sidecar,INFO,SessionSavedEvent,Saved session 'D:\UFAMeasy_Workspace\UFAMeasy\slice\5555555\2222.ufamsession.json' with 4 slices
24/07/2026 09:44:33.213 AM,session,document,INFO,FileEvent,Document Closed | Path: D:/UFAMeasy_Workspace/UFAMeasy/slice/5555555/2222.FCStd | Name: Unnamed
24/07/2026 09:44:33.213 AM,session,document,INFO,FileEvent,Document Closed | Path: D:/UFAMeasy_Workspace/UFAMeasy/slice/5555555/2222.FCStd | Name: Unnamed
24/07/2026 09:44:50.699 AM,workflow,geometry,INFO,ShapeChangedEvent,"Created Box (Label: 'Box') [a=20.0, b=20.0, c=20.0]"
24/07/2026 09:44:50.699 AM,workflow,geometry,INFO,ShapeChangedEvent,"Created Box (Label: 'Box') [a=20.0, b=20.0, c=20.0]"
24/07/2026 09:45:06.051 AM,session,document,INFO,FileEvent,Document Saved | Path: D:/UFAMeasy_Workspace/UFAMeasy/slice/wwwwwwwwwww/ww.FCStd
24/07/2026 09:45:06.051 AM,session,document,INFO,FileEvent,Document Saved | Path: D:/UFAMeasy_Workspace/UFAMeasy/slice/wwwwwwwwwww/ww.FCStd
24/07/2026 09:45:06.051 AM,session,persistence,INFO,SessionSavedEvent,Saved session 'D:/UFAMeasy_Workspace/UFAMeasy/slice/wwwwwwwwwww/ww.FCStd' with 0 slices
24/07/2026 09:45:06.051 AM,session,persistence,INFO,SessionSavedEvent,Saved session 'D:/UFAMeasy_Workspace/UFAMeasy/slice/wwwwwwwwwww/ww.FCStd' with 0 slices
24/07/2026 09:45:22.036 AM,workflow,slicing,INFO,SliceStartedEvent,slice_index: 1 | output_path: D:\UFAMeasy_Workspace\UFAMeasy\slice\wwwwwwwwwww | plane_count: 3
24/07/2026 09:45:22.036 AM,workflow,slicing,INFO,SliceStartedEvent,slice_index: 1 | output_path: D:\UFAMeasy_Workspace\UFAMeasy\slice\wwwwwwwwwww | plane_count: 3
24/07/2026 09:45:22.071 AM,workflow,slicing,INFO,SliceCompletedEvent,slice_index: 1 | filename: slice_1.stl | output_path: D:\UFAMeasy_Workspace\UFAMeasy\slice\wwwwwwwwwww | z_offset: 0.0 | center_x: 10.0 | center_y: 10.0 | duration_ms: 31.000000002677552
24/07/2026 09:45:22.071 AM,workflow,slicing,INFO,SliceCompletedEvent,slice_index: 1 | filename: slice_1.stl | output_path: D:\UFAMeasy_Workspace\UFAMeasy\slice\wwwwwwwwwww | z_offset: 0.0 | center_x: 10.0 | center_y: 10.0 | duration_ms: 31.000000002677552
24/07/2026 09:45:22.091 AM,workflow,slicing,INFO,SliceStartedEvent,slice_index: 2 | output_path: D:\UFAMeasy_Workspace\UFAMeasy\slice\wwwwwwwwwww | plane_count: 3
24/07/2026 09:45:22.091 AM,workflow,slicing,INFO,SliceStartedEvent,slice_index: 2 | output_path: D:\UFAMeasy_Workspace\UFAMeasy\slice\wwwwwwwwwww | plane_count: 3
24/07/2026 09:45:22.099 AM,workflow,slicing,INFO,SliceCompletedEvent,slice_index: 2 | filename: slice_2.stl | output_path: D:\UFAMeasy_Workspace\UFAMeasy\slice\wwwwwwwwwww | z_offset: 5.0 | center_x: 10.0 | center_y: 10.0 | duration_ms: 0.0
24/07/2026 09:45:22.099 AM,workflow,slicing,INFO,SliceCompletedEvent,slice_index: 2 | filename: slice_2.stl | output_path: D:\UFAMeasy_Workspace\UFAMeasy\slice\wwwwwwwwwww | z_offset: 5.0 | center_x: 10.0 | center_y: 10.0 | duration_ms: 0.0
24/07/2026 09:45:22.120 AM,workflow,slicing,INFO,SliceStartedEvent,slice_index: 3 | output_path: D:\UFAMeasy_Workspace\UFAMeasy\slice\wwwwwwwwwww | plane_count: 3
24/07/2026 09:45:22.120 AM,workflow,slicing,INFO,SliceStartedEvent,slice_index: 3 | output_path: D:\UFAMeasy_Workspace\UFAMeasy\slice\wwwwwwwwwww | plane_count: 3
24/07/2026 09:45:22.127 AM,workflow,slicing,INFO,SliceCompletedEvent,slice_index: 3 | filename: slice_3.stl | output_path: D:\UFAMeasy_Workspace\UFAMeasy\slice\wwwwwwwwwww | z_offset: 11.0 | center_x: 10.0 | center_y: 10.0 | duration_ms: 16.00000000325963
24/07/2026 09:45:22.127 AM,workflow,slicing,INFO,SliceCompletedEvent,slice_index: 3 | filename: slice_3.stl | output_path: D:\UFAMeasy_Workspace\UFAMeasy\slice\wwwwwwwwwww | z_offset: 11.0 | center_x: 10.0 | center_y: 10.0 | duration_ms: 16.00000000325963
24/07/2026 09:45:22.135 AM,workflow,slicing,INFO,SliceStartedEvent,slice_index: 4 | output_path: D:\UFAMeasy_Workspace\UFAMeasy\slice\wwwwwwwwwww | plane_count: 3
24/07/2026 09:45:22.135 AM,workflow,slicing,INFO,SliceStartedEvent,slice_index: 4 | output_path: D:\UFAMeasy_Workspace\UFAMeasy\slice\wwwwwwwwwww | plane_count: 3
24/07/2026 09:45:22.147 AM,workflow,slicing,INFO,SliceCompletedEvent,slice_index: 4 | filename: slice_4.stl | output_path: D:\UFAMeasy_Workspace\UFAMeasy\slice\wwwwwwwwwww | z_offset: 13.0 | center_x: 10.0 | center_y: 10.0 | duration_ms: 14.999999999417923
24/07/2026 09:45:22.147 AM,workflow,slicing,INFO,SliceCompletedEvent,slice_index: 4 | filename: slice_4.stl | output_path: D:\UFAMeasy_Workspace\UFAMeasy\slice\wwwwwwwwwww | z_offset: 13.0 | center_x: 10.0 | center_y: 10.0 | duration_ms: 14.999999999417923
24/07/2026 09:45:37.247 AM,session,session_sidecar,INFO,SessionSavedEvent,Saved session 'D:\UFAMeasy_Workspace\UFAMeasy\slice\wwwwwwwwwww\ww.ufamsession.json' with 4 slices
24/07/2026 09:45:37.247 AM,session,session_sidecar,INFO,SessionSavedEvent,Saved session 'D:\UFAMeasy_Workspace\UFAMeasy\slice\wwwwwwwwwww\ww.ufamsession.json' with 4 slices
24/07/2026 09:53:00.427 AM,session,document,INFO,FileEvent,Document Saved | Path: D:/UFAMeasy_Workspace/UFAMeasy/slice/24/24.FCStd
24/07/2026 09:53:00.427 AM,session,document,INFO,FileEvent,Document Saved | Path: D:/UFAMeasy_Workspace/UFAMeasy/slice/24/24.FCStd
24/07/2026 09:53:00.427 AM,session,persistence,INFO,SessionSavedEvent,Saved session 'D:/UFAMeasy_Workspace/UFAMeasy/slice/24/24.FCStd' with 3 slices
24/07/2026 09:53:00.427 AM,session,persistence,INFO,SessionSavedEvent,Saved session 'D:/UFAMeasy_Workspace/UFAMeasy/slice/24/24.FCStd' with 3 slices
24/07/2026 09:53:03.905 AM,workflow,slicing,INFO,SliceStartedEvent,slice_index: 1 | output_path: D:\UFAMeasy_Workspace\UFAMeasy\slice\24 | plane_count: 2
24/07/2026 09:53:03.905 AM,workflow,slicing,INFO,SliceStartedEvent,slice_index: 1 | output_path: D:\UFAMeasy_Workspace\UFAMeasy\slice\24 | plane_count: 2
24/07/2026 09:53:03.927 AM,workflow,slicing,INFO,SliceCompletedEvent,slice_index: 1 | filename: slice_1.stl | output_path: D:\UFAMeasy_Workspace\UFAMeasy\slice\24 | z_offset: 0.0 | center_x: 10.0 | center_y: 10.0 | duration_ms: 16.00000000325963
24/07/2026 09:53:03.927 AM,workflow,slicing,INFO,SliceCompletedEvent,slice_index: 1 | filename: slice_1.stl | output_path: D:\UFAMeasy_Workspace\UFAMeasy\slice\24 | z_offset: 0.0 | center_x: 10.0 | center_y: 10.0 | duration_ms: 16.00000000325963
24/07/2026 09:53:03.950 AM,workflow,slicing,INFO,SliceStartedEvent,slice_index: 2 | output_path: D:\UFAMeasy_Workspace\UFAMeasy\slice\24 | plane_count: 2
24/07/2026 09:53:03.950 AM,workflow,slicing,INFO,SliceStartedEvent,slice_index: 2 | output_path: D:\UFAMeasy_Workspace\UFAMeasy\slice\24 | plane_count: 2
24/07/2026 09:53:03.956 AM,workflow,slicing,INFO,SliceCompletedEvent,slice_index: 2 | filename: slice_2.stl | output_path: D:\UFAMeasy_Workspace\UFAMeasy\slice\24 | z_offset: 9.0 | center_x: 10.0 | center_y: 10.0 | duration_ms: 0.0
24/07/2026 09:53:03.956 AM,workflow,slicing,INFO,SliceCompletedEvent,slice_index: 2 | filename: slice_2.stl | output_path: D:\UFAMeasy_Workspace\UFAMeasy\slice\24 | z_offset: 9.0 | center_x: 10.0 | center_y: 10.0 | duration_ms: 0.0
24/07/2026 09:53:03.962 AM,workflow,slicing,INFO,SliceStartedEvent,slice_index: 3 | output_path: D:\UFAMeasy_Workspace\UFAMeasy\slice\24 | plane_count: 2
24/07/2026 09:53:03.962 AM,workflow,slicing,INFO,SliceStartedEvent,slice_index: 3 | output_path: D:\UFAMeasy_Workspace\UFAMeasy\slice\24 | plane_count: 2
24/07/2026 09:53:03.974 AM,workflow,slicing,INFO,SliceCompletedEvent,slice_index: 3 | filename: slice_3.stl | output_path: D:\UFAMeasy_Workspace\UFAMeasy\slice\24 | z_offset: 12.0 | center_x: 10.0 | center_y: 10.0 | duration_ms: 16.00000000325963
24/07/2026 09:53:03.974 AM,workflow,slicing,INFO,SliceCompletedEvent,slice_index: 3 | filename: slice_3.stl | output_path: D:\UFAMeasy_Workspace\UFAMeasy\slice\24 | z_offset: 12.0 | center_x: 10.0 | center_y: 10.0 | duration_ms: 16.00000000325963
24/07/2026 09:53:19.060 AM,session,session_sidecar,INFO,SessionSavedEvent,Saved session 'D:\UFAMeasy_Workspace\UFAMeasy\slice\24\24.ufamsession.json' with 3 slices
24/07/2026 09:53:19.060 AM,session,session_sidecar,INFO,SessionSavedEvent,Saved session 'D:\UFAMeasy_Workspace\UFAMeasy\slice\24\24.ufamsession.json' with 3 slices
24/07/2026 10:16:31.584 AM,session,document,INFO,FileEvent,Document Closed | Path: D:/UFAMeasy_Workspace/UFAMeasy/slice/24/24.FCStd | Name: Unnamed
24/07/2026 10:16:31.584 AM,session,document,INFO,FileEvent,Document Closed | Path: D:/UFAMeasy_Workspace/UFAMeasy/slice/24/24.FCStd | Name: Unnamed
24/07/2026 10:17:17.868 AM,workflow,geometry,INFO,ShapeChangedEvent,"Created Box (Label: 'Box') [a=20.0, b=20.0, c=20.0]"
24/07/2026 10:17:17.868 AM,workflow,geometry,INFO,ShapeChangedEvent,"Created Box (Label: 'Box') [a=20.0, b=20.0, c=20.0]"
24/07/2026 10:18:00.688 AM,session,document,INFO,FileEvent,Document Saved | Path: D:/UFAMeasy_Workspace/UFAMeasy/slice/24.2/cubeee.FCStd
24/07/2026 10:18:00.688 AM,session,document,INFO,FileEvent,Document Saved | Path: D:/UFAMeasy_Workspace/UFAMeasy/slice/24.2/cubeee.FCStd
24/07/2026 10:18:00.689 AM,session,persistence,INFO,SessionSavedEvent,Saved session 'D:/UFAMeasy_Workspace/UFAMeasy/slice/24.2/cubeee.FCStd' with 0 slices
24/07/2026 10:18:00.689 AM,session,persistence,INFO,SessionSavedEvent,Saved session 'D:/UFAMeasy_Workspace/UFAMeasy/slice/24.2/cubeee.FCStd' with 0 slices
24/07/2026 10:18:04.183 AM,workflow,slicing,INFO,SliceStartedEvent,slice_index: 1 | output_path: D:\UFAMeasy_Workspace\UFAMeasy\slice\24.2 | plane_count: 2
24/07/2026 10:18:04.183 AM,workflow,slicing,INFO,SliceStartedEvent,slice_index: 1 | output_path: D:\UFAMeasy_Workspace\UFAMeasy\slice\24.2 | plane_count: 2
24/07/2026 10:18:04.235 AM,workflow,slicing,INFO,SliceCompletedEvent,slice_index: 1 | filename: slice_1.stl | output_path: D:\UFAMeasy_Workspace\UFAMeasy\slice\24.2 | z_offset: 0.0 | center_x: 10.0 | center_y: 10.0 | duration_ms: 61.99999999807915
24/07/2026 10:18:04.235 AM,workflow,slicing,INFO,SliceCompletedEvent,slice_index: 1 | filename: slice_1.stl | output_path: D:\UFAMeasy_Workspace\UFAMeasy\slice\24.2 | z_offset: 0.0 | center_x: 10.0 | center_y: 10.0 | duration_ms: 61.99999999807915
24/07/2026 10:18:04.260 AM,workflow,slicing,INFO,SliceStartedEvent,slice_index: 2 | output_path: D:\UFAMeasy_Workspace\UFAMeasy\slice\24.2 | plane_count: 2
24/07/2026 10:18:04.260 AM,workflow,slicing,INFO,SliceStartedEvent,slice_index: 2 | output_path: D:\UFAMeasy_Workspace\UFAMeasy\slice\24.2 | plane_count: 2
24/07/2026 10:18:04.265 AM,workflow,slicing,INFO,SliceCompletedEvent,slice_index: 2 | filename: slice_2.stl | output_path: D:\UFAMeasy_Workspace\UFAMeasy\slice\24.2 | z_offset: 4.0 | center_x: 10.0 | center_y: 10.0 | duration_ms: 14.999999999417923
24/07/2026 10:18:04.265 AM,workflow,slicing,INFO,SliceCompletedEvent,slice_index: 2 | filename: slice_2.stl | output_path: D:\UFAMeasy_Workspace\UFAMeasy\slice\24.2 | z_offset: 4.0 | center_x: 10.0 | center_y: 10.0 | duration_ms: 14.999999999417923
24/07/2026 10:18:04.273 AM,workflow,slicing,INFO,SliceStartedEvent,slice_index: 3 | output_path: D:\UFAMeasy_Workspace\UFAMeasy\slice\24.2 | plane_count: 2
24/07/2026 10:18:04.273 AM,workflow,slicing,INFO,SliceStartedEvent,slice_index: 3 | output_path: D:\UFAMeasy_Workspace\UFAMeasy\slice\24.2 | plane_count: 2
24/07/2026 10:18:04.287 AM,workflow,slicing,INFO,SliceCompletedEvent,slice_index: 3 | filename: slice_3.stl | output_path: D:\UFAMeasy_Workspace\UFAMeasy\slice\24.2 | z_offset: 9.0 | center_x: 10.0 | center_y: 10.0 | duration_ms: 15.999999995983671
24/07/2026 10:18:04.287 AM,workflow,slicing,INFO,SliceCompletedEvent,slice_index: 3 | filename: slice_3.stl | output_path: D:\UFAMeasy_Workspace\UFAMeasy\slice\24.2 | z_offset: 9.0 | center_x: 10.0 | center_y: 10.0 | duration_ms: 15.999999995983671
24/07/2026 10:18:05.335 AM,session,session_sidecar,INFO,SessionSavedEvent,Saved session 'D:\UFAMeasy_Workspace\UFAMeasy\slice\24.2\cubeee.ufamsession.json' with 3 slices
24/07/2026 10:18:05.335 AM,session,session_sidecar,INFO,SessionSavedEvent,Saved session 'D:\UFAMeasy_Workspace\UFAMeasy\slice\24.2\cubeee.ufamsession.json' with 3 slices
24/07/2026 10:18:21.549 AM,workflow,slicing,INFO,SliceStartedEvent,slice_index: 1 | output_path: D:\UFAMeasy_Workspace\UFAMeasy\slice\24.2 | plane_count: 2
24/07/2026 10:18:21.549 AM,workflow,slicing,INFO,SliceStartedEvent,slice_index: 1 | output_path: D:\UFAMeasy_Workspace\UFAMeasy\slice\24.2 | plane_count: 2
24/07/2026 10:18:21.575 AM,workflow,slicing,INFO,SliceCompletedEvent,slice_index: 1 | filename: slice_1.stl | output_path: D:\UFAMeasy_Workspace\UFAMeasy\slice\24.2 | z_offset: 0.0 | center_x: 10.0 | center_y: 10.0 | duration_ms: 14.999999999417923
24/07/2026 10:18:21.575 AM,workflow,slicing,INFO,SliceCompletedEvent,slice_index: 1 | filename: slice_1.stl | output_path: D:\UFAMeasy_Workspace\UFAMeasy\slice\24.2 | z_offset: 0.0 | center_x: 10.0 | center_y: 10.0 | duration_ms: 14.999999999417923
24/07/2026 10:18:21.599 AM,workflow,slicing,INFO,SliceStartedEvent,slice_index: 2 | output_path: D:\UFAMeasy_Workspace\UFAMeasy\slice\24.2 | plane_count: 2
24/07/2026 10:18:21.599 AM,workflow,slicing,INFO,SliceStartedEvent,slice_index: 2 | output_path: D:\UFAMeasy_Workspace\UFAMeasy\slice\24.2 | plane_count: 2
24/07/2026 10:18:21.605 AM,workflow,slicing,INFO,SliceCompletedEvent,slice_index: 2 | filename: slice_2.stl | output_path: D:\UFAMeasy_Workspace\UFAMeasy\slice\24.2 | z_offset: 4.0 | center_x: 10.0 | center_y: 10.0 | duration_ms: 0.0
24/07/2026 10:18:21.605 AM,workflow,slicing,INFO,SliceCompletedEvent,slice_index: 2 | filename: slice_2.stl | output_path: D:\UFAMeasy_Workspace\UFAMeasy\slice\24.2 | z_offset: 4.0 | center_x: 10.0 | center_y: 10.0 | duration_ms: 0.0
24/07/2026 10:18:21.610 AM,workflow,slicing,INFO,SliceStartedEvent,slice_index: 3 | output_path: D:\UFAMeasy_Workspace\UFAMeasy\slice\24.2 | plane_count: 2
24/07/2026 10:18:21.610 AM,workflow,slicing,INFO,SliceStartedEvent,slice_index: 3 | output_path: D:\UFAMeasy_Workspace\UFAMeasy\slice\24.2 | plane_count: 2
24/07/2026 10:18:21.624 AM,workflow,slicing,INFO,SliceCompletedEvent,slice_index: 3 | filename: slice_3.stl | output_path: D:\UFAMeasy_Workspace\UFAMeasy\slice\24.2 | z_offset: 9.0 | center_x: 10.0 | center_y: 10.0 | duration_ms: 16.00000000325963
24/07/2026 10:18:21.624 AM,workflow,slicing,INFO,SliceCompletedEvent,slice_index: 3 | filename: slice_3.stl | output_path: D:\UFAMeasy_Workspace\UFAMeasy\slice\24.2 | z_offset: 9.0 | center_x: 10.0 | center_y: 10.0 | duration_ms: 16.00000000325963
24/07/2026 10:18:22.662 AM,session,session_sidecar,INFO,SessionSavedEvent,Saved session 'D:\UFAMeasy_Workspace\UFAMeasy\slice\24.2\cubeee.ufamsession.json' with 3 slices
24/07/2026 10:18:22.662 AM,session,session_sidecar,INFO,SessionSavedEvent,Saved session 'D:\UFAMeasy_Workspace\UFAMeasy\slice\24.2\cubeee.ufamsession.json' with 3 slices
24/07/2026 10:19:40.512 AM,error,gcode_generation,ERROR,PipelineErrorEvent,"stage: slicer_invocation | error_message: Unknown option --bottom-infill-pattern

 | details: {'return_code': 1, 'stl_path': 'D:\\UFAMeasy_Workspace\\UFAMeasy\\slice\\24.2\\slice_1\\layer_1.stl', 'gcode_path': 'D:\\UFAMeasy_Workspace\\UFAMeasy\\slice\\24.2\\slice_1\\layer_1.nc'}"
24/07/2026 10:19:40.512 AM,error,gcode_generation,ERROR,PipelineErrorEvent,"stage: slicer_invocation | error_message: Unknown option --bottom-infill-pattern

 | details: {'return_code': 1, 'stl_path': 'D:\\UFAMeasy_Workspace\\UFAMeasy\\slice\\24.2\\slice_1\\layer_1.stl', 'gcode_path': 'D:\\UFAMeasy_Workspace\\UFAMeasy\\slice\\24.2\\slice_1\\layer_1.nc'}"
24/07/2026 10:19:40.715 AM,error,gcode_generation,ERROR,PipelineErrorEvent,"stage: slicer_invocation | error_message: Unknown option --bottom-infill-pattern

 | details: {'return_code': 1, 'stl_path': 'D:\\UFAMeasy_Workspace\\UFAMeasy\\slice\\24.2\\slice_1\\layer_2.stl', 'gcode_path': 'D:\\UFAMeasy_Workspace\\UFAMeasy\\slice\\24.2\\slice_1\\layer_2.nc'}"
24/07/2026 10:19:40.715 AM,error,gcode_generation,ERROR,PipelineErrorEvent,"stage: slicer_invocation | error_message: Unknown option --bottom-infill-pattern

 | details: {'return_code': 1, 'stl_path': 'D:\\UFAMeasy_Workspace\\UFAMeasy\\slice\\24.2\\slice_1\\layer_2.stl', 'gcode_path': 'D:\\UFAMeasy_Workspace\\UFAMeasy\\slice\\24.2\\slice_1\\layer_2.nc'}"
24/07/2026 10:19:40.903 AM,error,gcode_generation,ERROR,PipelineErrorEvent,"stage: slicer_invocation | error_message: Unknown option --bottom-infill-pattern

 | details: {'return_code': 1, 'stl_path': 'D:\\UFAMeasy_Workspace\\UFAMeasy\\slice\\24.2\\slice_1\\layer_3.stl', 'gcode_path': 'D:\\UFAMeasy_Workspace\\UFAMeasy\\slice\\24.2\\slice_1\\layer_3.nc'}"
24/07/2026 10:19:40.903 AM,error,gcode_generation,ERROR,PipelineErrorEvent,"stage: slicer_invocation | error_message: Unknown option --bottom-infill-pattern

 | details: {'return_code': 1, 'stl_path': 'D:\\UFAMeasy_Workspace\\UFAMeasy\\slice\\24.2\\slice_1\\layer_3.stl', 'gcode_path': 'D:\\UFAMeasy_Workspace\\UFAMeasy\\slice\\24.2\\slice_1\\layer_3.nc'}"
24/07/2026 10:19:41.091 AM,error,gcode_generation,ERROR,PipelineErrorEvent,"stage: slicer_invocation | error_message: Unknown option --bottom-infill-pattern

 | details: {'return_code': 1, 'stl_path': 'D:\\UFAMeasy_Workspace\\UFAMeasy\\slice\\24.2\\slice_1\\layer_4.stl', 'gcode_path': 'D:\\UFAMeasy_Workspace\\UFAMeasy\\slice\\24.2\\slice_1\\layer_4.nc'}"
24/07/2026 10:19:41.091 AM,error,gcode_generation,ERROR,PipelineErrorEvent,"stage: slicer_invocation | error_message: Unknown option --bottom-infill-pattern

 | details: {'return_code': 1, 'stl_path': 'D:\\UFAMeasy_Workspace\\UFAMeasy\\slice\\24.2\\slice_1\\layer_4.stl', 'gcode_path': 'D:\\UFAMeasy_Workspace\\UFAMeasy\\slice\\24.2\\slice_1\\layer_4.nc'}"
24/07/2026 10:19:48.916 AM,error,gcode_generation,ERROR,PipelineErrorEvent,"stage: slicer_invocation | error_message: Unknown option --bottom-infill-pattern

 | details: {'return_code': 1, 'stl_path': 'D:\\UFAMeasy_Workspace\\UFAMeasy\\slice\\24.2\\slice_1\\layer_1.stl', 'gcode_path': 'D:\\UFAMeasy_Workspace\\UFAMeasy\\slice\\24.2\\slice_1\\layer_1.nc'}"
24/07/2026 10:19:48.916 AM,error,gcode_generation,ERROR,PipelineErrorEvent,"stage: slicer_invocation | error_message: Unknown option --bottom-infill-pattern

 | details: {'return_code': 1, 'stl_path': 'D:\\UFAMeasy_Workspace\\UFAMeasy\\slice\\24.2\\slice_1\\layer_1.stl', 'gcode_path': 'D:\\UFAMeasy_Workspace\\UFAMeasy\\slice\\24.2\\slice_1\\layer_1.nc'}"
24/07/2026 10:19:49.116 AM,error,gcode_generation,ERROR,PipelineErrorEvent,"stage: slicer_invocation | error_message: Unknown option --bottom-infill-pattern

 | details: {'return_code': 1, 'stl_path': 'D:\\UFAMeasy_Workspace\\UFAMeasy\\slice\\24.2\\slice_1\\layer_2.stl', 'gcode_path': 'D:\\UFAMeasy_Workspace\\UFAMeasy\\slice\\24.2\\slice_1\\layer_2.nc'}"
24/07/2026 10:19:49.116 AM,error,gcode_generation,ERROR,PipelineErrorEvent,"stage: slicer_invocation | error_message: Unknown option --bottom-infill-pattern

 | details: {'return_code': 1, 'stl_path': 'D:\\UFAMeasy_Workspace\\UFAMeasy\\slice\\24.2\\slice_1\\layer_2.stl', 'gcode_path': 'D:\\UFAMeasy_Workspace\\UFAMeasy\\slice\\24.2\\slice_1\\layer_2.nc'}"
24/07/2026 10:19:49.304 AM,error,gcode_generation,ERROR,PipelineErrorEvent,"stage: slicer_invocation | error_message: Unknown option --bottom-infill-pattern

 | details: {'return_code': 1, 'stl_path': 'D:\\UFAMeasy_Workspace\\UFAMeasy\\slice\\24.2\\slice_1\\layer_3.stl', 'gcode_path': 'D:\\UFAMeasy_Workspace\\UFAMeasy\\slice\\24.2\\slice_1\\layer_3.nc'}"
24/07/2026 10:19:49.304 AM,error,gcode_generation,ERROR,PipelineErrorEvent,"stage: slicer_invocation | error_message: Unknown option --bottom-infill-pattern

 | details: {'return_code': 1, 'stl_path': 'D:\\UFAMeasy_Workspace\\UFAMeasy\\slice\\24.2\\slice_1\\layer_3.stl', 'gcode_path': 'D:\\UFAMeasy_Workspace\\UFAMeasy\\slice\\24.2\\slice_1\\layer_3.nc'}"
24/07/2026 10:19:49.492 AM,error,gcode_generation,ERROR,PipelineErrorEvent,"stage: slicer_invocation | error_message: Unknown option --bottom-infill-pattern

 | details: {'return_code': 1, 'stl_path': 'D:\\UFAMeasy_Workspace\\UFAMeasy\\slice\\24.2\\slice_1\\layer_4.stl', 'gcode_path': 'D:\\UFAMeasy_Workspace\\UFAMeasy\\slice\\24.2\\slice_1\\layer_4.nc'}"
24/07/2026 10:19:49.492 AM,error,gcode_generation,ERROR,PipelineErrorEvent,"stage: slicer_invocation | error_message: Unknown option --bottom-infill-pattern

 | details: {'return_code': 1, 'stl_path': 'D:\\UFAMeasy_Workspace\\UFAMeasy\\slice\\24.2\\slice_1\\layer_4.stl', 'gcode_path': 'D:\\UFAMeasy_Workspace\\UFAMeasy\\slice\\24.2\\slice_1\\layer_4.nc'}"
24/07/2026 10:20:34.895 AM,workflow,geometry,INFO,ShapeChangedEvent,Deleted Part::Feature (Label: 'PreviewSlice')
24/07/2026 10:20:34.895 AM,workflow,geometry,INFO,ShapeChangedEvent,Deleted Part::Feature (Label: 'PreviewSlice')
24/07/2026 10:20:34.902 AM,workflow,slicer_ui,INFO,ParameterChangedEvent,Changed 3 parameters in Slice 1 [COOLING_PASS: False → false; --post-process: 0 → 0]
24/07/2026 10:20:34.902 AM,workflow,slicer_ui,INFO,ParameterChangedEvent,Changed 3 parameters in Slice 1 [COOLING_PASS: False → false; --post-process: 0 → 0]
24/07/2026 10:20:34.920 AM,session,session_sidecar,INFO,SessionSavedEvent,Saved session 'D:\UFAMeasy_Workspace\UFAMeasy\slice\24.2\cubeee.ufamsession.json' with 3 slices
24/07/2026 10:20:34.920 AM,session,session_sidecar,INFO,SessionSavedEvent,Saved session 'D:\UFAMeasy_Workspace\UFAMeasy\slice\24.2\cubeee.ufamsession.json' with 3 slices
24/07/2026 10:20:36.800 AM,error,gcode_generation,ERROR,PipelineErrorEvent,"stage: slicer_invocation | error_message: Unknown option --bottom-infill-pattern

 | details: {'return_code': 1, 'stl_path': 'D:\\UFAMeasy_Workspace\\UFAMeasy\\slice\\24.2\\slice_1\\layer_1.stl', 'gcode_path': 'D:\\UFAMeasy_Workspace\\UFAMeasy\\slice\\24.2\\slice_1\\layer_1.nc'}"
24/07/2026 10:20:36.800 AM,error,gcode_generation,ERROR,PipelineErrorEvent,"stage: slicer_invocation | error_message: Unknown option --bottom-infill-pattern

 | details: {'return_code': 1, 'stl_path': 'D:\\UFAMeasy_Workspace\\UFAMeasy\\slice\\24.2\\slice_1\\layer_1.stl', 'gcode_path': 'D:\\UFAMeasy_Workspace\\UFAMeasy\\slice\\24.2\\slice_1\\layer_1.nc'}"
24/07/2026 10:20:36.987 AM,error,gcode_generation,ERROR,PipelineErrorEvent,"stage: slicer_invocation | error_message: Unknown option --bottom-infill-pattern

 | details: {'return_code': 1, 'stl_path': 'D:\\UFAMeasy_Workspace\\UFAMeasy\\slice\\24.2\\slice_1\\layer_2.stl', 'gcode_path': 'D:\\UFAMeasy_Workspace\\UFAMeasy\\slice\\24.2\\slice_1\\layer_2.nc'}"
24/07/2026 10:20:36.987 AM,error,gcode_generation,ERROR,PipelineErrorEvent,"stage: slicer_invocation | error_message: Unknown option --bottom-infill-pattern

 | details: {'return_code': 1, 'stl_path': 'D:\\UFAMeasy_Workspace\\UFAMeasy\\slice\\24.2\\slice_1\\layer_2.stl', 'gcode_path': 'D:\\UFAMeasy_Workspace\\UFAMeasy\\slice\\24.2\\slice_1\\layer_2.nc'}"
24/07/2026 10:20:37.159 AM,error,gcode_generation,ERROR,PipelineErrorEvent,"stage: slicer_invocation | error_message: Unknown option --bottom-infill-pattern

 | details: {'return_code': 1, 'stl_path': 'D:\\UFAMeasy_Workspace\\UFAMeasy\\slice\\24.2\\slice_1\\layer_3.stl', 'gcode_path': 'D:\\UFAMeasy_Workspace\\UFAMeasy\\slice\\24.2\\slice_1\\layer_3.nc'}"
24/07/2026 10:20:37.159 AM,error,gcode_generation,ERROR,PipelineErrorEvent,"stage: slicer_invocation | error_message: Unknown option --bottom-infill-pattern

 | details: {'return_code': 1, 'stl_path': 'D:\\UFAMeasy_Workspace\\UFAMeasy\\slice\\24.2\\slice_1\\layer_3.stl', 'gcode_path': 'D:\\UFAMeasy_Workspace\\UFAMeasy\\slice\\24.2\\slice_1\\layer_3.nc'}"
24/07/2026 10:20:37.348 AM,error,gcode_generation,ERROR,PipelineErrorEvent,"stage: slicer_invocation | error_message: Unknown option --bottom-infill-pattern

 | details: {'return_code': 1, 'stl_path': 'D:\\UFAMeasy_Workspace\\UFAMeasy\\slice\\24.2\\slice_1\\layer_4.stl', 'gcode_path': 'D:\\UFAMeasy_Workspace\\UFAMeasy\\slice\\24.2\\slice_1\\layer_4.nc'}"
24/07/2026 10:20:37.348 AM,error,gcode_generation,ERROR,PipelineErrorEvent,"stage: slicer_invocation | error_message: Unknown option --bottom-infill-pattern

 | details: {'return_code': 1, 'stl_path': 'D:\\UFAMeasy_Workspace\\UFAMeasy\\slice\\24.2\\slice_1\\layer_4.stl', 'gcode_path': 'D:\\UFAMeasy_Workspace\\UFAMeasy\\slice\\24.2\\slice_1\\layer_4.nc'}"
24/07/2026 10:21:11.951 AM,workflow,geometry,INFO,ShapeChangedEvent,Deleted Part::Feature (Label: 'PreviewSlice')
24/07/2026 10:21:11.951 AM,workflow,geometry,INFO,ShapeChangedEvent,Deleted Part::Feature (Label: 'PreviewSlice')
24/07/2026 10:21:11.981 AM,session,session_sidecar,INFO,SessionSavedEvent,Saved session 'D:\UFAMeasy_Workspace\UFAMeasy\slice\24.2\cubeee.ufamsession.json' with 3 slices
24/07/2026 10:21:11.981 AM,session,session_sidecar,INFO,SessionSavedEvent,Saved session 'D:\UFAMeasy_Workspace\UFAMeasy\slice\24.2\cubeee.ufamsession.json' with 3 slices
24/07/2026 10:21:16.429 AM,workflow,geometry,INFO,ShapeChangedEvent,Deleted Part::Feature (Label: 'PreviewSlice')
24/07/2026 10:21:16.429 AM,workflow,geometry,INFO,ShapeChangedEvent,Deleted Part::Feature (Label: 'PreviewSlice')
24/07/2026 10:21:16.431 AM,workflow,slicer_ui,INFO,ParameterChangedEvent,Changed 3 parameters in Slice 2 [COOLING_PASS: False → false; --post-process: 0 → 0]
24/07/2026 10:21:16.431 AM,workflow,slicer_ui,INFO,ParameterChangedEvent,Changed 3 parameters in Slice 2 [COOLING_PASS: False → false; --post-process: 0 → 0]
24/07/2026 10:21:16.448 AM,session,session_sidecar,INFO,SessionSavedEvent,Saved session 'D:\UFAMeasy_Workspace\UFAMeasy\slice\24.2\cubeee.ufamsession.json' with 3 slices
24/07/2026 10:21:16.448 AM,session,session_sidecar,INFO,SessionSavedEvent,Saved session 'D:\UFAMeasy_Workspace\UFAMeasy\slice\24.2\cubeee.ufamsession.json' with 3 slices
24/07/2026 10:21:19.738 AM,workflow,geometry,INFO,ShapeChangedEvent,Deleted Part::Feature (Label: 'PreviewSlice')
24/07/2026 10:21:19.738 AM,workflow,geometry,INFO,ShapeChangedEvent,Deleted Part::Feature (Label: 'PreviewSlice')
24/07/2026 10:21:19.740 AM,workflow,slicer_ui,INFO,ParameterChangedEvent,Changed 3 parameters in Slice 3 [COOLING_PASS: False → false; --post-process: 0 → 0]
24/07/2026 10:21:19.740 AM,workflow,slicer_ui,INFO,ParameterChangedEvent,Changed 3 parameters in Slice 3 [COOLING_PASS: False → false; --post-process: 0 → 0]
24/07/2026 10:21:19.768 AM,session,session_sidecar,INFO,SessionSavedEvent,Saved session 'D:\UFAMeasy_Workspace\UFAMeasy\slice\24.2\cubeee.ufamsession.json' with 3 slices
24/07/2026 10:21:19.768 AM,session,session_sidecar,INFO,SessionSavedEvent,Saved session 'D:\UFAMeasy_Workspace\UFAMeasy\slice\24.2\cubeee.ufamsession.json' with 3 slices
24/07/2026 10:21:21.517 AM,error,gcode_generation,ERROR,PipelineErrorEvent,"stage: slicer_invocation | error_message: Unknown option --bottom-infill-pattern

 | details: {'return_code': 1, 'stl_path': 'D:\\UFAMeasy_Workspace\\UFAMeasy\\slice\\24.2\\slice_1\\layer_1.stl', 'gcode_path': 'D:\\UFAMeasy_Workspace\\UFAMeasy\\slice\\24.2\\slice_1\\layer_1.nc'}"
24/07/2026 10:21:21.517 AM,error,gcode_generation,ERROR,PipelineErrorEvent,"stage: slicer_invocation | error_message: Unknown option --bottom-infill-pattern

 | details: {'return_code': 1, 'stl_path': 'D:\\UFAMeasy_Workspace\\UFAMeasy\\slice\\24.2\\slice_1\\layer_1.stl', 'gcode_path': 'D:\\UFAMeasy_Workspace\\UFAMeasy\\slice\\24.2\\slice_1\\layer_1.nc'}"
24/07/2026 10:21:21.737 AM,error,gcode_generation,ERROR,PipelineErrorEvent,"stage: slicer_invocation | error_message: Unknown option --bottom-infill-pattern

 | details: {'return_code': 1, 'stl_path': 'D:\\UFAMeasy_Workspace\\UFAMeasy\\slice\\24.2\\slice_1\\layer_2.stl', 'gcode_path': 'D:\\UFAMeasy_Workspace\\UFAMeasy\\slice\\24.2\\slice_1\\layer_2.nc'}"
24/07/2026 10:21:21.737 AM,error,gcode_generation,ERROR,PipelineErrorEvent,"stage: slicer_invocation | error_message: Unknown option --bottom-infill-pattern

 | details: {'return_code': 1, 'stl_path': 'D:\\UFAMeasy_Workspace\\UFAMeasy\\slice\\24.2\\slice_1\\layer_2.stl', 'gcode_path': 'D:\\UFAMeasy_Workspace\\UFAMeasy\\slice\\24.2\\slice_1\\layer_2.nc'}"
24/07/2026 10:21:21.940 AM,error,gcode_generation,ERROR,PipelineErrorEvent,"stage: slicer_invocation | error_message: Unknown option --bottom-infill-pattern

 | details: {'return_code': 1, 'stl_path': 'D:\\UFAMeasy_Workspace\\UFAMeasy\\slice\\24.2\\slice_1\\layer_3.stl', 'gcode_path': 'D:\\UFAMeasy_Workspace\\UFAMeasy\\slice\\24.2\\slice_1\\layer_3.nc'}"
24/07/2026 10:21:21.940 AM,error,gcode_generation,ERROR,PipelineErrorEvent,"stage: slicer_invocation | error_message: Unknown option --bottom-infill-pattern

 | details: {'return_code': 1, 'stl_path': 'D:\\UFAMeasy_Workspace\\UFAMeasy\\slice\\24.2\\slice_1\\layer_3.stl', 'gcode_path': 'D:\\UFAMeasy_Workspace\\UFAMeasy\\slice\\24.2\\slice_1\\layer_3.nc'}"
24/07/2026 10:21:22.127 AM,error,gcode_generation,ERROR,PipelineErrorEvent,"stage: slicer_invocation | error_message: Unknown option --bottom-infill-pattern

 | details: {'return_code': 1, 'stl_path': 'D:\\UFAMeasy_Workspace\\UFAMeasy\\slice\\24.2\\slice_1\\layer_4.stl', 'gcode_path': 'D:\\UFAMeasy_Workspace\\UFAMeasy\\slice\\24.2\\slice_1\\layer_4.nc'}"
24/07/2026 10:21:22.127 AM,error,gcode_generation,ERROR,PipelineErrorEvent,"stage: slicer_invocation | error_message: Unknown option --bottom-infill-pattern

 | details: {'return_code': 1, 'stl_path': 'D:\\UFAMeasy_Workspace\\UFAMeasy\\slice\\24.2\\slice_1\\layer_4.stl', 'gcode_path': 'D:\\UFAMeasy_Workspace\\UFAMeasy\\slice\\24.2\\slice_1\\layer_4.nc'}"
24/07/2026 10:22:20.491 AM,workflow,geometry,INFO,ShapeChangedEvent,Deleted Part::Feature (Label: 'PreviewSlice')
24/07/2026 10:22:20.491 AM,workflow,geometry,INFO,ShapeChangedEvent,Deleted Part::Feature (Label: 'PreviewSlice')
24/07/2026 10:22:56.680 AM,workflow,geometry,INFO,ShapeChangedEvent,Deleted Part::Feature (Label: 'PreviewSlice')
24/07/2026 10:22:56.680 AM,workflow,geometry,INFO,ShapeChangedEvent,Deleted Part::Feature (Label: 'PreviewSlice')
24/07/2026 10:30:22.551 AM,session,document,INFO,FileEvent,Document Closed | Path: D:/UFAMeasy_Workspace/UFAMeasy/slice/24.2/cubeee.FCStd | Name: Unnamed
24/07/2026 10:30:22.551 AM,session,document,INFO,FileEvent,Document Closed | Path: D:/UFAMeasy_Workspace/UFAMeasy/slice/24.2/cubeee.FCStd | Name: Unnamed
24/07/2026 10:30:44.927 AM,workflow,geometry,INFO,ShapeChangedEvent,"Created Box (Label: 'Box') [a=20.0, b=20.0, c=20.0]"
24/07/2026 10:30:44.927 AM,workflow,geometry,INFO,ShapeChangedEvent,"Created Box (Label: 'Box') [a=20.0, b=20.0, c=20.0]"
24/07/2026 10:31:18.886 AM,session,document,INFO,FileEvent,Document Saved | Path: D:/UFAMeasy_Workspace/UFAMeasy/slice/7855/cubeee.FCStd
24/07/2026 10:31:18.886 AM,session,document,INFO,FileEvent,Document Saved | Path: D:/UFAMeasy_Workspace/UFAMeasy/slice/7855/cubeee.FCStd
24/07/2026 10:31:18.886 AM,session,persistence,INFO,SessionSavedEvent,Saved session 'D:/UFAMeasy_Workspace/UFAMeasy/slice/7855/cubeee.FCStd' with 0 slices
24/07/2026 10:31:18.886 AM,session,persistence,INFO,SessionSavedEvent,Saved session 'D:/UFAMeasy_Workspace/UFAMeasy/slice/7855/cubeee.FCStd' with 0 slices
24/07/2026 10:31:22.944 AM,workflow,slicing,INFO,SliceStartedEvent,slice_index: 1 | output_path: D:\UFAMeasy_Workspace\UFAMeasy\slice\7855 | plane_count: 2
24/07/2026 10:31:22.944 AM,workflow,slicing,INFO,SliceStartedEvent,slice_index: 1 | output_path: D:\UFAMeasy_Workspace\UFAMeasy\slice\7855 | plane_count: 2
24/07/2026 10:31:23.000 AM,workflow,slicing,INFO,SliceCompletedEvent,slice_index: 1 | filename: slice_1.stl | output_path: D:\UFAMeasy_Workspace\UFAMeasy\slice\7855 | z_offset: 0.0 | center_x: 10.0 | center_y: 10.0 | duration_ms: 63.00000000192085
24/07/2026 10:31:23.000 AM,workflow,slicing,INFO,SliceCompletedEvent,slice_index: 1 | filename: slice_1.stl | output_path: D:\UFAMeasy_Workspace\UFAMeasy\slice\7855 | z_offset: 0.0 | center_x: 10.0 | center_y: 10.0 | duration_ms: 63.00000000192085
24/07/2026 10:31:23.030 AM,workflow,slicing,INFO,SliceStartedEvent,slice_index: 2 | output_path: D:\UFAMeasy_Workspace\UFAMeasy\slice\7855 | plane_count: 2
24/07/2026 10:31:23.030 AM,workflow,slicing,INFO,SliceStartedEvent,slice_index: 2 | output_path: D:\UFAMeasy_Workspace\UFAMeasy\slice\7855 | plane_count: 2
24/07/2026 10:31:23.037 AM,workflow,slicing,INFO,SliceCompletedEvent,slice_index: 2 | filename: slice_2.stl | output_path: D:\UFAMeasy_Workspace\UFAMeasy\slice\7855 | z_offset: 10.0 | center_x: 10.0 | center_y: 10.0 | duration_ms: 0.0
24/07/2026 10:31:23.037 AM,workflow,slicing,INFO,SliceCompletedEvent,slice_index: 2 | filename: slice_2.stl | output_path: D:\UFAMeasy_Workspace\UFAMeasy\slice\7855 | z_offset: 10.0 | center_x: 10.0 | center_y: 10.0 | duration_ms: 0.0
24/07/2026 10:31:23.046 AM,workflow,slicing,INFO,SliceStartedEvent,slice_index: 3 | output_path: D:\UFAMeasy_Workspace\UFAMeasy\slice\7855 | plane_count: 2
24/07/2026 10:31:23.046 AM,workflow,slicing,INFO,SliceStartedEvent,slice_index: 3 | output_path: D:\UFAMeasy_Workspace\UFAMeasy\slice\7855 | plane_count: 2
24/07/2026 10:31:23.063 AM,workflow,slicing,INFO,SliceCompletedEvent,slice_index: 3 | filename: slice_3.stl | output_path: D:\UFAMeasy_Workspace\UFAMeasy\slice\7855 | z_offset: 11.0 | center_x: 10.0 | center_y: 10.0 | duration_ms: 14.999999999417923
24/07/2026 10:31:23.063 AM,workflow,slicing,INFO,SliceCompletedEvent,slice_index: 3 | filename: slice_3.stl | output_path: D:\UFAMeasy_Workspace\UFAMeasy\slice\7855 | z_offset: 11.0 | center_x: 10.0 | center_y: 10.0 | duration_ms: 14.999999999417923
24/07/2026 10:31:24.110 AM,session,session_sidecar,INFO,SessionSavedEvent,Saved session 'D:\UFAMeasy_Workspace\UFAMeasy\slice\7855\cubeee.ufamsession.json' with 3 slices
24/07/2026 10:31:24.110 AM,session,session_sidecar,INFO,SessionSavedEvent,Saved session 'D:\UFAMeasy_Workspace\UFAMeasy\slice\7855\cubeee.ufamsession.json' with 3 slices
24/07/2026 10:32:32.172 AM,error,gcode_generation,ERROR,PipelineErrorEvent,"stage: slicer_invocation | error_message: Unknown option --bottom-infill-pattern

 | details: {'return_code': 1, 'stl_path': 'D:\\UFAMeasy_Workspace\\UFAMeasy\\slice\\7855\\slice_1\\layer_1.stl', 'gcode_path': 'D:\\UFAMeasy_Workspace\\UFAMeasy\\slice\\7855\\slice_1\\layer_1.nc'}"
24/07/2026 10:32:32.172 AM,error,gcode_generation,ERROR,PipelineErrorEvent,"stage: slicer_invocation | error_message: Unknown option --bottom-infill-pattern

 | details: {'return_code': 1, 'stl_path': 'D:\\UFAMeasy_Workspace\\UFAMeasy\\slice\\7855\\slice_1\\layer_1.stl', 'gcode_path': 'D:\\UFAMeasy_Workspace\\UFAMeasy\\slice\\7855\\slice_1\\layer_1.nc'}"
24/07/2026 10:32:32.343 AM,error,gcode_generation,ERROR,PipelineErrorEvent,"stage: slicer_invocation | error_message: Unknown option --bottom-infill-pattern

 | details: {'return_code': 1, 'stl_path': 'D:\\UFAMeasy_Workspace\\UFAMeasy\\slice\\7855\\slice_1\\layer_2.stl', 'gcode_path': 'D:\\UFAMeasy_Workspace\\UFAMeasy\\slice\\7855\\slice_1\\layer_2.nc'}"
24/07/2026 10:32:32.343 AM,error,gcode_generation,ERROR,PipelineErrorEvent,"stage: slicer_invocation | error_message: Unknown option --bottom-infill-pattern

 | details: {'return_code': 1, 'stl_path': 'D:\\UFAMeasy_Workspace\\UFAMeasy\\slice\\7855\\slice_1\\layer_2.stl', 'gcode_path': 'D:\\UFAMeasy_Workspace\\UFAMeasy\\slice\\7855\\slice_1\\layer_2.nc'}"
24/07/2026 10:32:32.515 AM,error,gcode_generation,ERROR,PipelineErrorEvent,"stage: slicer_invocation | error_message: Unknown option --bottom-infill-pattern

 | details: {'return_code': 1, 'stl_path': 'D:\\UFAMeasy_Workspace\\UFAMeasy\\slice\\7855\\slice_1\\layer_3.stl', 'gcode_path': 'D:\\UFAMeasy_Workspace\\UFAMeasy\\slice\\7855\\slice_1\\layer_3.nc'}"
24/07/2026 10:32:32.515 AM,error,gcode_generation,ERROR,PipelineErrorEvent,"stage: slicer_invocation | error_message: Unknown option --bottom-infill-pattern

 | details: {'return_code': 1, 'stl_path': 'D:\\UFAMeasy_Workspace\\UFAMeasy\\slice\\7855\\slice_1\\layer_3.stl', 'gcode_path': 'D:\\UFAMeasy_Workspace\\UFAMeasy\\slice\\7855\\slice_1\\layer_3.nc'}"
24/07/2026 10:32:32.700 AM,error,gcode_generation,ERROR,PipelineErrorEvent,"stage: slicer_invocation | error_message: Unknown option --bottom-infill-pattern

 | details: {'return_code': 1, 'stl_path': 'D:\\UFAMeasy_Workspace\\UFAMeasy\\slice\\7855\\slice_1\\layer_4.stl', 'gcode_path': 'D:\\UFAMeasy_Workspace\\UFAMeasy\\slice\\7855\\slice_1\\layer_4.nc'}"
24/07/2026 10:32:32.700 AM,error,gcode_generation,ERROR,PipelineErrorEvent,"stage: slicer_invocation | error_message: Unknown option --bottom-infill-pattern

 | details: {'return_code': 1, 'stl_path': 'D:\\UFAMeasy_Workspace\\UFAMeasy\\slice\\7855\\slice_1\\layer_4.stl', 'gcode_path': 'D:\\UFAMeasy_Workspace\\UFAMeasy\\slice\\7855\\slice_1\\layer_4.nc'}"
24/07/2026 10:32:32.886 AM,error,gcode_generation,ERROR,PipelineErrorEvent,"stage: slicer_invocation | error_message: Unknown option --bottom-infill-pattern

 | details: {'return_code': 1, 'stl_path': 'D:\\UFAMeasy_Workspace\\UFAMeasy\\slice\\7855\\slice_1\\layer_5.stl', 'gcode_path': 'D:\\UFAMeasy_Workspace\\UFAMeasy\\slice\\7855\\slice_1\\layer_5.nc'}"
24/07/2026 10:32:32.886 AM,error,gcode_generation,ERROR,PipelineErrorEvent,"stage: slicer_invocation | error_message: Unknown option --bottom-infill-pattern

 | details: {'return_code': 1, 'stl_path': 'D:\\UFAMeasy_Workspace\\UFAMeasy\\slice\\7855\\slice_1\\layer_5.stl', 'gcode_path': 'D:\\UFAMeasy_Workspace\\UFAMeasy\\slice\\7855\\slice_1\\layer_5.nc'}"
24/07/2026 10:32:33.069 AM,error,gcode_generation,ERROR,PipelineErrorEvent,"stage: slicer_invocation | error_message: Unknown option --bottom-infill-pattern

 | details: {'return_code': 1, 'stl_path': 'D:\\UFAMeasy_Workspace\\UFAMeasy\\slice\\7855\\slice_1\\layer_6.stl', 'gcode_path': 'D:\\UFAMeasy_Workspace\\UFAMeasy\\slice\\7855\\slice_1\\layer_6.nc'}"
24/07/2026 10:32:33.069 AM,error,gcode_generation,ERROR,PipelineErrorEvent,"stage: slicer_invocation | error_message: Unknown option --bottom-infill-pattern

 | details: {'return_code': 1, 'stl_path': 'D:\\UFAMeasy_Workspace\\UFAMeasy\\slice\\7855\\slice_1\\layer_6.stl', 'gcode_path': 'D:\\UFAMeasy_Workspace\\UFAMeasy\\slice\\7855\\slice_1\\layer_6.nc'}"
24/07/2026 10:32:33.260 AM,error,gcode_generation,ERROR,PipelineErrorEvent,"stage: slicer_invocation | error_message: Unknown option --bottom-infill-pattern

 | details: {'return_code': 1, 'stl_path': 'D:\\UFAMeasy_Workspace\\UFAMeasy\\slice\\7855\\slice_1\\layer_7.stl', 'gcode_path': 'D:\\UFAMeasy_Workspace\\UFAMeasy\\slice\\7855\\slice_1\\layer_7.nc'}"
24/07/2026 10:32:33.260 AM,error,gcode_generation,ERROR,PipelineErrorEvent,"stage: slicer_invocation | error_message: Unknown option --bottom-infill-pattern

 | details: {'return_code': 1, 'stl_path': 'D:\\UFAMeasy_Workspace\\UFAMeasy\\slice\\7855\\slice_1\\layer_7.stl', 'gcode_path': 'D:\\UFAMeasy_Workspace\\UFAMeasy\\slice\\7855\\slice_1\\layer_7.nc'}"
24/07/2026 10:32:33.431 AM,error,gcode_generation,ERROR,PipelineErrorEvent,"stage: slicer_invocation | error_message: Unknown option --bottom-infill-pattern

 | details: {'return_code': 1, 'stl_path': 'D:\\UFAMeasy_Workspace\\UFAMeasy\\slice\\7855\\slice_1\\layer_8.stl', 'gcode_path': 'D:\\UFAMeasy_Workspace\\UFAMeasy\\slice\\7855\\slice_1\\layer_8.nc'}"
24/07/2026 10:32:33.431 AM,error,gcode_generation,ERROR,PipelineErrorEvent,"stage: slicer_invocation | error_message: Unknown option --bottom-infill-pattern

 | details: {'return_code': 1, 'stl_path': 'D:\\UFAMeasy_Workspace\\UFAMeasy\\slice\\7855\\slice_1\\layer_8.stl', 'gcode_path': 'D:\\UFAMeasy_Workspace\\UFAMeasy\\slice\\7855\\slice_1\\layer_8.nc'}"
24/07/2026 10:32:33.622 AM,error,gcode_generation,ERROR,PipelineErrorEvent,"stage: slicer_invocation | error_message: Unknown option --bottom-infill-pattern

 | details: {'return_code': 1, 'stl_path': 'D:\\UFAMeasy_Workspace\\UFAMeasy\\slice\\7855\\slice_1\\layer_9.stl', 'gcode_path': 'D:\\UFAMeasy_Workspace\\UFAMeasy\\slice\\7855\\slice_1\\layer_9.nc'}"
24/07/2026 10:32:33.622 AM,error,gcode_generation,ERROR,PipelineErrorEvent,"stage: slicer_invocation | error_message: Unknown option --bottom-infill-pattern

 | details: {'return_code': 1, 'stl_path': 'D:\\UFAMeasy_Workspace\\UFAMeasy\\slice\\7855\\slice_1\\layer_9.stl', 'gcode_path': 'D:\\UFAMeasy_Workspace\\UFAMeasy\\slice\\7855\\slice_1\\layer_9.nc'}"
24/07/2026 10:32:33.808 AM,error,gcode_generation,ERROR,PipelineErrorEvent,"stage: slicer_invocation | error_message: Unknown option --bottom-infill-pattern

 | details: {'return_code': 1, 'stl_path': 'D:\\UFAMeasy_Workspace\\UFAMeasy\\slice\\7855\\slice_1\\layer_10.stl', 'gcode_path': 'D:\\UFAMeasy_Workspace\\UFAMeasy\\slice\\7855\\slice_1\\layer_10.nc'}"
24/07/2026 10:32:33.808 AM,error,gcode_generation,ERROR,PipelineErrorEvent,"stage: slicer_invocation | error_message: Unknown option --bottom-infill-pattern

 | details: {'return_code': 1, 'stl_path': 'D:\\UFAMeasy_Workspace\\UFAMeasy\\slice\\7855\\slice_1\\layer_10.stl', 'gcode_path': 'D:\\UFAMeasy_Workspace\\UFAMeasy\\slice\\7855\\slice_1\\layer_10.nc'}"
24/07/2026 11:11:03.028 AM,session,document,INFO,FileEvent,Document Closed | Path: D:/UFAMeasy_Workspace/UFAMeasy/slice/7855/cubeee.FCStd | Name: Unnamed
24/07/2026 11:11:03.028 AM,session,document,INFO,FileEvent,Document Closed | Path: D:/UFAMeasy_Workspace/UFAMeasy/slice/7855/cubeee.FCStd | Name: Unnamed
24/07/2026 11:11:45.229 AM,workflow,geometry,INFO,ShapeChangedEvent,"Created Box (Label: 'Box') [a=20.0, b=20.0, c=20.0]"
24/07/2026 11:11:45.229 AM,workflow,geometry,INFO,ShapeChangedEvent,"Created Box (Label: 'Box') [a=20.0, b=20.0, c=20.0]"
24/07/2026 11:12:09.843 AM,session,document,INFO,FileEvent,Document Saved | Path: D:/UFAMeasy_Workspace/UFAMeasy/slice/222456/testing.FCStd
24/07/2026 11:12:09.843 AM,session,document,INFO,FileEvent,Document Saved | Path: D:/UFAMeasy_Workspace/UFAMeasy/slice/222456/testing.FCStd
24/07/2026 11:12:09.843 AM,session,persistence,INFO,SessionSavedEvent,Saved session 'D:/UFAMeasy_Workspace/UFAMeasy/slice/222456/testing.FCStd' with 0 slices
24/07/2026 11:12:09.843 AM,session,persistence,INFO,SessionSavedEvent,Saved session 'D:/UFAMeasy_Workspace/UFAMeasy/slice/222456/testing.FCStd' with 0 slices
24/07/2026 11:12:15.568 AM,workflow,slicing,INFO,SliceStartedEvent,slice_index: 1 | output_path: D:\UFAMeasy_Workspace\UFAMeasy\slice\222456 | plane_count: 2
24/07/2026 11:12:15.568 AM,workflow,slicing,INFO,SliceStartedEvent,slice_index: 1 | output_path: D:\UFAMeasy_Workspace\UFAMeasy\slice\222456 | plane_count: 2
24/07/2026 11:12:16.061 AM,workflow,slicing,INFO,SliceCompletedEvent,slice_index: 1 | filename: slice_1.stl | output_path: D:\UFAMeasy_Workspace\UFAMeasy\slice\222456 | z_offset: 0.0 | center_x: 10.0 | center_y: 10.0 | duration_ms: 500.0
24/07/2026 11:12:16.061 AM,workflow,slicing,INFO,SliceCompletedEvent,slice_index: 1 | filename: slice_1.stl | output_path: D:\UFAMeasy_Workspace\UFAMeasy\slice\222456 | z_offset: 0.0 | center_x: 10.0 | center_y: 10.0 | duration_ms: 500.0
24/07/2026 11:12:16.085 AM,workflow,slicing,INFO,SliceStartedEvent,slice_index: 2 | output_path: D:\UFAMeasy_Workspace\UFAMeasy\slice\222456 | plane_count: 2
24/07/2026 11:12:16.085 AM,workflow,slicing,INFO,SliceStartedEvent,slice_index: 2 | output_path: D:\UFAMeasy_Workspace\UFAMeasy\slice\222456 | plane_count: 2
24/07/2026 11:12:16.089 AM,workflow,slicing,INFO,SliceCompletedEvent,slice_index: 2 | filename: slice_2.stl | output_path: D:\UFAMeasy_Workspace\UFAMeasy\slice\222456 | z_offset: 10.0 | center_x: 10.0 | center_y: 10.0 | duration_ms: 0.0
24/07/2026 11:12:16.089 AM,workflow,slicing,INFO,SliceCompletedEvent,slice_index: 2 | filename: slice_2.stl | output_path: D:\UFAMeasy_Workspace\UFAMeasy\slice\222456 | z_offset: 10.0 | center_x: 10.0 | center_y: 10.0 | duration_ms: 0.0
24/07/2026 11:12:16.098 AM,workflow,slicing,INFO,SliceStartedEvent,slice_index: 3 | output_path: D:\UFAMeasy_Workspace\UFAMeasy\slice\222456 | plane_count: 2
24/07/2026 11:12:16.098 AM,workflow,slicing,INFO,SliceStartedEvent,slice_index: 3 | output_path: D:\UFAMeasy_Workspace\UFAMeasy\slice\222456 | plane_count: 2
24/07/2026 11:12:16.110 AM,workflow,slicing,INFO,SliceCompletedEvent,slice_index: 3 | filename: slice_3.stl | output_path: D:\UFAMeasy_Workspace\UFAMeasy\slice\222456 | z_offset: 12.0 | center_x: 10.0 | center_y: 10.0 | duration_ms: 14.999999999417923
24/07/2026 11:12:16.110 AM,workflow,slicing,INFO,SliceCompletedEvent,slice_index: 3 | filename: slice_3.stl | output_path: D:\UFAMeasy_Workspace\UFAMeasy\slice\222456 | z_offset: 12.0 | center_x: 10.0 | center_y: 10.0 | duration_ms: 14.999999999417923
24/07/2026 11:12:17.195 AM,session,session_sidecar,INFO,SessionSavedEvent,Saved session 'D:\UFAMeasy_Workspace\UFAMeasy\slice\222456\testing.ufamsession.json' with 3 slices
24/07/2026 11:12:17.195 AM,session,session_sidecar,INFO,SessionSavedEvent,Saved session 'D:\UFAMeasy_Workspace\UFAMeasy\slice\222456\testing.ufamsession.json' with 3 slices
24/07/2026 11:12:40.967 AM,gcode,gcode_generation,INFO,GCodeGeneratedEvent,stl_path: D:\UFAMeasy_Workspace\UFAMeasy\slice\222456\slice_1\layer_1_scaled.stl | gcode_path: D:\UFAMeasy_Workspace\UFAMeasy\slice\222456\slice_1\layer_1.nc | config_path: D:\UFAMeasy_Workspace\UFAMeasy\slice\222456\slice_1\layer_1.ini | z_offset: 0.0 | duration_ms: 1546.9999999986612
24/07/2026 11:12:40.967 AM,gcode,gcode_generation,INFO,GCodeGeneratedEvent,stl_path: D:\UFAMeasy_Workspace\UFAMeasy\slice\222456\slice_1\layer_1_scaled.stl | gcode_path: D:\UFAMeasy_Workspace\UFAMeasy\slice\222456\slice_1\layer_1.nc | config_path: D:\UFAMeasy_Workspace\UFAMeasy\slice\222456\slice_1\layer_1.ini | z_offset: 0.0 | duration_ms: 1546.9999999986612
24/07/2026 11:12:41.263 AM,gcode,gcode_generation,INFO,GCodeGeneratedEvent,stl_path: D:\UFAMeasy_Workspace\UFAMeasy\slice\222456\slice_1\layer_2_scaled.stl | gcode_path: D:\UFAMeasy_Workspace\UFAMeasy\slice\222456\slice_1\layer_2.nc | config_path: D:\UFAMeasy_Workspace\UFAMeasy\slice\222456\slice_1\layer_2.ini | z_offset: 1.0 | duration_ms: 281.00000000267755
24/07/2026 11:12:41.263 AM,gcode,gcode_generation,INFO,GCodeGeneratedEvent,stl_path: D:\UFAMeasy_Workspace\UFAMeasy\slice\222456\slice_1\layer_2_scaled.stl | gcode_path: D:\UFAMeasy_Workspace\UFAMeasy\slice\222456\slice_1\layer_2.nc | config_path: D:\UFAMeasy_Workspace\UFAMeasy\slice\222456\slice_1\layer_2.ini | z_offset: 1.0 | duration_ms: 281.00000000267755
24/07/2026 11:12:41.559 AM,gcode,gcode_generation,INFO,GCodeGeneratedEvent,stl_path: D:\UFAMeasy_Workspace\UFAMeasy\slice\222456\slice_1\layer_3_scaled.stl | gcode_path: D:\UFAMeasy_Workspace\UFAMeasy\slice\222456\slice_1\layer_3.nc | config_path: D:\UFAMeasy_Workspace\UFAMeasy\slice\222456\slice_1\layer_3.ini | z_offset: 2.0 | duration_ms: 296.9999999986612
24/07/2026 11:12:41.559 AM,gcode,gcode_generation,INFO,GCodeGeneratedEvent,stl_path: D:\UFAMeasy_Workspace\UFAMeasy\slice\222456\slice_1\layer_3_scaled.stl | gcode_path: D:\UFAMeasy_Workspace\UFAMeasy\slice\222456\slice_1\layer_3.nc | config_path: D:\UFAMeasy_Workspace\UFAMeasy\slice\222456\slice_1\layer_3.ini | z_offset: 2.0 | duration_ms: 296.9999999986612
24/07/2026 11:12:41.843 AM,gcode,gcode_generation,INFO,GCodeGeneratedEvent,stl_path: D:\UFAMeasy_Workspace\UFAMeasy\slice\222456\slice_1\layer_4_scaled.stl | gcode_path: D:\UFAMeasy_Workspace\UFAMeasy\slice\222456\slice_1\layer_4.nc | config_path: D:\UFAMeasy_Workspace\UFAMeasy\slice\222456\slice_1\layer_4.ini | z_offset: 3.0 | duration_ms: 296.9999999986612
24/07/2026 11:12:41.843 AM,gcode,gcode_generation,INFO,GCodeGeneratedEvent,stl_path: D:\UFAMeasy_Workspace\UFAMeasy\slice\222456\slice_1\layer_4_scaled.stl | gcode_path: D:\UFAMeasy_Workspace\UFAMeasy\slice\222456\slice_1\layer_4.nc | config_path: D:\UFAMeasy_Workspace\UFAMeasy\slice\222456\slice_1\layer_4.ini | z_offset: 3.0 | duration_ms: 296.9999999986612
24/07/2026 11:12:42.123 AM,gcode,gcode_generation,INFO,GCodeGeneratedEvent,stl_path: D:\UFAMeasy_Workspace\UFAMeasy\slice\222456\slice_1\layer_5_scaled.stl | gcode_path: D:\UFAMeasy_Workspace\UFAMeasy\slice\222456\slice_1\layer_5.nc | config_path: D:\UFAMeasy_Workspace\UFAMeasy\slice\222456\slice_1\layer_5.ini | z_offset: 4.0 | duration_ms: 281.00000000267755
24/07/2026 11:12:42.123 AM,gcode,gcode_generation,INFO,GCodeGeneratedEvent,stl_path: D:\UFAMeasy_Workspace\UFAMeasy\slice\222456\slice_1\layer_5_scaled.stl | gcode_path: D:\UFAMeasy_Workspace\UFAMeasy\slice\222456\slice_1\layer_5.nc | config_path: D:\UFAMeasy_Workspace\UFAMeasy\slice\222456\slice_1\layer_5.ini | z_offset: 4.0 | duration_ms: 281.00000000267755
24/07/2026 11:12:42.407 AM,gcode,gcode_generation,INFO,GCodeGeneratedEvent,stl_path: D:\UFAMeasy_Workspace\UFAMeasy\slice\222456\slice_1\layer_6_scaled.stl | gcode_path: D:\UFAMeasy_Workspace\UFAMeasy\slice\222456\slice_1\layer_6.nc | config_path: D:\UFAMeasy_Workspace\UFAMeasy\slice\222456\slice_1\layer_6.ini | z_offset: 5.0 | duration_ms: 280.9999999954016
24/07/2026 11:12:42.407 AM,gcode,gcode_generation,INFO,GCodeGeneratedEvent,stl_path: D:\UFAMeasy_Workspace\UFAMeasy\slice\222456\slice_1\layer_6_scaled.stl | gcode_path: D:\UFAMeasy_Workspace\UFAMeasy\slice\222456\slice_1\layer_6.nc | config_path: D:\UFAMeasy_Workspace\UFAMeasy\slice\222456\slice_1\layer_6.ini | z_offset: 5.0 | duration_ms: 280.9999999954016
24/07/2026 11:12:42.691 AM,gcode,gcode_generation,INFO,GCodeGeneratedEvent,stl_path: D:\UFAMeasy_Workspace\UFAMeasy\slice\222456\slice_1\layer_7_scaled.stl | gcode_path: D:\UFAMeasy_Workspace\UFAMeasy\slice\222456\slice_1\layer_7.nc | config_path: D:\UFAMeasy_Workspace\UFAMeasy\slice\222456\slice_1\layer_7.ini | z_offset: 6.0 | duration_ms: 281.00000000267755
24/07/2026 11:12:42.691 AM,gcode,gcode_generation,INFO,GCodeGeneratedEvent,stl_path: D:\UFAMeasy_Workspace\UFAMeasy\slice\222456\slice_1\layer_7_scaled.stl | gcode_path: D:\UFAMeasy_Workspace\UFAMeasy\slice\222456\slice_1\layer_7.nc | config_path: D:\UFAMeasy_Workspace\UFAMeasy\slice\222456\slice_1\layer_7.ini | z_offset: 6.0 | duration_ms: 281.00000000267755
24/07/2026 11:12:42.988 AM,gcode,gcode_generation,INFO,GCodeGeneratedEvent,stl_path: D:\UFAMeasy_Workspace\UFAMeasy\slice\222456\slice_1\layer_8_scaled.stl | gcode_path: D:\UFAMeasy_Workspace\UFAMeasy\slice\222456\slice_1\layer_8.nc | config_path: D:\UFAMeasy_Workspace\UFAMeasy\slice\222456\slice_1\layer_8.ini | z_offset: 7.0 | duration_ms: 296.9999999986612
24/07/2026 11:12:42.988 AM,gcode,gcode_generation,INFO,GCodeGeneratedEvent,stl_path: D:\UFAMeasy_Workspace\UFAMeasy\slice\222456\slice_1\layer_8_scaled.stl | gcode_path: D:\UFAMeasy_Workspace\UFAMeasy\slice\222456\slice_1\layer_8.nc | config_path: D:\UFAMeasy_Workspace\UFAMeasy\slice\222456\slice_1\layer_8.ini | z_offset: 7.0 | duration_ms: 296.9999999986612
24/07/2026 11:12:43.267 AM,gcode,gcode_generation,INFO,GCodeGeneratedEvent,stl_path: D:\UFAMeasy_Workspace\UFAMeasy\slice\222456\slice_1\layer_9_scaled.stl | gcode_path: D:\UFAMeasy_Workspace\UFAMeasy\slice\222456\slice_1\layer_9.nc | config_path: D:\UFAMeasy_Workspace\UFAMeasy\slice\222456\slice_1\layer_9.ini | z_offset: 8.0 | duration_ms: 281.00000000267755
24/07/2026 11:12:43.267 AM,gcode,gcode_generation,INFO,GCodeGeneratedEvent,stl_path: D:\UFAMeasy_Workspace\UFAMeasy\slice\222456\slice_1\layer_9_scaled.stl | gcode_path: D:\UFAMeasy_Workspace\UFAMeasy\slice\222456\slice_1\layer_9.nc | config_path: D:\UFAMeasy_Workspace\UFAMeasy\slice\222456\slice_1\layer_9.ini | z_offset: 8.0 | duration_ms: 281.00000000267755
24/07/2026 11:12:43.536 AM,gcode,gcode_generation,INFO,GCodeGeneratedEvent,stl_path: D:\UFAMeasy_Workspace\UFAMeasy\slice\222456\slice_1\layer_10_scaled.stl | gcode_path: D:\UFAMeasy_Workspace\UFAMeasy\slice\222456\slice_1\layer_10.nc | config_path: D:\UFAMeasy_Workspace\UFAMeasy\slice\222456\slice_1\layer_10.ini | z_offset: 9.0 | duration_ms: 265.99999999598367
24/07/2026 11:12:43.536 AM,gcode,gcode_generation,INFO,GCodeGeneratedEvent,stl_path: D:\UFAMeasy_Workspace\UFAMeasy\slice\222456\slice_1\layer_10_scaled.stl | gcode_path: D:\UFAMeasy_Workspace\UFAMeasy\slice\222456\slice_1\layer_10.nc | config_path: D:\UFAMeasy_Workspace\UFAMeasy\slice\222456\slice_1\layer_10.ini | z_offset: 9.0 | duration_ms: 265.99999999598367
24/07/2026 11:12:43.848 AM,gcode,gcode_generation,INFO,GCodeGeneratedEvent,stl_path: D:\UFAMeasy_Workspace\UFAMeasy\slice\222456\slice_2\layer_1_scaled.stl | gcode_path: D:\UFAMeasy_Workspace\UFAMeasy\slice\222456\slice_2\layer_1.nc | config_path: D:\UFAMeasy_Workspace\UFAMeasy\slice\222456\slice_2\layer_1.ini | z_offset: 10.0 | duration_ms: 266.00000000325963
24/07/2026 11:12:43.848 AM,gcode,gcode_generation,INFO,GCodeGeneratedEvent,stl_path: D:\UFAMeasy_Workspace\UFAMeasy\slice\222456\slice_2\layer_1_scaled.stl | gcode_path: D:\UFAMeasy_Workspace\UFAMeasy\slice\222456\slice_2\layer_1.nc | config_path: D:\UFAMeasy_Workspace\UFAMeasy\slice\222456\slice_2\layer_1.ini | z_offset: 10.0 | duration_ms: 266.00000000325963
24/07/2026 11:12:44.130 AM,gcode,gcode_generation,INFO,GCodeGeneratedEvent,stl_path: D:\UFAMeasy_Workspace\UFAMeasy\slice\222456\slice_2\layer_2_scaled.stl | gcode_path: D:\UFAMeasy_Workspace\UFAMeasy\slice\222456\slice_2\layer_2.nc | config_path: D:\UFAMeasy_Workspace\UFAMeasy\slice\222456\slice_2\layer_2.ini | z_offset: 11.0 | duration_ms: 281.00000000267755
24/07/2026 11:12:44.130 AM,gcode,gcode_generation,INFO,GCodeGeneratedEvent,stl_path: D:\UFAMeasy_Workspace\UFAMeasy\slice\222456\slice_2\layer_2_scaled.stl | gcode_path: D:\UFAMeasy_Workspace\UFAMeasy\slice\222456\slice_2\layer_2.nc | config_path: D:\UFAMeasy_Workspace\UFAMeasy\slice\222456\slice_2\layer_2.ini | z_offset: 11.0 | duration_ms: 281.00000000267755
24/07/2026 11:12:44.547 AM,gcode,gcode_generation,INFO,GCodeGeneratedEvent,stl_path: D:\UFAMeasy_Workspace\UFAMeasy\slice\222456\slice_3\layer_1_scaled.stl | gcode_path: D:\UFAMeasy_Workspace\UFAMeasy\slice\222456\slice_3\layer_1.nc | config_path: D:\UFAMeasy_Workspace\UFAMeasy\slice\222456\slice_3\layer_1.ini | z_offset: 12.0 | duration_ms: 296.9999999986612
24/07/2026 11:12:44.547 AM,gcode,gcode_generation,INFO,GCodeGeneratedEvent,stl_path: D:\UFAMeasy_Workspace\UFAMeasy\slice\222456\slice_3\layer_1_scaled.stl | gcode_path: D:\UFAMeasy_Workspace\UFAMeasy\slice\222456\slice_3\layer_1.nc | config_path: D:\UFAMeasy_Workspace\UFAMeasy\slice\222456\slice_3\layer_1.ini | z_offset: 12.0 | duration_ms: 296.9999999986612
24/07/2026 11:12:44.806 AM,gcode,gcode_generation,INFO,GCodeGeneratedEvent,stl_path: D:\UFAMeasy_Workspace\UFAMeasy\slice\222456\slice_3\layer_2_scaled.stl | gcode_path: D:\UFAMeasy_Workspace\UFAMeasy\slice\222456\slice_3\layer_2.nc | config_path: D:\UFAMeasy_Workspace\UFAMeasy\slice\222456\slice_3\layer_2.ini | z_offset: 13.0 | duration_ms: 250.0
24/07/2026 11:12:44.806 AM,gcode,gcode_generation,INFO,GCodeGeneratedEvent,stl_path: D:\UFAMeasy_Workspace\UFAMeasy\slice\222456\slice_3\layer_2_scaled.stl | gcode_path: D:\UFAMeasy_Workspace\UFAMeasy\slice\222456\slice_3\layer_2.nc | config_path: D:\UFAMeasy_Workspace\UFAMeasy\slice\222456\slice_3\layer_2.ini | z_offset: 13.0 | duration_ms: 250.0
24/07/2026 11:12:45.072 AM,gcode,gcode_generation,INFO,GCodeGeneratedEvent,stl_path: D:\UFAMeasy_Workspace\UFAMeasy\slice\222456\slice_3\layer_3_scaled.stl | gcode_path: D:\UFAMeasy_Workspace\UFAMeasy\slice\222456\slice_3\layer_3.nc | config_path: D:\UFAMeasy_Workspace\UFAMeasy\slice\222456\slice_3\layer_3.ini | z_offset: 14.0 | duration_ms: 264.9999999994179
24/07/2026 11:12:45.072 AM,gcode,gcode_generation,INFO,GCodeGeneratedEvent,stl_path: D:\UFAMeasy_Workspace\UFAMeasy\slice\222456\slice_3\layer_3_scaled.stl | gcode_path: D:\UFAMeasy_Workspace\UFAMeasy\slice\222456\slice_3\layer_3.nc | config_path: D:\UFAMeasy_Workspace\UFAMeasy\slice\222456\slice_3\layer_3.ini | z_offset: 14.0 | duration_ms: 264.9999999994179
24/07/2026 11:12:45.339 AM,gcode,gcode_generation,INFO,GCodeGeneratedEvent,stl_path: D:\UFAMeasy_Workspace\UFAMeasy\slice\222456\slice_3\layer_4_scaled.stl | gcode_path: D:\UFAMeasy_Workspace\UFAMeasy\slice\222456\slice_3\layer_4.nc | config_path: D:\UFAMeasy_Workspace\UFAMeasy\slice\222456\slice_3\layer_4.ini | z_offset: 15.0 | duration_ms: 265.99999999598367
24/07/2026 11:12:45.339 AM,gcode,gcode_generation,INFO,GCodeGeneratedEvent,stl_path: D:\UFAMeasy_Workspace\UFAMeasy\slice\222456\slice_3\layer_4_scaled.stl | gcode_path: D:\UFAMeasy_Workspace\UFAMeasy\slice\222456\slice_3\layer_4.nc | config_path: D:\UFAMeasy_Workspace\UFAMeasy\slice\222456\slice_3\layer_4.ini | z_offset: 15.0 | duration_ms: 265.99999999598367
24/07/2026 11:12:45.604 AM,gcode,gcode_generation,INFO,GCodeGeneratedEvent,stl_path: D:\UFAMeasy_Workspace\UFAMeasy\slice\222456\slice_3\layer_5_scaled.stl | gcode_path: D:\UFAMeasy_Workspace\UFAMeasy\slice\222456\slice_3\layer_5.nc | config_path: D:\UFAMeasy_Workspace\UFAMeasy\slice\222456\slice_3\layer_5.ini | z_offset: 16.0 | duration_ms: 266.00000000325963
24/07/2026 11:12:45.604 AM,gcode,gcode_generation,INFO,GCodeGeneratedEvent,stl_path: D:\UFAMeasy_Workspace\UFAMeasy\slice\222456\slice_3\layer_5_scaled.stl | gcode_path: D:\UFAMeasy_Workspace\UFAMeasy\slice\222456\slice_3\layer_5.nc | config_path: D:\UFAMeasy_Workspace\UFAMeasy\slice\222456\slice_3\layer_5.ini | z_offset: 16.0 | duration_ms: 266.00000000325963
24/07/2026 11:12:45.870 AM,gcode,gcode_generation,INFO,GCodeGeneratedEvent,stl_path: D:\UFAMeasy_Workspace\UFAMeasy\slice\222456\slice_3\layer_6_scaled.stl | gcode_path: D:\UFAMeasy_Workspace\UFAMeasy\slice\222456\slice_3\layer_6.nc | config_path: D:\UFAMeasy_Workspace\UFAMeasy\slice\222456\slice_3\layer_6.ini | z_offset: 17.0 | duration_ms: 264.9999999994179
24/07/2026 11:12:45.870 AM,gcode,gcode_generation,INFO,GCodeGeneratedEvent,stl_path: D:\UFAMeasy_Workspace\UFAMeasy\slice\222456\slice_3\layer_6_scaled.stl | gcode_path: D:\UFAMeasy_Workspace\UFAMeasy\slice\222456\slice_3\layer_6.nc | config_path: D:\UFAMeasy_Workspace\UFAMeasy\slice\222456\slice_3\layer_6.ini | z_offset: 17.0 | duration_ms: 264.9999999994179
24/07/2026 11:12:46.148 AM,gcode,gcode_generation,INFO,GCodeGeneratedEvent,stl_path: D:\UFAMeasy_Workspace\UFAMeasy\slice\222456\slice_3\layer_7_scaled.stl | gcode_path: D:\UFAMeasy_Workspace\UFAMeasy\slice\222456\slice_3\layer_7.nc | config_path: D:\UFAMeasy_Workspace\UFAMeasy\slice\222456\slice_3\layer_7.ini | z_offset: 18.0 | duration_ms: 281.00000000267755
24/07/2026 11:12:46.148 AM,gcode,gcode_generation,INFO,GCodeGeneratedEvent,stl_path: D:\UFAMeasy_Workspace\UFAMeasy\slice\222456\slice_3\layer_7_scaled.stl | gcode_path: D:\UFAMeasy_Workspace\UFAMeasy\slice\222456\slice_3\layer_7.nc | config_path: D:\UFAMeasy_Workspace\UFAMeasy\slice\222456\slice_3\layer_7.ini | z_offset: 18.0 | duration_ms: 281.00000000267755
24/07/2026 11:12:46.413 AM,gcode,gcode_generation,INFO,GCodeGeneratedEvent,stl_path: D:\UFAMeasy_Workspace\UFAMeasy\slice\222456\slice_3\layer_8_scaled.stl | gcode_path: D:\UFAMeasy_Workspace\UFAMeasy\slice\222456\slice_3\layer_8.nc | config_path: D:\UFAMeasy_Workspace\UFAMeasy\slice\222456\slice_3\layer_8.ini | z_offset: 19.0 | duration_ms: 265.99999999598367
24/07/2026 11:12:46.413 AM,gcode,gcode_generation,INFO,GCodeGeneratedEvent,stl_path: D:\UFAMeasy_Workspace\UFAMeasy\slice\222456\slice_3\layer_8_scaled.stl | gcode_path: D:\UFAMeasy_Workspace\UFAMeasy\slice\222456\slice_3\layer_8.nc | config_path: D:\UFAMeasy_Workspace\UFAMeasy\slice\222456\slice_3\layer_8.ini | z_offset: 19.0 | duration_ms: 265.99999999598367
24/07/2026 11:12:46.433 AM,session,session_sidecar,INFO,SessionSavedEvent,Saved session 'D:\UFAMeasy_Workspace\UFAMeasy\slice\222456\testing.ufamsession.json' with 3 slices
24/07/2026 11:12:46.433 AM,session,session_sidecar,INFO,SessionSavedEvent,Saved session 'D:\UFAMeasy_Workspace\UFAMeasy\slice\222456\testing.ufamsession.json' with 3 slices
24/07/2026 11:12:48.659 AM,session,session_sidecar,INFO,SessionSavedEvent,Saved session 'D:\UFAMeasy_Workspace\UFAMeasy\slice\222456\testing.ufamsession.json' with 3 slices
24/07/2026 11:12:48.659 AM,session,session_sidecar,INFO,SessionSavedEvent,Saved session 'D:\UFAMeasy_Workspace\UFAMeasy\slice\222456\testing.ufamsession.json' with 3 slices
24/07/2026 11:12:48.660 AM,gcode,gcode_merge,INFO,GCodeMergedEvent,Merged 3 slices into 'D:\UFAMeasy_Workspace\UFAMeasy\slice\222456\combined_print.gcode' (30.999999995401595ms)
24/07/2026 11:12:48.660 AM,gcode,gcode_merge,INFO,GCodeMergedEvent,Merged 3 slices into 'D:\UFAMeasy_Workspace\UFAMeasy\slice\222456\combined_print.gcode' (30.999999995401595ms)
24/07/2026 11:12:50.724 AM,workflow,job_estimator,INFO,JobEstimationEvent,Started estimation for 'D:\UFAMeasy_Workspace\UFAMeasy\slice\222456\slice_1.gcode' (0ms)
24/07/2026 11:12:50.724 AM,workflow,job_estimator,INFO,JobEstimationEvent,Started estimation for 'D:\UFAMeasy_Workspace\UFAMeasy\slice\222456\slice_1.gcode' (0ms)
24/07/2026 11:12:50.747 AM,workflow,job_estimator,INFO,JobEstimationEvent,Completed estimation for 'D:\UFAMeasy_Workspace\UFAMeasy\slice\222456\slice_1.gcode' (23.562700000184122ms)
24/07/2026 11:12:50.747 AM,workflow,job_estimator,INFO,JobEstimationEvent,Completed estimation for 'D:\UFAMeasy_Workspace\UFAMeasy\slice\222456\slice_1.gcode' (23.562700000184122ms)
24/07/2026 11:12:50.748 AM,workflow,job_estimator,INFO,JobEstimationEvent,Started estimation for 'D:\UFAMeasy_Workspace\UFAMeasy\slice\222456\slice_2.gcode' (0ms)
24/07/2026 11:12:50.748 AM,workflow,job_estimator,INFO,JobEstimationEvent,Started estimation for 'D:\UFAMeasy_Workspace\UFAMeasy\slice\222456\slice_2.gcode' (0ms)
24/07/2026 11:12:50.753 AM,workflow,job_estimator,INFO,JobEstimationEvent,Completed estimation for 'D:\UFAMeasy_Workspace\UFAMeasy\slice\222456\slice_2.gcode' (5.220600003667641ms)
24/07/2026 11:12:50.753 AM,workflow,job_estimator,INFO,JobEstimationEvent,Completed estimation for 'D:\UFAMeasy_Workspace\UFAMeasy\slice\222456\slice_2.gcode' (5.220600003667641ms)
24/07/2026 11:12:50.753 AM,workflow,job_estimator,INFO,JobEstimationEvent,Started estimation for 'D:\UFAMeasy_Workspace\UFAMeasy\slice\222456\slice_3.gcode' (0ms)
24/07/2026 11:12:50.753 AM,workflow,job_estimator,INFO,JobEstimationEvent,Started estimation for 'D:\UFAMeasy_Workspace\UFAMeasy\slice\222456\slice_3.gcode' (0ms)
24/07/2026 11:12:50.769 AM,workflow,job_estimator,INFO,JobEstimationEvent,Completed estimation for 'D:\UFAMeasy_Workspace\UFAMeasy\slice\222456\slice_3.gcode' (16.202500002691522ms)
24/07/2026 11:12:50.769 AM,workflow,job_estimator,INFO,JobEstimationEvent,Completed estimation for 'D:\UFAMeasy_Workspace\UFAMeasy\slice\222456\slice_3.gcode' (16.202500002691522ms)
24/07/2026 11:12:50.769 AM,workflow,job_estimator,INFO,JobEstimationEvent,Started estimation for 'D:\UFAMeasy_Workspace\UFAMeasy\slice\222456\combined_print.gcode' (0ms)
24/07/2026 11:12:50.769 AM,workflow,job_estimator,INFO,JobEstimationEvent,Started estimation for 'D:\UFAMeasy_Workspace\UFAMeasy\slice\222456\combined_print.gcode' (0ms)
24/07/2026 11:12:50.809 AM,workflow,job_estimator,INFO,JobEstimationEvent,Completed estimation for 'D:\UFAMeasy_Workspace\UFAMeasy\slice\222456\combined_print.gcode' (39.49149999971269ms)
24/07/2026 11:12:50.809 AM,workflow,job_estimator,INFO,JobEstimationEvent,Completed estimation for 'D:\UFAMeasy_Workspace\UFAMeasy\slice\222456\combined_print.gcode' (39.49149999971269ms)
24/07/2026 11:13:30.516 AM,workflow,geometry,INFO,ShapeChangedEvent,Deleted Part::Feature (Label: 'PreviewSlice')
24/07/2026 11:13:30.516 AM,workflow,geometry,INFO,ShapeChangedEvent,Deleted Part::Feature (Label: 'PreviewSlice')
24/07/2026 11:13:30.519 AM,workflow,slicer_ui,INFO,ParameterChangedEvent,Changed 5 parameters in Slice 2 [--post-process: 0 → 0; --nozzle-diameter: 1.2 → 5.0; COOLING_PASS: False → false; --thin-wall-mode: False → false]
24/07/2026 11:13:30.519 AM,workflow,slicer_ui,INFO,ParameterChangedEvent,Changed 5 parameters in Slice 2 [--post-process: 0 → 0; --nozzle-diameter: 1.2 → 5.0; COOLING_PASS: False → false; --thin-wall-mode: False → false]
24/07/2026 11:13:30.561 AM,session,session_sidecar,INFO,SessionSavedEvent,Saved session 'D:\UFAMeasy_Workspace\UFAMeasy\slice\222456\testing.ufamsession.json' with 3 slices
24/07/2026 11:13:30.561 AM,session,session_sidecar,INFO,SessionSavedEvent,Saved session 'D:\UFAMeasy_Workspace\UFAMeasy\slice\222456\testing.ufamsession.json' with 3 slices
24/07/2026 11:14:23.592 AM,workflow,geometry,INFO,ShapeChangedEvent,Deleted Part::Feature (Label: 'PreviewSlice')
24/07/2026 11:14:23.592 AM,workflow,geometry,INFO,ShapeChangedEvent,Deleted Part::Feature (Label: 'PreviewSlice')
24/07/2026 11:14:23.621 AM,session,session_sidecar,INFO,SessionSavedEvent,Saved session 'D:\UFAMeasy_Workspace\UFAMeasy\slice\222456\testing.ufamsession.json' with 3 slices
24/07/2026 11:14:23.621 AM,session,session_sidecar,INFO,SessionSavedEvent,Saved session 'D:\UFAMeasy_Workspace\UFAMeasy\slice\222456\testing.ufamsession.json' with 3 slices
24/07/2026 11:14:27.895 AM,session,session_sidecar,INFO,SessionSavedEvent,Saved session 'D:\UFAMeasy_Workspace\UFAMeasy\slice\222456\testing.ufamsession.json' with 3 slices
24/07/2026 11:14:27.895 AM,session,session_sidecar,INFO,SessionSavedEvent,Saved session 'D:\UFAMeasy_Workspace\UFAMeasy\slice\222456\testing.ufamsession.json' with 3 slices
24/07/2026 11:14:29.955 AM,gcode,gcode_generation,INFO,GCodeGeneratedEvent,stl_path: D:\UFAMeasy_Workspace\UFAMeasy\slice\222456\slice_1\layer_1_scaled.stl | gcode_path: D:\UFAMeasy_Workspace\UFAMeasy\slice\222456\slice_1\layer_1.nc | config_path: D:\UFAMeasy_Workspace\UFAMeasy\slice\222456\slice_1\layer_1.ini | z_offset: 0.0 | duration_ms: 296.9999999986612
24/07/2026 11:14:29.955 AM,gcode,gcode_generation,INFO,GCodeGeneratedEvent,stl_path: D:\UFAMeasy_Workspace\UFAMeasy\slice\222456\slice_1\layer_1_scaled.stl | gcode_path: D:\UFAMeasy_Workspace\UFAMeasy\slice\222456\slice_1\layer_1.nc | config_path: D:\UFAMeasy_Workspace\UFAMeasy\slice\222456\slice_1\layer_1.ini | z_offset: 0.0 | duration_ms: 296.9999999986612
24/07/2026 11:14:30.232 AM,gcode,gcode_generation,INFO,GCodeGeneratedEvent,stl_path: D:\UFAMeasy_Workspace\UFAMeasy\slice\222456\slice_1\layer_2_scaled.stl | gcode_path: D:\UFAMeasy_Workspace\UFAMeasy\slice\222456\slice_1\layer_2.nc | config_path: D:\UFAMeasy_Workspace\UFAMeasy\slice\222456\slice_1\layer_2.ini | z_offset: 1.0 | duration_ms: 281.00000000267755
24/07/2026 11:14:30.232 AM,gcode,gcode_generation,INFO,GCodeGeneratedEvent,stl_path: D:\UFAMeasy_Workspace\UFAMeasy\slice\222456\slice_1\layer_2_scaled.stl | gcode_path: D:\UFAMeasy_Workspace\UFAMeasy\slice\222456\slice_1\layer_2.nc | config_path: D:\UFAMeasy_Workspace\UFAMeasy\slice\222456\slice_1\layer_2.ini | z_offset: 1.0 | duration_ms: 281.00000000267755
24/07/2026 11:14:30.514 AM,gcode,gcode_generation,INFO,GCodeGeneratedEvent,stl_path: D:\UFAMeasy_Workspace\UFAMeasy\slice\222456\slice_1\layer_3_scaled.stl | gcode_path: D:\UFAMeasy_Workspace\UFAMeasy\slice\222456\slice_1\layer_3.nc | config_path: D:\UFAMeasy_Workspace\UFAMeasy\slice\222456\slice_1\layer_3.ini | z_offset: 2.0 | duration_ms: 281.00000000267755
24/07/2026 11:14:30.514 AM,gcode,gcode_generation,INFO,GCodeGeneratedEvent,stl_path: D:\UFAMeasy_Workspace\UFAMeasy\slice\222456\slice_1\layer_3_scaled.stl | gcode_path: D:\UFAMeasy_Workspace\UFAMeasy\slice\222456\slice_1\layer_3.nc | config_path: D:\UFAMeasy_Workspace\UFAMeasy\slice\222456\slice_1\layer_3.ini | z_offset: 2.0 | duration_ms: 281.00000000267755
24/07/2026 11:14:30.794 AM,gcode,gcode_generation,INFO,GCodeGeneratedEvent,stl_path: D:\UFAMeasy_Workspace\UFAMeasy\slice\222456\slice_1\layer_4_scaled.stl | gcode_path: D:\UFAMeasy_Workspace\UFAMeasy\slice\222456\slice_1\layer_4.nc | config_path: D:\UFAMeasy_Workspace\UFAMeasy\slice\222456\slice_1\layer_4.ini | z_offset: 3.0 | duration_ms: 265.99999999598367
24/07/2026 11:14:30.794 AM,gcode,gcode_generation,INFO,GCodeGeneratedEvent,stl_path: D:\UFAMeasy_Workspace\UFAMeasy\slice\222456\slice_1\layer_4_scaled.stl | gcode_path: D:\UFAMeasy_Workspace\UFAMeasy\slice\222456\slice_1\layer_4.nc | config_path: D:\UFAMeasy_Workspace\UFAMeasy\slice\222456\slice_1\layer_4.ini | z_offset: 3.0 | duration_ms: 265.99999999598367
24/07/2026 11:14:31.074 AM,gcode,gcode_generation,INFO,GCodeGeneratedEvent,stl_path: D:\UFAMeasy_Workspace\UFAMeasy\slice\222456\slice_1\layer_5_scaled.stl | gcode_path: D:\UFAMeasy_Workspace\UFAMeasy\slice\222456\slice_1\layer_5.nc | config_path: D:\UFAMeasy_Workspace\UFAMeasy\slice\222456\slice_1\layer_5.ini | z_offset: 4.0 | duration_ms: 281.00000000267755
24/07/2026 11:14:31.074 AM,gcode,gcode_generation,INFO,GCodeGeneratedEvent,stl_path: D:\UFAMeasy_Workspace\UFAMeasy\slice\222456\slice_1\layer_5_scaled.stl | gcode_path: D:\UFAMeasy_Workspace\UFAMeasy\slice\222456\slice_1\layer_5.nc | config_path: D:\UFAMeasy_Workspace\UFAMeasy\slice\222456\slice_1\layer_5.ini | z_offset: 4.0 | duration_ms: 281.00000000267755
24/07/2026 11:14:31.357 AM,gcode,gcode_generation,INFO,GCodeGeneratedEvent,stl_path: D:\UFAMeasy_Workspace\UFAMeasy\slice\222456\slice_1\layer_6_scaled.stl | gcode_path: D:\UFAMeasy_Workspace\UFAMeasy\slice\222456\slice_1\layer_6.nc | config_path: D:\UFAMeasy_Workspace\UFAMeasy\slice\222456\slice_1\layer_6.ini | z_offset: 5.0 | duration_ms: 281.9999999992433
24/07/2026 11:14:31.357 AM,gcode,gcode_generation,INFO,GCodeGeneratedEvent,stl_path: D:\UFAMeasy_Workspace\UFAMeasy\slice\222456\slice_1\layer_6_scaled.stl | gcode_path: D:\UFAMeasy_Workspace\UFAMeasy\slice\222456\slice_1\layer_6.nc | config_path: D:\UFAMeasy_Workspace\UFAMeasy\slice\222456\slice_1\layer_6.ini | z_offset: 5.0 | duration_ms: 281.9999999992433
24/07/2026 11:14:31.639 AM,gcode,gcode_generation,INFO,GCodeGeneratedEvent,stl_path: D:\UFAMeasy_Workspace\UFAMeasy\slice\222456\slice_1\layer_7_scaled.stl | gcode_path: D:\UFAMeasy_Workspace\UFAMeasy\slice\222456\slice_1\layer_7.nc | config_path: D:\UFAMeasy_Workspace\UFAMeasy\slice\222456\slice_1\layer_7.ini | z_offset: 6.0 | duration_ms: 296.0000000020955
24/07/2026 11:14:31.639 AM,gcode,gcode_generation,INFO,GCodeGeneratedEvent,stl_path: D:\UFAMeasy_Workspace\UFAMeasy\slice\222456\slice_1\layer_7_scaled.stl | gcode_path: D:\UFAMeasy_Workspace\UFAMeasy\slice\222456\slice_1\layer_7.nc | config_path: D:\UFAMeasy_Workspace\UFAMeasy\slice\222456\slice_1\layer_7.ini | z_offset: 6.0 | duration_ms: 296.0000000020955
24/07/2026 11:14:31.918 AM,gcode,gcode_generation,INFO,GCodeGeneratedEvent,stl_path: D:\UFAMeasy_Workspace\UFAMeasy\slice\222456\slice_1\layer_8_scaled.stl | gcode_path: D:\UFAMeasy_Workspace\UFAMeasy\slice\222456\slice_1\layer_8.nc | config_path: D:\UFAMeasy_Workspace\UFAMeasy\slice\222456\slice_1\layer_8.ini | z_offset: 7.0 | duration_ms: 265.99999999598367
24/07/2026 11:14:31.918 AM,gcode,gcode_generation,INFO,GCodeGeneratedEvent,stl_path: D:\UFAMeasy_Workspace\UFAMeasy\slice\222456\slice_1\layer_8_scaled.stl | gcode_path: D:\UFAMeasy_Workspace\UFAMeasy\slice\222456\slice_1\layer_8.nc | config_path: D:\UFAMeasy_Workspace\UFAMeasy\slice\222456\slice_1\layer_8.ini | z_offset: 7.0 | duration_ms: 265.99999999598367
24/07/2026 11:14:32.198 AM,gcode,gcode_generation,INFO,GCodeGeneratedEvent,stl_path: D:\UFAMeasy_Workspace\UFAMeasy\slice\222456\slice_1\layer_9_scaled.stl | gcode_path: D:\UFAMeasy_Workspace\UFAMeasy\slice\222456\slice_1\layer_9.nc | config_path: D:\UFAMeasy_Workspace\UFAMeasy\slice\222456\slice_1\layer_9.ini | z_offset: 8.0 | duration_ms: 281.00000000267755
24/07/2026 11:14:32.198 AM,gcode,gcode_generation,INFO,GCodeGeneratedEvent,stl_path: D:\UFAMeasy_Workspace\UFAMeasy\slice\222456\slice_1\layer_9_scaled.stl | gcode_path: D:\UFAMeasy_Workspace\UFAMeasy\slice\222456\slice_1\layer_9.nc | config_path: D:\UFAMeasy_Workspace\UFAMeasy\slice\222456\slice_1\layer_9.ini | z_offset: 8.0 | duration_ms: 281.00000000267755
24/07/2026 11:14:32.465 AM,gcode,gcode_generation,INFO,GCodeGeneratedEvent,stl_path: D:\UFAMeasy_Workspace\UFAMeasy\slice\222456\slice_1\layer_10_scaled.stl | gcode_path: D:\UFAMeasy_Workspace\UFAMeasy\slice\222456\slice_1\layer_10.nc | config_path: D:\UFAMeasy_Workspace\UFAMeasy\slice\222456\slice_1\layer_10.ini | z_offset: 9.0 | duration_ms: 265.99999999598367
24/07/2026 11:14:32.465 AM,gcode,gcode_generation,INFO,GCodeGeneratedEvent,stl_path: D:\UFAMeasy_Workspace\UFAMeasy\slice\222456\slice_1\layer_10_scaled.stl | gcode_path: D:\UFAMeasy_Workspace\UFAMeasy\slice\222456\slice_1\layer_10.nc | config_path: D:\UFAMeasy_Workspace\UFAMeasy\slice\222456\slice_1\layer_10.ini | z_offset: 9.0 | duration_ms: 265.99999999598367
24/07/2026 11:14:32.792 AM,gcode,gcode_generation,INFO,GCodeGeneratedEvent,stl_path: D:\UFAMeasy_Workspace\UFAMeasy\slice\222456\slice_2\layer_1_scaled.stl | gcode_path: D:\UFAMeasy_Workspace\UFAMeasy\slice\222456\slice_2\layer_1.nc | config_path: D:\UFAMeasy_Workspace\UFAMeasy\slice\222456\slice_2\layer_1.ini | z_offset: 10.0 | duration_ms: 280.9999999954016
24/07/2026 11:14:32.792 AM,gcode,gcode_generation,INFO,GCodeGeneratedEvent,stl_path: D:\UFAMeasy_Workspace\UFAMeasy\slice\222456\slice_2\layer_1_scaled.stl | gcode_path: D:\UFAMeasy_Workspace\UFAMeasy\slice\222456\slice_2\layer_1.nc | config_path: D:\UFAMeasy_Workspace\UFAMeasy\slice\222456\slice_2\layer_1.ini | z_offset: 10.0 | duration_ms: 280.9999999954016
24/07/2026 11:14:33.089 AM,gcode,gcode_generation,INFO,GCodeGeneratedEvent,stl_path: D:\UFAMeasy_Workspace\UFAMeasy\slice\222456\slice_2\layer_2_scaled.stl | gcode_path: D:\UFAMeasy_Workspace\UFAMeasy\slice\222456\slice_2\layer_2.nc | config_path: D:\UFAMeasy_Workspace\UFAMeasy\slice\222456\slice_2\layer_2.ini | z_offset: 11.0 | duration_ms: 296.9999999986612
24/07/2026 11:14:33.089 AM,gcode,gcode_generation,INFO,GCodeGeneratedEvent,stl_path: D:\UFAMeasy_Workspace\UFAMeasy\slice\222456\slice_2\layer_2_scaled.stl | gcode_path: D:\UFAMeasy_Workspace\UFAMeasy\slice\222456\slice_2\layer_2.nc | config_path: D:\UFAMeasy_Workspace\UFAMeasy\slice\222456\slice_2\layer_2.ini | z_offset: 11.0 | duration_ms: 296.9999999986612
24/07/2026 11:14:33.490 AM,gcode,gcode_generation,INFO,GCodeGeneratedEvent,stl_path: D:\UFAMeasy_Workspace\UFAMeasy\slice\222456\slice_3\layer_1_scaled.stl | gcode_path: D:\UFAMeasy_Workspace\UFAMeasy\slice\222456\slice_3\layer_1.nc | config_path: D:\UFAMeasy_Workspace\UFAMeasy\slice\222456\slice_3\layer_1.ini | z_offset: 12.0 | duration_ms: 264.9999999994179
24/07/2026 11:14:33.490 AM,gcode,gcode_generation,INFO,GCodeGeneratedEvent,stl_path: D:\UFAMeasy_Workspace\UFAMeasy\slice\222456\slice_3\layer_1_scaled.stl | gcode_path: D:\UFAMeasy_Workspace\UFAMeasy\slice\222456\slice_3\layer_1.nc | config_path: D:\UFAMeasy_Workspace\UFAMeasy\slice\222456\slice_3\layer_1.ini | z_offset: 12.0 | duration_ms: 264.9999999994179
24/07/2026 11:14:33.770 AM,gcode,gcode_generation,INFO,GCodeGeneratedEvent,stl_path: D:\UFAMeasy_Workspace\UFAMeasy\slice\222456\slice_3\layer_2_scaled.stl | gcode_path: D:\UFAMeasy_Workspace\UFAMeasy\slice\222456\slice_3\layer_2.nc | config_path: D:\UFAMeasy_Workspace\UFAMeasy\slice\222456\slice_3\layer_2.ini | z_offset: 13.0 | duration_ms: 281.00000000267755
24/07/2026 11:14:33.770 AM,gcode,gcode_generation,INFO,GCodeGeneratedEvent,stl_path: D:\UFAMeasy_Workspace\UFAMeasy\slice\222456\slice_3\layer_2_scaled.stl | gcode_path: D:\UFAMeasy_Workspace\UFAMeasy\slice\222456\slice_3\layer_2.nc | config_path: D:\UFAMeasy_Workspace\UFAMeasy\slice\222456\slice_3\layer_2.ini | z_offset: 13.0 | duration_ms: 281.00000000267755
24/07/2026 11:14:34.083 AM,gcode,gcode_generation,INFO,GCodeGeneratedEvent,stl_path: D:\UFAMeasy_Workspace\UFAMeasy\slice\222456\slice_3\layer_3_scaled.stl | gcode_path: D:\UFAMeasy_Workspace\UFAMeasy\slice\222456\slice_3\layer_3.nc | config_path: D:\UFAMeasy_Workspace\UFAMeasy\slice\222456\slice_3\layer_3.ini | z_offset: 14.0 | duration_ms: 312.9999999946449
24/07/2026 11:14:34.083 AM,gcode,gcode_generation,INFO,GCodeGeneratedEvent,stl_path: D:\UFAMeasy_Workspace\UFAMeasy\slice\222456\slice_3\layer_3_scaled.stl | gcode_path: D:\UFAMeasy_Workspace\UFAMeasy\slice\222456\slice_3\layer_3.nc | config_path: D:\UFAMeasy_Workspace\UFAMeasy\slice\222456\slice_3\layer_3.ini | z_offset: 14.0 | duration_ms: 312.9999999946449
24/07/2026 11:14:34.412 AM,gcode,gcode_generation,INFO,GCodeGeneratedEvent,stl_path: D:\UFAMeasy_Workspace\UFAMeasy\slice\222456\slice_3\layer_4_scaled.stl | gcode_path: D:\UFAMeasy_Workspace\UFAMeasy\slice\222456\slice_3\layer_4.nc | config_path: D:\UFAMeasy_Workspace\UFAMeasy\slice\222456\slice_3\layer_4.ini | z_offset: 15.0 | duration_ms: 328.0000000013388
24/07/2026 11:14:34.412 AM,gcode,gcode_generation,INFO,GCodeGeneratedEvent,stl_path: D:\UFAMeasy_Workspace\UFAMeasy\slice\222456\slice_3\layer_4_scaled.stl | gcode_path: D:\UFAMeasy_Workspace\UFAMeasy\slice\222456\slice_3\layer_4.nc | config_path: D:\UFAMeasy_Workspace\UFAMeasy\slice\222456\slice_3\layer_4.ini | z_offset: 15.0 | duration_ms: 328.0000000013388
24/07/2026 11:14:34.701 AM,gcode,gcode_generation,INFO,GCodeGeneratedEvent,stl_path: D:\UFAMeasy_Workspace\UFAMeasy\slice\222456\slice_3\layer_5_scaled.stl | gcode_path: D:\UFAMeasy_Workspace\UFAMeasy\slice\222456\slice_3\layer_5.nc | config_path: D:\UFAMeasy_Workspace\UFAMeasy\slice\222456\slice_3\layer_5.ini | z_offset: 16.0 | duration_ms: 281.00000000267755
24/07/2026 11:14:34.701 AM,gcode,gcode_generation,INFO,GCodeGeneratedEvent,stl_path: D:\UFAMeasy_Workspace\UFAMeasy\slice\222456\slice_3\layer_5_scaled.stl | gcode_path: D:\UFAMeasy_Workspace\UFAMeasy\slice\222456\slice_3\layer_5.nc | config_path: D:\UFAMeasy_Workspace\UFAMeasy\slice\222456\slice_3\layer_5.ini | z_offset: 16.0 | duration_ms: 281.00000000267755
24/07/2026 11:14:35.005 AM,gcode,gcode_generation,INFO,GCodeGeneratedEvent,stl_path: D:\UFAMeasy_Workspace\UFAMeasy\slice\222456\slice_3\layer_6_scaled.stl | gcode_path: D:\UFAMeasy_Workspace\UFAMeasy\slice\222456\slice_3\layer_6.nc | config_path: D:\UFAMeasy_Workspace\UFAMeasy\slice\222456\slice_3\layer_6.ini | z_offset: 17.0 | duration_ms: 297.0000000059372
24/07/2026 11:14:35.005 AM,gcode,gcode_generation,INFO,GCodeGeneratedEvent,stl_path: D:\UFAMeasy_Workspace\UFAMeasy\slice\222456\slice_3\layer_6_scaled.stl | gcode_path: D:\UFAMeasy_Workspace\UFAMeasy\slice\222456\slice_3\layer_6.nc | config_path: D:\UFAMeasy_Workspace\UFAMeasy\slice\222456\slice_3\layer_6.ini | z_offset: 17.0 | duration_ms: 297.0000000059372
24/07/2026 11:14:35.287 AM,gcode,gcode_generation,INFO,GCodeGeneratedEvent,stl_path: D:\UFAMeasy_Workspace\UFAMeasy\slice\222456\slice_3\layer_7_scaled.stl | gcode_path: D:\UFAMeasy_Workspace\UFAMeasy\slice\222456\slice_3\layer_7.nc | config_path: D:\UFAMeasy_Workspace\UFAMeasy\slice\222456\slice_3\layer_7.ini | z_offset: 18.0 | duration_ms: 280.9999999954016
24/07/2026 11:14:35.287 AM,gcode,gcode_generation,INFO,GCodeGeneratedEvent,stl_path: D:\UFAMeasy_Workspace\UFAMeasy\slice\222456\slice_3\layer_7_scaled.stl | gcode_path: D:\UFAMeasy_Workspace\UFAMeasy\slice\222456\slice_3\layer_7.nc | config_path: D:\UFAMeasy_Workspace\UFAMeasy\slice\222456\slice_3\layer_7.ini | z_offset: 18.0 | duration_ms: 280.9999999954016
24/07/2026 11:14:35.568 AM,gcode,gcode_generation,INFO,GCodeGeneratedEvent,stl_path: D:\UFAMeasy_Workspace\UFAMeasy\slice\222456\slice_3\layer_8_scaled.stl | gcode_path: D:\UFAMeasy_Workspace\UFAMeasy\slice\222456\slice_3\layer_8.nc | config_path: D:\UFAMeasy_Workspace\UFAMeasy\slice\222456\slice_3\layer_8.ini | z_offset: 19.0 | duration_ms: 281.00000000267755
24/07/2026 11:14:35.568 AM,gcode,gcode_generation,INFO,GCodeGeneratedEvent,stl_path: D:\UFAMeasy_Workspace\UFAMeasy\slice\222456\slice_3\layer_8_scaled.stl | gcode_path: D:\UFAMeasy_Workspace\UFAMeasy\slice\222456\slice_3\layer_8.nc | config_path: D:\UFAMeasy_Workspace\UFAMeasy\slice\222456\slice_3\layer_8.ini | z_offset: 19.0 | duration_ms: 281.00000000267755
24/07/2026 11:14:35.590 AM,session,session_sidecar,INFO,SessionSavedEvent,Saved session 'D:\UFAMeasy_Workspace\UFAMeasy\slice\222456\testing.ufamsession.json' with 3 slices
24/07/2026 11:14:35.590 AM,session,session_sidecar,INFO,SessionSavedEvent,Saved session 'D:\UFAMeasy_Workspace\UFAMeasy\slice\222456\testing.ufamsession.json' with 3 slices
24/07/2026 11:14:36.457 AM,session,session_sidecar,INFO,SessionSavedEvent,Saved session 'D:\UFAMeasy_Workspace\UFAMeasy\slice\222456\testing.ufamsession.json' with 3 slices
24/07/2026 11:14:36.457 AM,session,session_sidecar,INFO,SessionSavedEvent,Saved session 'D:\UFAMeasy_Workspace\UFAMeasy\slice\222456\testing.ufamsession.json' with 3 slices
24/07/2026 11:14:36.459 AM,gcode,gcode_merge,INFO,GCodeMergedEvent,Merged 3 slices into 'D:\UFAMeasy_Workspace\UFAMeasy\slice\222456\combined_print.gcode' (15.999999995983671ms)
24/07/2026 11:14:36.459 AM,gcode,gcode_merge,INFO,GCodeMergedEvent,Merged 3 slices into 'D:\UFAMeasy_Workspace\UFAMeasy\slice\222456\combined_print.gcode' (15.999999995983671ms)
24/07/2026 11:15:00.811 AM,session,session_sidecar,INFO,SessionSavedEvent,Saved session 'D:\UFAMeasy_Workspace\UFAMeasy\slice\222456\testing.ufamsession.json' with 3 slices
24/07/2026 11:15:00.811 AM,session,session_sidecar,INFO,SessionSavedEvent,Saved session 'D:\UFAMeasy_Workspace\UFAMeasy\slice\222456\testing.ufamsession.json' with 3 slices
24/07/2026 11:15:00.814 AM,gcode,gcode_merge,INFO,GCodeMergedEvent,Merged 3 slices into 'D:\UFAMeasy_Workspace\UFAMeasy\slice\222456\combined_print.gcode' (14.999999999417923ms)
24/07/2026 11:15:00.814 AM,gcode,gcode_merge,INFO,GCodeMergedEvent,Merged 3 slices into 'D:\UFAMeasy_Workspace\UFAMeasy\slice\222456\combined_print.gcode' (14.999999999417923ms)
24/07/2026 11:15:11.012 AM,workflow,job_estimator,INFO,JobEstimationEvent,Started estimation for 'D:\UFAMeasy_Workspace\UFAMeasy\slice\222456\slice_1.gcode' (0ms)
24/07/2026 11:15:11.012 AM,workflow,job_estimator,INFO,JobEstimationEvent,Started estimation for 'D:\UFAMeasy_Workspace\UFAMeasy\slice\222456\slice_1.gcode' (0ms)
24/07/2026 11:15:11.027 AM,workflow,job_estimator,INFO,JobEstimationEvent,Completed estimation for 'D:\UFAMeasy_Workspace\UFAMeasy\slice\222456\slice_1.gcode' (16.69889999902807ms)
24/07/2026 11:15:11.027 AM,workflow,job_estimator,INFO,JobEstimationEvent,Completed estimation for 'D:\UFAMeasy_Workspace\UFAMeasy\slice\222456\slice_1.gcode' (16.69889999902807ms)
24/07/2026 11:15:11.028 AM,workflow,job_estimator,INFO,JobEstimationEvent,Started estimation for 'D:\UFAMeasy_Workspace\UFAMeasy\slice\222456\slice_2.gcode' (0ms)
24/07/2026 11:15:11.028 AM,workflow,job_estimator,INFO,JobEstimationEvent,Started estimation for 'D:\UFAMeasy_Workspace\UFAMeasy\slice\222456\slice_2.gcode' (0ms)
24/07/2026 11:15:11.033 AM,workflow,job_estimator,INFO,JobEstimationEvent,Completed estimation for 'D:\UFAMeasy_Workspace\UFAMeasy\slice\222456\slice_2.gcode' (4.042299995489884ms)
24/07/2026 11:15:11.033 AM,workflow,job_estimator,INFO,JobEstimationEvent,Completed estimation for 'D:\UFAMeasy_Workspace\UFAMeasy\slice\222456\slice_2.gcode' (4.042299995489884ms)
24/07/2026 11:15:11.033 AM,workflow,job_estimator,INFO,JobEstimationEvent,Started estimation for 'D:\UFAMeasy_Workspace\UFAMeasy\slice\222456\slice_3.gcode' (0ms)
24/07/2026 11:15:11.033 AM,workflow,job_estimator,INFO,JobEstimationEvent,Started estimation for 'D:\UFAMeasy_Workspace\UFAMeasy\slice\222456\slice_3.gcode' (0ms)
24/07/2026 11:15:11.045 AM,workflow,job_estimator,INFO,JobEstimationEvent,Completed estimation for 'D:\UFAMeasy_Workspace\UFAMeasy\slice\222456\slice_3.gcode' (13.19550000334857ms)
24/07/2026 11:15:11.045 AM,workflow,job_estimator,INFO,JobEstimationEvent,Completed estimation for 'D:\UFAMeasy_Workspace\UFAMeasy\slice\222456\slice_3.gcode' (13.19550000334857ms)
24/07/2026 11:15:11.046 AM,workflow,job_estimator,INFO,JobEstimationEvent,Started estimation for 'D:\UFAMeasy_Workspace\UFAMeasy\slice\222456\combined_print.gcode' (0ms)
24/07/2026 11:15:11.046 AM,workflow,job_estimator,INFO,JobEstimationEvent,Started estimation for 'D:\UFAMeasy_Workspace\UFAMeasy\slice\222456\combined_print.gcode' (0ms)
24/07/2026 11:15:11.078 AM,workflow,job_estimator,INFO,JobEstimationEvent,Completed estimation for 'D:\UFAMeasy_Workspace\UFAMeasy\slice\222456\combined_print.gcode' (32.33860000182176ms)
24/07/2026 11:15:11.078 AM,workflow,job_estimator,INFO,JobEstimationEvent,Completed estimation for 'D:\UFAMeasy_Workspace\UFAMeasy\slice\222456\combined_print.gcode' (32.33860000182176ms)
24/07/2026 11:15:31.322 AM,workflow,job_estimator,INFO,JobEstimationEvent,Started estimation for 'D:\UFAMeasy_Workspace\UFAMeasy\slice\222456\combined_print.gcode' (0ms)
24/07/2026 11:15:31.322 AM,workflow,job_estimator,INFO,JobEstimationEvent,Started estimation for 'D:\UFAMeasy_Workspace\UFAMeasy\slice\222456\combined_print.gcode' (0ms)
24/07/2026 11:15:31.355 AM,workflow,job_estimator,INFO,JobEstimationEvent,Completed estimation for 'D:\UFAMeasy_Workspace\UFAMeasy\slice\222456\combined_print.gcode' (32.441200004541315ms)
24/07/2026 11:15:31.355 AM,workflow,job_estimator,INFO,JobEstimationEvent,Completed estimation for 'D:\UFAMeasy_Workspace\UFAMeasy\slice\222456\combined_print.gcode' (32.441200004541315ms)
24/07/2026 11:16:15.141 AM,workflow,job_estimator,INFO,JobEstimationEvent,Started estimation for 'D:\UFAMeasy_Workspace\UFAMeasy\slice\222456\slice_1.gcode' (0ms)
24/07/2026 11:16:15.141 AM,workflow,job_estimator,INFO,JobEstimationEvent,Started estimation for 'D:\UFAMeasy_Workspace\UFAMeasy\slice\222456\slice_1.gcode' (0ms)
24/07/2026 11:16:15.159 AM,workflow,job_estimator,INFO,JobEstimationEvent,Completed estimation for 'D:\UFAMeasy_Workspace\UFAMeasy\slice\222456\slice_1.gcode' (18.246799998451024ms)
24/07/2026 11:16:15.159 AM,workflow,job_estimator,INFO,JobEstimationEvent,Completed estimation for 'D:\UFAMeasy_Workspace\UFAMeasy\slice\222456\slice_1.gcode' (18.246799998451024ms)
24/07/2026 11:16:15.159 AM,workflow,job_estimator,INFO,JobEstimationEvent,Started estimation for 'D:\UFAMeasy_Workspace\UFAMeasy\slice\222456\slice_2.gcode' (0ms)
24/07/2026 11:16:15.159 AM,workflow,job_estimator,INFO,JobEstimationEvent,Started estimation for 'D:\UFAMeasy_Workspace\UFAMeasy\slice\222456\slice_2.gcode' (0ms)
24/07/2026 11:16:15.165 AM,workflow,job_estimator,INFO,JobEstimationEvent,Completed estimation for 'D:\UFAMeasy_Workspace\UFAMeasy\slice\222456\slice_2.gcode' (4.598500003339723ms)
24/07/2026 11:16:15.165 AM,workflow,job_estimator,INFO,JobEstimationEvent,Completed estimation for 'D:\UFAMeasy_Workspace\UFAMeasy\slice\222456\slice_2.gcode' (4.598500003339723ms)
24/07/2026 11:16:15.165 AM,workflow,job_estimator,INFO,JobEstimationEvent,Started estimation for 'D:\UFAMeasy_Workspace\UFAMeasy\slice\222456\slice_3.gcode' (0ms)
24/07/2026 11:16:15.165 AM,workflow,job_estimator,INFO,JobEstimationEvent,Started estimation for 'D:\UFAMeasy_Workspace\UFAMeasy\slice\222456\slice_3.gcode' (0ms)
24/07/2026 11:16:15.180 AM,workflow,job_estimator,INFO,JobEstimationEvent,Completed estimation for 'D:\UFAMeasy_Workspace\UFAMeasy\slice\222456\slice_3.gcode' (15.70709999941755ms)
24/07/2026 11:16:15.180 AM,workflow,job_estimator,INFO,JobEstimationEvent,Completed estimation for 'D:\UFAMeasy_Workspace\UFAMeasy\slice\222456\slice_3.gcode' (15.70709999941755ms)
24/07/2026 11:16:15.180 AM,workflow,job_estimator,INFO,JobEstimationEvent,Started estimation for 'D:\UFAMeasy_Workspace\UFAMeasy\slice\222456\combined_print.gcode' (0ms)
24/07/2026 11:16:15.180 AM,workflow,job_estimator,INFO,JobEstimationEvent,Started estimation for 'D:\UFAMeasy_Workspace\UFAMeasy\slice\222456\combined_print.gcode' (0ms)
24/07/2026 11:16:15.213 AM,workflow,job_estimator,INFO,JobEstimationEvent,Completed estimation for 'D:\UFAMeasy_Workspace\UFAMeasy\slice\222456\combined_print.gcode' (32.38730000157375ms)
24/07/2026 11:16:15.213 AM,workflow,job_estimator,INFO,JobEstimationEvent,Completed estimation for 'D:\UFAMeasy_Workspace\UFAMeasy\slice\222456\combined_print.gcode' (32.38730000157375ms)
24/07/2026 06:04:20.597 PM,workflow,slicing,INFO,SliceStartedEvent,slice_index: 1 | output_path: D:\UFAMeasy_Workspace\UFAMeasy\slice\259786 | plane_count: 4
24/07/2026 06:04:20.617 PM,workflow,slicing,INFO,SliceCompletedEvent,slice_index: 1 | filename: slice_1.stl | output_path: D:\UFAMeasy_Workspace\UFAMeasy\slice\259786 | z_offset: 0.0 | center_x: 10.0 | center_y: 10.0 | duration_ms: 14.999999999417923
24/07/2026 06:04:20.637 PM,workflow,slicing,INFO,SliceStartedEvent,slice_index: 2 | output_path: D:\UFAMeasy_Workspace\UFAMeasy\slice\259786 | plane_count: 4
24/07/2026 06:04:20.641 PM,workflow,slicing,INFO,SliceCompletedEvent,slice_index: 2 | filename: slice_2.stl | output_path: D:\UFAMeasy_Workspace\UFAMeasy\slice\259786 | z_offset: 4.0 | center_x: 10.0 | center_y: 10.0 | duration_ms: 14.999999999417923
24/07/2026 06:04:20.661 PM,workflow,slicing,INFO,SliceStartedEvent,slice_index: 3 | output_path: D:\UFAMeasy_Workspace\UFAMeasy\slice\259786 | plane_count: 4
24/07/2026 06:04:20.665 PM,workflow,slicing,INFO,SliceCompletedEvent,slice_index: 3 | filename: slice_3.stl | output_path: D:\UFAMeasy_Workspace\UFAMeasy\slice\259786 | z_offset: 9.0 | center_x: 10.0 | center_y: 10.0 | duration_ms: 0.0
24/07/2026 06:04:20.684 PM,workflow,slicing,INFO,SliceStartedEvent,slice_index: 4 | output_path: D:\UFAMeasy_Workspace\UFAMeasy\slice\259786 | plane_count: 4
24/07/2026 06:04:20.688 PM,workflow,slicing,INFO,SliceCompletedEvent,slice_index: 4 | filename: slice_4.stl | output_path: D:\UFAMeasy_Workspace\UFAMeasy\slice\259786 | z_offset: 14.0 | center_x: 10.0 | center_y: 10.0 | duration_ms: 14.999999999417923
24/07/2026 06:04:20.694 PM,workflow,slicing,INFO,SliceStartedEvent,slice_index: 5 | output_path: D:\UFAMeasy_Workspace\UFAMeasy\slice\259786 | plane_count: 4
24/07/2026 06:04:20.704 PM,workflow,slicing,INFO,SliceCompletedEvent,slice_index: 5 | filename: slice_5.stl | output_path: D:\UFAMeasy_Workspace\UFAMeasy\slice\259786 | z_offset: 18.0 | center_x: 10.0 | center_y: 10.0 | duration_ms: 16.00000000325963
24/07/2026 06:04:21.748 PM,session,session_sidecar,INFO,SessionSavedEvent,Saved session 'D:\UFAMeasy_Workspace\UFAMeasy\slice\259786\247.ufamsession.json' with 5 slices
24/07/2026 06:04:36.421 PM,session,document,INFO,FileEvent,Document Closed | Path: D:/UFAMeasy_Workspace/UFAMeasy/slice/259786/247.FCStd | Name: Unnamed
24/07/2026 06:05:06.381 PM,workflow,geometry,INFO,ShapeChangedEvent,"Created Box (Label: 'Box') [a=20.0, b=20.0, c=20.0]"
24/07/2026 06:05:23.986 PM,session,document,INFO,FileEvent,Document Saved | Path: D:/UFAMeasy_Workspace/UFAMeasy/slice/789456/2368.FCStd
24/07/2026 06:05:23.986 PM,session,persistence,INFO,SessionSavedEvent,Saved session 'D:/UFAMeasy_Workspace/UFAMeasy/slice/789456/2368.FCStd' with 0 slices
24/07/2026 06:05:44.540 PM,workflow,slicing,INFO,SliceStartedEvent,slice_index: 1 | output_path: D:\UFAMeasy_Workspace\UFAMeasy\slice\789456 | plane_count: 4
24/07/2026 06:05:44.574 PM,workflow,slicing,INFO,SliceCompletedEvent,slice_index: 1 | filename: slice_1.stl | output_path: D:\UFAMeasy_Workspace\UFAMeasy\slice\789456 | z_offset: 0.0 | center_x: 10.0 | center_y: 10.0 | duration_ms: 30.999999988125637
24/07/2026 06:05:44.593 PM,workflow,slicing,INFO,SliceStartedEvent,slice_index: 2 | output_path: D:\UFAMeasy_Workspace\UFAMeasy\slice\789456 | plane_count: 4
24/07/2026 06:05:44.597 PM,workflow,slicing,INFO,SliceCompletedEvent,slice_index: 2 | filename: slice_2.stl | output_path: D:\UFAMeasy_Workspace\UFAMeasy\slice\789456 | z_offset: 4.0 | center_x: 10.0 | center_y: 10.0 | duration_ms: 0.0
24/07/2026 06:05:44.614 PM,workflow,slicing,INFO,SliceStartedEvent,slice_index: 3 | output_path: D:\UFAMeasy_Workspace\UFAMeasy\slice\789456 | plane_count: 4
24/07/2026 06:05:44.619 PM,workflow,slicing,INFO,SliceCompletedEvent,slice_index: 3 | filename: slice_3.stl | output_path: D:\UFAMeasy_Workspace\UFAMeasy\slice\789456 | z_offset: 8.0 | center_x: 10.0 | center_y: 10.0 | duration_ms: 0.0
24/07/2026 06:05:44.638 PM,workflow,slicing,INFO,SliceStartedEvent,slice_index: 4 | output_path: D:\UFAMeasy_Workspace\UFAMeasy\slice\789456 | plane_count: 4
24/07/2026 06:05:44.643 PM,workflow,slicing,INFO,SliceCompletedEvent,slice_index: 4 | filename: slice_4.stl | output_path: D:\UFAMeasy_Workspace\UFAMeasy\slice\789456 | z_offset: 13.0 | center_x: 10.0 | center_y: 10.0 | duration_ms: 14.999999999417923
24/07/2026 06:05:44.650 PM,workflow,slicing,INFO,SliceStartedEvent,slice_index: 5 | output_path: D:\UFAMeasy_Workspace\UFAMeasy\slice\789456 | plane_count: 4
24/07/2026 06:05:44.660 PM,workflow,slicing,INFO,SliceCompletedEvent,slice_index: 5 | filename: slice_5.stl | output_path: D:\UFAMeasy_Workspace\UFAMeasy\slice\789456 | z_offset: 17.0 | center_x: 10.0 | center_y: 10.0 | duration_ms: 16.00000000325963
24/07/2026 06:05:45.698 PM,session,session_sidecar,INFO,SessionSavedEvent,Saved session 'D:\UFAMeasy_Workspace\UFAMeasy\slice\789456\2368.ufamsession.json' with 5 slices
24/07/2026 06:07:48.535 PM,session,document,INFO,FileEvent,Document Closed | Path: D:/UFAMeasy_Workspace/UFAMeasy/slice/789456/2368.FCStd | Name: Unnamed
24/07/2026 06:08:06.448 PM,workflow,geometry,INFO,ShapeChangedEvent,"Created Box (Label: 'Box') [a=20.0, b=20.0, c=20.0]"
24/07/2026 06:08:06.448 PM,workflow,geometry,INFO,ShapeChangedEvent,"Created Box (Label: 'Box') [a=20.0, b=20.0, c=20.0]"
24/07/2026 06:08:25.915 PM,session,document,INFO,FileEvent,Document Saved | Path: D:/UFAMeasy_Workspace/UFAMeasy/slice/7777/lava.FCStd
24/07/2026 06:08:25.915 PM,session,document,INFO,FileEvent,Document Saved | Path: D:/UFAMeasy_Workspace/UFAMeasy/slice/7777/lava.FCStd
24/07/2026 06:08:25.915 PM,session,persistence,INFO,SessionSavedEvent,Saved session 'D:/UFAMeasy_Workspace/UFAMeasy/slice/7777/lava.FCStd' with 0 slices
24/07/2026 06:08:25.915 PM,session,persistence,INFO,SessionSavedEvent,Saved session 'D:/UFAMeasy_Workspace/UFAMeasy/slice/7777/lava.FCStd' with 0 slices
24/07/2026 06:08:53.944 PM,workflow,slicing,INFO,SliceStartedEvent,slice_index: 1 | output_path: D:\UFAMeasy_Workspace\UFAMeasy\slice\7777 | plane_count: 5
24/07/2026 06:08:53.944 PM,workflow,slicing,INFO,SliceStartedEvent,slice_index: 1 | output_path: D:\UFAMeasy_Workspace\UFAMeasy\slice\7777 | plane_count: 5
24/07/2026 06:08:53.988 PM,workflow,slicing,INFO,SliceCompletedEvent,slice_index: 1 | filename: slice_1.stl | output_path: D:\UFAMeasy_Workspace\UFAMeasy\slice\7777 | z_offset: 0.0 | center_x: 10.0 | center_y: 10.0 | duration_ms: 47.00000000593718
24/07/2026 06:08:53.988 PM,workflow,slicing,INFO,SliceCompletedEvent,slice_index: 1 | filename: slice_1.stl | output_path: D:\UFAMeasy_Workspace\UFAMeasy\slice\7777 | z_offset: 0.0 | center_x: 10.0 | center_y: 10.0 | duration_ms: 47.00000000593718
24/07/2026 06:08:54.006 PM,workflow,slicing,INFO,SliceStartedEvent,slice_index: 2 | output_path: D:\UFAMeasy_Workspace\UFAMeasy\slice\7777 | plane_count: 5
24/07/2026 06:08:54.006 PM,workflow,slicing,INFO,SliceStartedEvent,slice_index: 2 | output_path: D:\UFAMeasy_Workspace\UFAMeasy\slice\7777 | plane_count: 5
24/07/2026 06:08:54.010 PM,workflow,slicing,INFO,SliceCompletedEvent,slice_index: 2 | filename: slice_2.stl | output_path: D:\UFAMeasy_Workspace\UFAMeasy\slice\7777 | z_offset: 4.0 | center_x: 10.0 | center_y: 10.0 | duration_ms: 0.0
24/07/2026 06:08:54.010 PM,workflow,slicing,INFO,SliceCompletedEvent,slice_index: 2 | filename: slice_2.stl | output_path: D:\UFAMeasy_Workspace\UFAMeasy\slice\7777 | z_offset: 4.0 | center_x: 10.0 | center_y: 10.0 | duration_ms: 0.0
24/07/2026 06:08:54.029 PM,workflow,slicing,INFO,SliceStartedEvent,slice_index: 3 | output_path: D:\UFAMeasy_Workspace\UFAMeasy\slice\7777 | plane_count: 5
24/07/2026 06:08:54.029 PM,workflow,slicing,INFO,SliceStartedEvent,slice_index: 3 | output_path: D:\UFAMeasy_Workspace\UFAMeasy\slice\7777 | plane_count: 5
24/07/2026 06:08:54.033 PM,workflow,slicing,INFO,SliceCompletedEvent,slice_index: 3 | filename: slice_3.stl | output_path: D:\UFAMeasy_Workspace\UFAMeasy\slice\7777 | z_offset: 5.0 | center_x: 10.0 | center_y: 10.0 | duration_ms: 16.00000000325963
24/07/2026 06:08:54.033 PM,workflow,slicing,INFO,SliceCompletedEvent,slice_index: 3 | filename: slice_3.stl | output_path: D:\UFAMeasy_Workspace\UFAMeasy\slice\7777 | z_offset: 5.0 | center_x: 10.0 | center_y: 10.0 | duration_ms: 16.00000000325963
24/07/2026 06:08:54.054 PM,workflow,slicing,INFO,SliceStartedEvent,slice_index: 4 | output_path: D:\UFAMeasy_Workspace\UFAMeasy\slice\7777 | plane_count: 5
24/07/2026 06:08:54.054 PM,workflow,slicing,INFO,SliceStartedEvent,slice_index: 4 | output_path: D:\UFAMeasy_Workspace\UFAMeasy\slice\7777 | plane_count: 5
24/07/2026 06:08:54.057 PM,workflow,slicing,INFO,SliceCompletedEvent,slice_index: 4 | filename: slice_4.stl | output_path: D:\UFAMeasy_Workspace\UFAMeasy\slice\7777 | z_offset: 7.0 | center_x: 10.0 | center_y: 10.0 | duration_ms: 0.0
24/07/2026 06:08:54.057 PM,workflow,slicing,INFO,SliceCompletedEvent,slice_index: 4 | filename: slice_4.stl | output_path: D:\UFAMeasy_Workspace\UFAMeasy\slice\7777 | z_offset: 7.0 | center_x: 10.0 | center_y: 10.0 | duration_ms: 0.0
24/07/2026 06:08:54.076 PM,workflow,slicing,INFO,SliceStartedEvent,slice_index: 5 | output_path: D:\UFAMeasy_Workspace\UFAMeasy\slice\7777 | plane_count: 5
24/07/2026 06:08:54.076 PM,workflow,slicing,INFO,SliceStartedEvent,slice_index: 5 | output_path: D:\UFAMeasy_Workspace\UFAMeasy\slice\7777 | plane_count: 5
24/07/2026 06:08:54.081 PM,workflow,slicing,INFO,SliceCompletedEvent,slice_index: 5 | filename: slice_5.stl | output_path: D:\UFAMeasy_Workspace\UFAMeasy\slice\7777 | z_offset: 12.0 | center_x: 10.0 | center_y: 10.0 | duration_ms: 0.0
24/07/2026 06:08:54.081 PM,workflow,slicing,INFO,SliceCompletedEvent,slice_index: 5 | filename: slice_5.stl | output_path: D:\UFAMeasy_Workspace\UFAMeasy\slice\7777 | z_offset: 12.0 | center_x: 10.0 | center_y: 10.0 | duration_ms: 0.0
24/07/2026 06:08:54.088 PM,workflow,slicing,INFO,SliceStartedEvent,slice_index: 6 | output_path: D:\UFAMeasy_Workspace\UFAMeasy\slice\7777 | plane_count: 5
24/07/2026 06:08:54.088 PM,workflow,slicing,INFO,SliceStartedEvent,slice_index: 6 | output_path: D:\UFAMeasy_Workspace\UFAMeasy\slice\7777 | plane_count: 5
24/07/2026 06:08:54.098 PM,workflow,slicing,INFO,SliceCompletedEvent,slice_index: 6 | filename: slice_6.stl | output_path: D:\UFAMeasy_Workspace\UFAMeasy\slice\7777 | z_offset: 15.0 | center_x: 10.0 | center_y: 10.0 | duration_ms: 16.00000000325963
24/07/2026 06:08:54.098 PM,workflow,slicing,INFO,SliceCompletedEvent,slice_index: 6 | filename: slice_6.stl | output_path: D:\UFAMeasy_Workspace\UFAMeasy\slice\7777 | z_offset: 15.0 | center_x: 10.0 | center_y: 10.0 | duration_ms: 16.00000000325963
24/07/2026 06:08:55.155 PM,session,session_sidecar,INFO,SessionSavedEvent,Saved session 'D:\UFAMeasy_Workspace\UFAMeasy\slice\7777\lava.ufamsession.json' with 6 slices
24/07/2026 06:08:55.155 PM,session,session_sidecar,INFO,SessionSavedEvent,Saved session 'D:\UFAMeasy_Workspace\UFAMeasy\slice\7777\lava.ufamsession.json' with 6 slices
24/07/2026 06:14:13.590 PM,gcode,gcode_generation,INFO,GCodeGeneratedEvent,stl_path: D:\UFAMeasy_Workspace\UFAMeasy\slice\7777\slice_1\layer_1_scaled.stl | gcode_path: D:\UFAMeasy_Workspace\UFAMeasy\slice\7777\slice_1\layer_1.nc | config_path: D:\UFAMeasy_Workspace\UFAMeasy\slice\7777\slice_1\layer_1.ini | z_offset: 0.0 | duration_ms: 343.99999999732245
24/07/2026 06:14:13.590 PM,gcode,gcode_generation,INFO,GCodeGeneratedEvent,stl_path: D:\UFAMeasy_Workspace\UFAMeasy\slice\7777\slice_1\layer_1_scaled.stl | gcode_path: D:\UFAMeasy_Workspace\UFAMeasy\slice\7777\slice_1\layer_1.nc | config_path: D:\UFAMeasy_Workspace\UFAMeasy\slice\7777\slice_1\layer_1.ini | z_offset: 0.0 | duration_ms: 343.99999999732245
24/07/2026 06:14:13.853 PM,gcode,gcode_generation,INFO,GCodeGeneratedEvent,stl_path: D:\UFAMeasy_Workspace\UFAMeasy\slice\7777\slice_1\layer_2_scaled.stl | gcode_path: D:\UFAMeasy_Workspace\UFAMeasy\slice\7777\slice_1\layer_2.nc | config_path: D:\UFAMeasy_Workspace\UFAMeasy\slice\7777\slice_1\layer_2.ini | z_offset: 1.0 | duration_ms: 266.00000000325963
24/07/2026 06:14:13.853 PM,gcode,gcode_generation,INFO,GCodeGeneratedEvent,stl_path: D:\UFAMeasy_Workspace\UFAMeasy\slice\7777\slice_1\layer_2_scaled.stl | gcode_path: D:\UFAMeasy_Workspace\UFAMeasy\slice\7777\slice_1\layer_2.nc | config_path: D:\UFAMeasy_Workspace\UFAMeasy\slice\7777\slice_1\layer_2.ini | z_offset: 1.0 | duration_ms: 266.00000000325963
24/07/2026 06:14:14.136 PM,gcode,gcode_generation,INFO,GCodeGeneratedEvent,stl_path: D:\UFAMeasy_Workspace\UFAMeasy\slice\7777\slice_1\layer_3_scaled.stl | gcode_path: D:\UFAMeasy_Workspace\UFAMeasy\slice\7777\slice_1\layer_3.nc | config_path: D:\UFAMeasy_Workspace\UFAMeasy\slice\7777\slice_1\layer_3.ini | z_offset: 2.0 | duration_ms: 281.00000000267755
24/07/2026 06:14:14.136 PM,gcode,gcode_generation,INFO,GCodeGeneratedEvent,stl_path: D:\UFAMeasy_Workspace\UFAMeasy\slice\7777\slice_1\layer_3_scaled.stl | gcode_path: D:\UFAMeasy_Workspace\UFAMeasy\slice\7777\slice_1\layer_3.nc | config_path: D:\UFAMeasy_Workspace\UFAMeasy\slice\7777\slice_1\layer_3.ini | z_offset: 2.0 | duration_ms: 281.00000000267755
24/07/2026 06:14:14.419 PM,gcode,gcode_generation,INFO,GCodeGeneratedEvent,stl_path: D:\UFAMeasy_Workspace\UFAMeasy\slice\7777\slice_1\layer_4_scaled.stl | gcode_path: D:\UFAMeasy_Workspace\UFAMeasy\slice\7777\slice_1\layer_4.nc | config_path: D:\UFAMeasy_Workspace\UFAMeasy\slice\7777\slice_1\layer_4.ini | z_offset: 3.0 | duration_ms: 281.00000000267755
24/07/2026 06:14:14.419 PM,gcode,gcode_generation,INFO,GCodeGeneratedEvent,stl_path: D:\UFAMeasy_Workspace\UFAMeasy\slice\7777\slice_1\layer_4_scaled.stl | gcode_path: D:\UFAMeasy_Workspace\UFAMeasy\slice\7777\slice_1\layer_4.nc | config_path: D:\UFAMeasy_Workspace\UFAMeasy\slice\7777\slice_1\layer_4.ini | z_offset: 3.0 | duration_ms: 281.00000000267755
24/07/2026 06:14:14.699 PM,gcode,gcode_generation,INFO,GCodeGeneratedEvent,stl_path: D:\UFAMeasy_Workspace\UFAMeasy\slice\7777\slice_2\layer_1_scaled.stl | gcode_path: D:\UFAMeasy_Workspace\UFAMeasy\slice\7777\slice_2\layer_1.nc | config_path: D:\UFAMeasy_Workspace\UFAMeasy\slice\7777\slice_2\layer_1.ini | z_offset: 4.0 | duration_ms: 250.0
24/07/2026 06:14:14.699 PM,gcode,gcode_generation,INFO,GCodeGeneratedEvent,stl_path: D:\UFAMeasy_Workspace\UFAMeasy\slice\7777\slice_2\layer_1_scaled.stl | gcode_path: D:\UFAMeasy_Workspace\UFAMeasy\slice\7777\slice_2\layer_1.nc | config_path: D:\UFAMeasy_Workspace\UFAMeasy\slice\7777\slice_2\layer_1.ini | z_offset: 4.0 | duration_ms: 250.0
24/07/2026 06:14:15.042 PM,gcode,gcode_generation,INFO,GCodeGeneratedEvent,stl_path: D:\UFAMeasy_Workspace\UFAMeasy\slice\7777\slice_3\layer_1_scaled.stl | gcode_path: D:\UFAMeasy_Workspace\UFAMeasy\slice\7777\slice_3\layer_1.nc | config_path: D:\UFAMeasy_Workspace\UFAMeasy\slice\7777\slice_3\layer_1.ini | z_offset: 5.0 | duration_ms: 297.0000000059372
24/07/2026 06:14:15.042 PM,gcode,gcode_generation,INFO,GCodeGeneratedEvent,stl_path: D:\UFAMeasy_Workspace\UFAMeasy\slice\7777\slice_3\layer_1_scaled.stl | gcode_path: D:\UFAMeasy_Workspace\UFAMeasy\slice\7777\slice_3\layer_1.nc | config_path: D:\UFAMeasy_Workspace\UFAMeasy\slice\7777\slice_3\layer_1.ini | z_offset: 5.0 | duration_ms: 297.0000000059372
24/07/2026 06:14:15.327 PM,gcode,gcode_generation,INFO,GCodeGeneratedEvent,stl_path: D:\UFAMeasy_Workspace\UFAMeasy\slice\7777\slice_3\layer_2_scaled.stl | gcode_path: D:\UFAMeasy_Workspace\UFAMeasy\slice\7777\slice_3\layer_2.nc | config_path: D:\UFAMeasy_Workspace\UFAMeasy\slice\7777\slice_3\layer_2.ini | z_offset: 6.0 | duration_ms: 296.99999999138527
24/07/2026 06:14:15.327 PM,gcode,gcode_generation,INFO,GCodeGeneratedEvent,stl_path: D:\UFAMeasy_Workspace\UFAMeasy\slice\7777\slice_3\layer_2_scaled.stl | gcode_path: D:\UFAMeasy_Workspace\UFAMeasy\slice\7777\slice_3\layer_2.nc | config_path: D:\UFAMeasy_Workspace\UFAMeasy\slice\7777\slice_3\layer_2.ini | z_offset: 6.0 | duration_ms: 296.99999999138527
24/07/2026 06:14:15.685 PM,gcode,gcode_generation,INFO,GCodeGeneratedEvent,stl_path: D:\UFAMeasy_Workspace\UFAMeasy\slice\7777\slice_4\layer_1_scaled.stl | gcode_path: D:\UFAMeasy_Workspace\UFAMeasy\slice\7777\slice_4\layer_1.nc | config_path: D:\UFAMeasy_Workspace\UFAMeasy\slice\7777\slice_4\layer_1.ini | z_offset: 7.0 | duration_ms: 265.9999999887077
24/07/2026 06:14:15.685 PM,gcode,gcode_generation,INFO,GCodeGeneratedEvent,stl_path: D:\UFAMeasy_Workspace\UFAMeasy\slice\7777\slice_4\layer_1_scaled.stl | gcode_path: D:\UFAMeasy_Workspace\UFAMeasy\slice\7777\slice_4\layer_1.nc | config_path: D:\UFAMeasy_Workspace\UFAMeasy\slice\7777\slice_4\layer_1.ini | z_offset: 7.0 | duration_ms: 265.9999999887077
24/07/2026 06:14:15.938 PM,gcode,gcode_generation,INFO,GCodeGeneratedEvent,stl_path: D:\UFAMeasy_Workspace\UFAMeasy\slice\7777\slice_4\layer_2_scaled.stl | gcode_path: D:\UFAMeasy_Workspace\UFAMeasy\slice\7777\slice_4\layer_2.nc | config_path: D:\UFAMeasy_Workspace\UFAMeasy\slice\7777\slice_4\layer_2.ini | z_offset: 8.0 | duration_ms: 264.9999999994179
24/07/2026 06:14:15.938 PM,gcode,gcode_generation,INFO,GCodeGeneratedEvent,stl_path: D:\UFAMeasy_Workspace\UFAMeasy\slice\7777\slice_4\layer_2_scaled.stl | gcode_path: D:\UFAMeasy_Workspace\UFAMeasy\slice\7777\slice_4\layer_2.nc | config_path: D:\UFAMeasy_Workspace\UFAMeasy\slice\7777\slice_4\layer_2.ini | z_offset: 8.0 | duration_ms: 264.9999999994179
24/07/2026 06:14:16.202 PM,gcode,gcode_generation,INFO,GCodeGeneratedEvent,stl_path: D:\UFAMeasy_Workspace\UFAMeasy\slice\7777\slice_4\layer_3_scaled.stl | gcode_path: D:\UFAMeasy_Workspace\UFAMeasy\slice\7777\slice_4\layer_3.nc | config_path: D:\UFAMeasy_Workspace\UFAMeasy\slice\7777\slice_4\layer_3.ini | z_offset: 9.0 | duration_ms: 266.00000000325963
24/07/2026 06:14:16.202 PM,gcode,gcode_generation,INFO,GCodeGeneratedEvent,stl_path: D:\UFAMeasy_Workspace\UFAMeasy\slice\7777\slice_4\layer_3_scaled.stl | gcode_path: D:\UFAMeasy_Workspace\UFAMeasy\slice\7777\slice_4\layer_3.nc | config_path: D:\UFAMeasy_Workspace\UFAMeasy\slice\7777\slice_4\layer_3.ini | z_offset: 9.0 | duration_ms: 266.00000000325963
24/07/2026 06:14:16.467 PM,gcode,gcode_generation,INFO,GCodeGeneratedEvent,stl_path: D:\UFAMeasy_Workspace\UFAMeasy\slice\7777\slice_4\layer_4_scaled.stl | gcode_path: D:\UFAMeasy_Workspace\UFAMeasy\slice\7777\slice_4\layer_4.nc | config_path: D:\UFAMeasy_Workspace\UFAMeasy\slice\7777\slice_4\layer_4.ini | z_offset: 10.0 | duration_ms: 266.00000000325963
24/07/2026 06:14:16.467 PM,gcode,gcode_generation,INFO,GCodeGeneratedEvent,stl_path: D:\UFAMeasy_Workspace\UFAMeasy\slice\7777\slice_4\layer_4_scaled.stl | gcode_path: D:\UFAMeasy_Workspace\UFAMeasy\slice\7777\slice_4\layer_4.nc | config_path: D:\UFAMeasy_Workspace\UFAMeasy\slice\7777\slice_4\layer_4.ini | z_offset: 10.0 | duration_ms: 266.00000000325963
24/07/2026 06:14:16.729 PM,gcode,gcode_generation,INFO,GCodeGeneratedEvent,stl_path: D:\UFAMeasy_Workspace\UFAMeasy\slice\7777\slice_4\layer_5_scaled.stl | gcode_path: D:\UFAMeasy_Workspace\UFAMeasy\slice\7777\slice_4\layer_5.nc | config_path: D:\UFAMeasy_Workspace\UFAMeasy\slice\7777\slice_4\layer_5.ini | z_offset: 11.0 | duration_ms: 250.0
24/07/2026 06:14:16.729 PM,gcode,gcode_generation,INFO,GCodeGeneratedEvent,stl_path: D:\UFAMeasy_Workspace\UFAMeasy\slice\7777\slice_4\layer_5_scaled.stl | gcode_path: D:\UFAMeasy_Workspace\UFAMeasy\slice\7777\slice_4\layer_5.nc | config_path: D:\UFAMeasy_Workspace\UFAMeasy\slice\7777\slice_4\layer_5.ini | z_offset: 11.0 | duration_ms: 250.0
24/07/2026 06:14:17.057 PM,gcode,gcode_generation,INFO,GCodeGeneratedEvent,stl_path: D:\UFAMeasy_Workspace\UFAMeasy\slice\7777\slice_5\layer_1_scaled.stl | gcode_path: D:\UFAMeasy_Workspace\UFAMeasy\slice\7777\slice_5\layer_1.nc | config_path: D:\UFAMeasy_Workspace\UFAMeasy\slice\7777\slice_5\layer_1.ini | z_offset: 12.0 | duration_ms: 281.99999999196734
24/07/2026 06:14:17.057 PM,gcode,gcode_generation,INFO,GCodeGeneratedEvent,stl_path: D:\UFAMeasy_Workspace\UFAMeasy\slice\7777\slice_5\layer_1_scaled.stl | gcode_path: D:\UFAMeasy_Workspace\UFAMeasy\slice\7777\slice_5\layer_1.nc | config_path: D:\UFAMeasy_Workspace\UFAMeasy\slice\7777\slice_5\layer_1.ini | z_offset: 12.0 | duration_ms: 281.99999999196734
24/07/2026 06:14:17.341 PM,gcode,gcode_generation,INFO,GCodeGeneratedEvent,stl_path: D:\UFAMeasy_Workspace\UFAMeasy\slice\7777\slice_5\layer_2_scaled.stl | gcode_path: D:\UFAMeasy_Workspace\UFAMeasy\slice\7777\slice_5\layer_2.nc | config_path: D:\UFAMeasy_Workspace\UFAMeasy\slice\7777\slice_5\layer_2.ini | z_offset: 13.0 | duration_ms: 281.00000000267755
24/07/2026 06:14:17.341 PM,gcode,gcode_generation,INFO,GCodeGeneratedEvent,stl_path: D:\UFAMeasy_Workspace\UFAMeasy\slice\7777\slice_5\layer_2_scaled.stl | gcode_path: D:\UFAMeasy_Workspace\UFAMeasy\slice\7777\slice_5\layer_2.nc | config_path: D:\UFAMeasy_Workspace\UFAMeasy\slice\7777\slice_5\layer_2.ini | z_offset: 13.0 | duration_ms: 281.00000000267755
24/07/2026 06:14:17.591 PM,gcode,gcode_generation,INFO,GCodeGeneratedEvent,stl_path: D:\UFAMeasy_Workspace\UFAMeasy\slice\7777\slice_5\layer_3_scaled.stl | gcode_path: D:\UFAMeasy_Workspace\UFAMeasy\slice\7777\slice_5\layer_3.nc | config_path: D:\UFAMeasy_Workspace\UFAMeasy\slice\7777\slice_5\layer_3.ini | z_offset: 14.0 | duration_ms: 250.0
24/07/2026 06:14:17.591 PM,gcode,gcode_generation,INFO,GCodeGeneratedEvent,stl_path: D:\UFAMeasy_Workspace\UFAMeasy\slice\7777\slice_5\layer_3_scaled.stl | gcode_path: D:\UFAMeasy_Workspace\UFAMeasy\slice\7777\slice_5\layer_3.nc | config_path: D:\UFAMeasy_Workspace\UFAMeasy\slice\7777\slice_5\layer_3.ini | z_offset: 14.0 | duration_ms: 250.0
24/07/2026 06:14:17.963 PM,gcode,gcode_generation,INFO,GCodeGeneratedEvent,stl_path: D:\UFAMeasy_Workspace\UFAMeasy\slice\7777\slice_6\layer_1_scaled.stl | gcode_path: D:\UFAMeasy_Workspace\UFAMeasy\slice\7777\slice_6\layer_1.nc | config_path: D:\UFAMeasy_Workspace\UFAMeasy\slice\7777\slice_6\layer_1.ini | z_offset: 15.0 | duration_ms: 281.00000000267755
24/07/2026 06:14:17.963 PM,gcode,gcode_generation,INFO,GCodeGeneratedEvent,stl_path: D:\UFAMeasy_Workspace\UFAMeasy\slice\7777\slice_6\layer_1_scaled.stl | gcode_path: D:\UFAMeasy_Workspace\UFAMeasy\slice\7777\slice_6\layer_1.nc | config_path: D:\UFAMeasy_Workspace\UFAMeasy\slice\7777\slice_6\layer_1.ini | z_offset: 15.0 | duration_ms: 281.00000000267755
24/07/2026 06:14:18.253 PM,gcode,gcode_generation,INFO,GCodeGeneratedEvent,stl_path: D:\UFAMeasy_Workspace\UFAMeasy\slice\7777\slice_6\layer_2_scaled.stl | gcode_path: D:\UFAMeasy_Workspace\UFAMeasy\slice\7777\slice_6\layer_2.nc | config_path: D:\UFAMeasy_Workspace\UFAMeasy\slice\7777\slice_6\layer_2.ini | z_offset: 16.0 | duration_ms: 297.0000000059372
24/07/2026 06:14:18.253 PM,gcode,gcode_generation,INFO,GCodeGeneratedEvent,stl_path: D:\UFAMeasy_Workspace\UFAMeasy\slice\7777\slice_6\layer_2_scaled.stl | gcode_path: D:\UFAMeasy_Workspace\UFAMeasy\slice\7777\slice_6\layer_2.nc | config_path: D:\UFAMeasy_Workspace\UFAMeasy\slice\7777\slice_6\layer_2.ini | z_offset: 16.0 | duration_ms: 297.0000000059372
24/07/2026 06:14:18.545 PM,gcode,gcode_generation,INFO,GCodeGeneratedEvent,stl_path: D:\UFAMeasy_Workspace\UFAMeasy\slice\7777\slice_6\layer_3_scaled.stl | gcode_path: D:\UFAMeasy_Workspace\UFAMeasy\slice\7777\slice_6\layer_3.nc | config_path: D:\UFAMeasy_Workspace\UFAMeasy\slice\7777\slice_6\layer_3.ini | z_offset: 17.0 | duration_ms: 281.00000000267755
24/07/2026 06:14:18.545 PM,gcode,gcode_generation,INFO,GCodeGeneratedEvent,stl_path: D:\UFAMeasy_Workspace\UFAMeasy\slice\7777\slice_6\layer_3_scaled.stl | gcode_path: D:\UFAMeasy_Workspace\UFAMeasy\slice\7777\slice_6\layer_3.nc | config_path: D:\UFAMeasy_Workspace\UFAMeasy\slice\7777\slice_6\layer_3.ini | z_offset: 17.0 | duration_ms: 281.00000000267755
24/07/2026 06:14:18.806 PM,gcode,gcode_generation,INFO,GCodeGeneratedEvent,stl_path: D:\UFAMeasy_Workspace\UFAMeasy\slice\7777\slice_6\layer_4_scaled.stl | gcode_path: D:\UFAMeasy_Workspace\UFAMeasy\slice\7777\slice_6\layer_4.nc | config_path: D:\UFAMeasy_Workspace\UFAMeasy\slice\7777\slice_6\layer_4.ini | z_offset: 18.0 | duration_ms: 250.0
24/07/2026 06:14:18.806 PM,gcode,gcode_generation,INFO,GCodeGeneratedEvent,stl_path: D:\UFAMeasy_Workspace\UFAMeasy\slice\7777\slice_6\layer_4_scaled.stl | gcode_path: D:\UFAMeasy_Workspace\UFAMeasy\slice\7777\slice_6\layer_4.nc | config_path: D:\UFAMeasy_Workspace\UFAMeasy\slice\7777\slice_6\layer_4.ini | z_offset: 18.0 | duration_ms: 250.0
24/07/2026 06:14:19.089 PM,gcode,gcode_generation,INFO,GCodeGeneratedEvent,stl_path: D:\UFAMeasy_Workspace\UFAMeasy\slice\7777\slice_6\layer_5_scaled.stl | gcode_path: D:\UFAMeasy_Workspace\UFAMeasy\slice\7777\slice_6\layer_5.nc | config_path: D:\UFAMeasy_Workspace\UFAMeasy\slice\7777\slice_6\layer_5.ini | z_offset: 19.0 | duration_ms: 281.00000000267755
24/07/2026 06:14:19.089 PM,gcode,gcode_generation,INFO,GCodeGeneratedEvent,stl_path: D:\UFAMeasy_Workspace\UFAMeasy\slice\7777\slice_6\layer_5_scaled.stl | gcode_path: D:\UFAMeasy_Workspace\UFAMeasy\slice\7777\slice_6\layer_5.nc | config_path: D:\UFAMeasy_Workspace\UFAMeasy\slice\7777\slice_6\layer_5.ini | z_offset: 19.0 | duration_ms: 281.00000000267755
24/07/2026 06:14:19.105 PM,session,session_sidecar,INFO,SessionSavedEvent,Saved session 'D:\UFAMeasy_Workspace\UFAMeasy\slice\7777\lava.ufamsession.json' with 6 slices
24/07/2026 06:14:19.105 PM,session,session_sidecar,INFO,SessionSavedEvent,Saved session 'D:\UFAMeasy_Workspace\UFAMeasy\slice\7777\lava.ufamsession.json' with 6 slices
24/07/2026 06:14:21.370 PM,session,session_sidecar,INFO,SessionSavedEvent,Saved session 'D:\UFAMeasy_Workspace\UFAMeasy\slice\7777\lava.ufamsession.json' with 6 slices
24/07/2026 06:14:21.370 PM,session,session_sidecar,INFO,SessionSavedEvent,Saved session 'D:\UFAMeasy_Workspace\UFAMeasy\slice\7777\lava.ufamsession.json' with 6 slices
24/07/2026 06:14:21.371 PM,gcode,gcode_merge,INFO,GCodeMergedEvent,Merged 6 slices into 'D:\UFAMeasy_Workspace\UFAMeasy\slice\7777\combined_print.gcode' (14.999999999417923ms)
24/07/2026 06:14:21.371 PM,gcode,gcode_merge,INFO,GCodeMergedEvent,Merged 6 slices into 'D:\UFAMeasy_Workspace\UFAMeasy\slice\7777\combined_print.gcode' (14.999999999417923ms)
24/07/2026 09:44:15.825 PM,gcode,gcode_generation,INFO,GCodeGeneratedEvent,stl_path: D:\UFAMeasy_Workspace\UFAMeasy\slice\7777\slice_1\layer_1_scaled.stl | gcode_path: D:\UFAMeasy_Workspace\UFAMeasy\slice\7777\slice_1\layer_1.nc | config_path: D:\UFAMeasy_Workspace\UFAMeasy\slice\7777\slice_1\layer_1.ini | z_offset: 0.0 | duration_ms: 546.0000000020955
24/07/2026 09:44:15.825 PM,gcode,gcode_generation,INFO,GCodeGeneratedEvent,stl_path: D:\UFAMeasy_Workspace\UFAMeasy\slice\7777\slice_1\layer_1_scaled.stl | gcode_path: D:\UFAMeasy_Workspace\UFAMeasy\slice\7777\slice_1\layer_1.nc | config_path: D:\UFAMeasy_Workspace\UFAMeasy\slice\7777\slice_1\layer_1.ini | z_offset: 0.0 | duration_ms: 546.0000000020955
24/07/2026 09:44:16.155 PM,gcode,gcode_generation,INFO,GCodeGeneratedEvent,stl_path: D:\UFAMeasy_Workspace\UFAMeasy\slice\7777\slice_1\layer_2_scaled.stl | gcode_path: D:\UFAMeasy_Workspace\UFAMeasy\slice\7777\slice_1\layer_2.nc | config_path: D:\UFAMeasy_Workspace\UFAMeasy\slice\7777\slice_1\layer_2.ini | z_offset: 1.0 | duration_ms: 312.9999999946449
24/07/2026 09:44:16.155 PM,gcode,gcode_generation,INFO,GCodeGeneratedEvent,stl_path: D:\UFAMeasy_Workspace\UFAMeasy\slice\7777\slice_1\layer_2_scaled.stl | gcode_path: D:\UFAMeasy_Workspace\UFAMeasy\slice\7777\slice_1\layer_2.nc | config_path: D:\UFAMeasy_Workspace\UFAMeasy\slice\7777\slice_1\layer_2.ini | z_offset: 1.0 | duration_ms: 312.9999999946449
24/07/2026 09:44:16.540 PM,gcode,gcode_generation,INFO,GCodeGeneratedEvent,stl_path: D:\UFAMeasy_Workspace\UFAMeasy\slice\7777\slice_1\layer_3_scaled.stl | gcode_path: D:\UFAMeasy_Workspace\UFAMeasy\slice\7777\slice_1\layer_3.nc | config_path: D:\UFAMeasy_Workspace\UFAMeasy\slice\7777\slice_1\layer_3.ini | z_offset: 2.0 | duration_ms: 375.0
24/07/2026 09:44:16.540 PM,gcode,gcode_generation,INFO,GCodeGeneratedEvent,stl_path: D:\UFAMeasy_Workspace\UFAMeasy\slice\7777\slice_1\layer_3_scaled.stl | gcode_path: D:\UFAMeasy_Workspace\UFAMeasy\slice\7777\slice_1\layer_3.nc | config_path: D:\UFAMeasy_Workspace\UFAMeasy\slice\7777\slice_1\layer_3.ini | z_offset: 2.0 | duration_ms: 375.0
24/07/2026 09:44:16.873 PM,gcode,gcode_generation,INFO,GCodeGeneratedEvent,stl_path: D:\UFAMeasy_Workspace\UFAMeasy\slice\7777\slice_1\layer_4_scaled.stl | gcode_path: D:\UFAMeasy_Workspace\UFAMeasy\slice\7777\slice_1\layer_4.nc | config_path: D:\UFAMeasy_Workspace\UFAMeasy\slice\7777\slice_1\layer_4.ini | z_offset: 3.0 | duration_ms: 327.9999999940628
24/07/2026 09:44:16.873 PM,gcode,gcode_generation,INFO,GCodeGeneratedEvent,stl_path: D:\UFAMeasy_Workspace\UFAMeasy\slice\7777\slice_1\layer_4_scaled.stl | gcode_path: D:\UFAMeasy_Workspace\UFAMeasy\slice\7777\slice_1\layer_4.nc | config_path: D:\UFAMeasy_Workspace\UFAMeasy\slice\7777\slice_1\layer_4.ini | z_offset: 3.0 | duration_ms: 327.9999999940628
24/07/2026 09:44:17.246 PM,gcode,gcode_generation,INFO,GCodeGeneratedEvent,stl_path: D:\UFAMeasy_Workspace\UFAMeasy\slice\7777\slice_2\layer_1_scaled.stl | gcode_path: D:\UFAMeasy_Workspace\UFAMeasy\slice\7777\slice_2\layer_1.nc | config_path: D:\UFAMeasy_Workspace\UFAMeasy\slice\7777\slice_2\layer_1.ini | z_offset: 4.0 | duration_ms: 327.9999999940628
24/07/2026 09:44:17.246 PM,gcode,gcode_generation,INFO,GCodeGeneratedEvent,stl_path: D:\UFAMeasy_Workspace\UFAMeasy\slice\7777\slice_2\layer_1_scaled.stl | gcode_path: D:\UFAMeasy_Workspace\UFAMeasy\slice\7777\slice_2\layer_1.nc | config_path: D:\UFAMeasy_Workspace\UFAMeasy\slice\7777\slice_2\layer_1.ini | z_offset: 4.0 | duration_ms: 327.9999999940628
24/07/2026 09:44:17.650 PM,gcode,gcode_generation,INFO,GCodeGeneratedEvent,stl_path: D:\UFAMeasy_Workspace\UFAMeasy\slice\7777\slice_3\layer_1_scaled.stl | gcode_path: D:\UFAMeasy_Workspace\UFAMeasy\slice\7777\slice_3\layer_1.nc | config_path: D:\UFAMeasy_Workspace\UFAMeasy\slice\7777\slice_3\layer_1.ini | z_offset: 5.0 | duration_ms: 343.99999999732245
24/07/2026 09:44:17.650 PM,gcode,gcode_generation,INFO,GCodeGeneratedEvent,stl_path: D:\UFAMeasy_Workspace\UFAMeasy\slice\7777\slice_3\layer_1_scaled.stl | gcode_path: D:\UFAMeasy_Workspace\UFAMeasy\slice\7777\slice_3\layer_1.nc | config_path: D:\UFAMeasy_Workspace\UFAMeasy\slice\7777\slice_3\layer_1.ini | z_offset: 5.0 | duration_ms: 343.99999999732245
24/07/2026 09:44:17.975 PM,gcode,gcode_generation,INFO,GCodeGeneratedEvent,stl_path: D:\UFAMeasy_Workspace\UFAMeasy\slice\7777\slice_3\layer_2_scaled.stl | gcode_path: D:\UFAMeasy_Workspace\UFAMeasy\slice\7777\slice_3\layer_2.nc | config_path: D:\UFAMeasy_Workspace\UFAMeasy\slice\7777\slice_3\layer_2.ini | z_offset: 6.0 | duration_ms: 327.9999999940628
24/07/2026 09:44:17.975 PM,gcode,gcode_generation,INFO,GCodeGeneratedEvent,stl_path: D:\UFAMeasy_Workspace\UFAMeasy\slice\7777\slice_3\layer_2_scaled.stl | gcode_path: D:\UFAMeasy_Workspace\UFAMeasy\slice\7777\slice_3\layer_2.nc | config_path: D:\UFAMeasy_Workspace\UFAMeasy\slice\7777\slice_3\layer_2.ini | z_offset: 6.0 | duration_ms: 327.9999999940628
24/07/2026 09:44:18.459 PM,gcode,gcode_generation,INFO,GCodeGeneratedEvent,stl_path: D:\UFAMeasy_Workspace\UFAMeasy\slice\7777\slice_4\layer_1_scaled.stl | gcode_path: D:\UFAMeasy_Workspace\UFAMeasy\slice\7777\slice_4\layer_1.nc | config_path: D:\UFAMeasy_Workspace\UFAMeasy\slice\7777\slice_4\layer_1.ini | z_offset: 7.0 | duration_ms: 359.0000000112923
24/07/2026 09:44:18.459 PM,gcode,gcode_generation,INFO,GCodeGeneratedEvent,stl_path: D:\UFAMeasy_Workspace\UFAMeasy\slice\7777\slice_4\layer_1_scaled.stl | gcode_path: D:\UFAMeasy_Workspace\UFAMeasy\slice\7777\slice_4\layer_1.nc | config_path: D:\UFAMeasy_Workspace\UFAMeasy\slice\7777\slice_4\layer_1.ini | z_offset: 7.0 | duration_ms: 359.0000000112923
24/07/2026 09:44:18.781 PM,gcode,gcode_generation,INFO,GCodeGeneratedEvent,stl_path: D:\UFAMeasy_Workspace\UFAMeasy\slice\7777\slice_4\layer_2_scaled.stl | gcode_path: D:\UFAMeasy_Workspace\UFAMeasy\slice\7777\slice_4\layer_2.nc | config_path: D:\UFAMeasy_Workspace\UFAMeasy\slice\7777\slice_4\layer_2.ini | z_offset: 8.0 | duration_ms: 312.9999999946449
24/07/2026 09:44:18.781 PM,gcode,gcode_generation,INFO,GCodeGeneratedEvent,stl_path: D:\UFAMeasy_Workspace\UFAMeasy\slice\7777\slice_4\layer_2_scaled.stl | gcode_path: D:\UFAMeasy_Workspace\UFAMeasy\slice\7777\slice_4\layer_2.nc | config_path: D:\UFAMeasy_Workspace\UFAMeasy\slice\7777\slice_4\layer_2.ini | z_offset: 8.0 | duration_ms: 312.9999999946449
24/07/2026 09:44:19.107 PM,gcode,gcode_generation,INFO,GCodeGeneratedEvent,stl_path: D:\UFAMeasy_Workspace\UFAMeasy\slice\7777\slice_4\layer_3_scaled.stl | gcode_path: D:\UFAMeasy_Workspace\UFAMeasy\slice\7777\slice_4\layer_3.nc | config_path: D:\UFAMeasy_Workspace\UFAMeasy\slice\7777\slice_4\layer_3.ini | z_offset: 9.0 | duration_ms: 327.9999999940628
24/07/2026 09:44:19.107 PM,gcode,gcode_generation,INFO,GCodeGeneratedEvent,stl_path: D:\UFAMeasy_Workspace\UFAMeasy\slice\7777\slice_4\layer_3_scaled.stl | gcode_path: D:\UFAMeasy_Workspace\UFAMeasy\slice\7777\slice_4\layer_3.nc | config_path: D:\UFAMeasy_Workspace\UFAMeasy\slice\7777\slice_4\layer_3.ini | z_offset: 9.0 | duration_ms: 327.9999999940628
24/07/2026 09:44:19.473 PM,gcode,gcode_generation,INFO,GCodeGeneratedEvent,stl_path: D:\UFAMeasy_Workspace\UFAMeasy\slice\7777\slice_4\layer_4_scaled.stl | gcode_path: D:\UFAMeasy_Workspace\UFAMeasy\slice\7777\slice_4\layer_4.nc | config_path: D:\UFAMeasy_Workspace\UFAMeasy\slice\7777\slice_4\layer_4.ini | z_offset: 10.0 | duration_ms: 375.0
24/07/2026 09:44:19.473 PM,gcode,gcode_generation,INFO,GCodeGeneratedEvent,stl_path: D:\UFAMeasy_Workspace\UFAMeasy\slice\7777\slice_4\layer_4_scaled.stl | gcode_path: D:\UFAMeasy_Workspace\UFAMeasy\slice\7777\slice_4\layer_4.nc | config_path: D:\UFAMeasy_Workspace\UFAMeasy\slice\7777\slice_4\layer_4.ini | z_offset: 10.0 | duration_ms: 375.0
24/07/2026 09:44:19.811 PM,gcode,gcode_generation,INFO,GCodeGeneratedEvent,stl_path: D:\UFAMeasy_Workspace\UFAMeasy\slice\7777\slice_4\layer_5_scaled.stl | gcode_path: D:\UFAMeasy_Workspace\UFAMeasy\slice\7777\slice_4\layer_5.nc | config_path: D:\UFAMeasy_Workspace\UFAMeasy\slice\7777\slice_4\layer_5.ini | z_offset: 11.0 | duration_ms: 328.00000000861473
24/07/2026 09:44:19.811 PM,gcode,gcode_generation,INFO,GCodeGeneratedEvent,stl_path: D:\UFAMeasy_Workspace\UFAMeasy\slice\7777\slice_4\layer_5_scaled.stl | gcode_path: D:\UFAMeasy_Workspace\UFAMeasy\slice\7777\slice_4\layer_5.nc | config_path: D:\UFAMeasy_Workspace\UFAMeasy\slice\7777\slice_4\layer_5.ini | z_offset: 11.0 | duration_ms: 328.00000000861473
24/07/2026 09:44:20.231 PM,gcode,gcode_generation,INFO,GCodeGeneratedEvent,stl_path: D:\UFAMeasy_Workspace\UFAMeasy\slice\7777\slice_5\layer_1_scaled.stl | gcode_path: D:\UFAMeasy_Workspace\UFAMeasy\slice\7777\slice_5\layer_1.nc | config_path: D:\UFAMeasy_Workspace\UFAMeasy\slice\7777\slice_5\layer_1.ini | z_offset: 12.0 | duration_ms: 343.99999999732245
24/07/2026 09:44:20.231 PM,gcode,gcode_generation,INFO,GCodeGeneratedEvent,stl_path: D:\UFAMeasy_Workspace\UFAMeasy\slice\7777\slice_5\layer_1_scaled.stl | gcode_path: D:\UFAMeasy_Workspace\UFAMeasy\slice\7777\slice_5\layer_1.nc | config_path: D:\UFAMeasy_Workspace\UFAMeasy\slice\7777\slice_5\layer_1.ini | z_offset: 12.0 | duration_ms: 343.99999999732245
24/07/2026 09:44:20.570 PM,gcode,gcode_generation,INFO,GCodeGeneratedEvent,stl_path: D:\UFAMeasy_Workspace\UFAMeasy\slice\7777\slice_5\layer_2_scaled.stl | gcode_path: D:\UFAMeasy_Workspace\UFAMeasy\slice\7777\slice_5\layer_2.nc | config_path: D:\UFAMeasy_Workspace\UFAMeasy\slice\7777\slice_5\layer_2.ini | z_offset: 13.0 | duration_ms: 343.00000000803266
24/07/2026 09:44:20.570 PM,gcode,gcode_generation,INFO,GCodeGeneratedEvent,stl_path: D:\UFAMeasy_Workspace\UFAMeasy\slice\7777\slice_5\layer_2_scaled.stl | gcode_path: D:\UFAMeasy_Workspace\UFAMeasy\slice\7777\slice_5\layer_2.nc | config_path: D:\UFAMeasy_Workspace\UFAMeasy\slice\7777\slice_5\layer_2.ini | z_offset: 13.0 | duration_ms: 343.00000000803266
24/07/2026 09:44:20.933 PM,gcode,gcode_generation,INFO,GCodeGeneratedEvent,stl_path: D:\UFAMeasy_Workspace\UFAMeasy\slice\7777\slice_5\layer_3_scaled.stl | gcode_path: D:\UFAMeasy_Workspace\UFAMeasy\slice\7777\slice_5\layer_3.nc | config_path: D:\UFAMeasy_Workspace\UFAMeasy\slice\7777\slice_5\layer_3.ini | z_offset: 14.0 | duration_ms: 360.0000000005821
24/07/2026 09:44:20.933 PM,gcode,gcode_generation,INFO,GCodeGeneratedEvent,stl_path: D:\UFAMeasy_Workspace\UFAMeasy\slice\7777\slice_5\layer_3_scaled.stl | gcode_path: D:\UFAMeasy_Workspace\UFAMeasy\slice\7777\slice_5\layer_3.nc | config_path: D:\UFAMeasy_Workspace\UFAMeasy\slice\7777\slice_5\layer_3.ini | z_offset: 14.0 | duration_ms: 360.0000000005821
24/07/2026 09:44:21.400 PM,gcode,gcode_generation,INFO,GCodeGeneratedEvent,stl_path: D:\UFAMeasy_Workspace\UFAMeasy\slice\7777\slice_6\layer_1_scaled.stl | gcode_path: D:\UFAMeasy_Workspace\UFAMeasy\slice\7777\slice_6\layer_1.nc | config_path: D:\UFAMeasy_Workspace\UFAMeasy\slice\7777\slice_6\layer_1.ini | z_offset: 15.0 | duration_ms: 343.99999999732245
24/07/2026 09:44:21.400 PM,gcode,gcode_generation,INFO,GCodeGeneratedEvent,stl_path: D:\UFAMeasy_Workspace\UFAMeasy\slice\7777\slice_6\layer_1_scaled.stl | gcode_path: D:\UFAMeasy_Workspace\UFAMeasy\slice\7777\slice_6\layer_1.nc | config_path: D:\UFAMeasy_Workspace\UFAMeasy\slice\7777\slice_6\layer_1.ini | z_offset: 15.0 | duration_ms: 343.99999999732245
24/07/2026 09:44:21.754 PM,gcode,gcode_generation,INFO,GCodeGeneratedEvent,stl_path: D:\UFAMeasy_Workspace\UFAMeasy\slice\7777\slice_6\layer_2_scaled.stl | gcode_path: D:\UFAMeasy_Workspace\UFAMeasy\slice\7777\slice_6\layer_2.nc | config_path: D:\UFAMeasy_Workspace\UFAMeasy\slice\7777\slice_6\layer_2.ini | z_offset: 16.0 | duration_ms: 358.99999999674037
24/07/2026 09:44:21.754 PM,gcode,gcode_generation,INFO,GCodeGeneratedEvent,stl_path: D:\UFAMeasy_Workspace\UFAMeasy\slice\7777\slice_6\layer_2_scaled.stl | gcode_path: D:\UFAMeasy_Workspace\UFAMeasy\slice\7777\slice_6\layer_2.nc | config_path: D:\UFAMeasy_Workspace\UFAMeasy\slice\7777\slice_6\layer_2.ini | z_offset: 16.0 | duration_ms: 358.99999999674037
24/07/2026 09:44:22.075 PM,gcode,gcode_generation,INFO,GCodeGeneratedEvent,stl_path: D:\UFAMeasy_Workspace\UFAMeasy\slice\7777\slice_6\layer_3_scaled.stl | gcode_path: D:\UFAMeasy_Workspace\UFAMeasy\slice\7777\slice_6\layer_3.nc | config_path: D:\UFAMeasy_Workspace\UFAMeasy\slice\7777\slice_6\layer_3.ini | z_offset: 17.0 | duration_ms: 312.0000000053551
24/07/2026 09:44:22.075 PM,gcode,gcode_generation,INFO,GCodeGeneratedEvent,stl_path: D:\UFAMeasy_Workspace\UFAMeasy\slice\7777\slice_6\layer_3_scaled.stl | gcode_path: D:\UFAMeasy_Workspace\UFAMeasy\slice\7777\slice_6\layer_3.nc | config_path: D:\UFAMeasy_Workspace\UFAMeasy\slice\7777\slice_6\layer_3.ini | z_offset: 17.0 | duration_ms: 312.0000000053551
24/07/2026 09:44:22.399 PM,gcode,gcode_generation,INFO,GCodeGeneratedEvent,stl_path: D:\UFAMeasy_Workspace\UFAMeasy\slice\7777\slice_6\layer_4_scaled.stl | gcode_path: D:\UFAMeasy_Workspace\UFAMeasy\slice\7777\slice_6\layer_4.nc | config_path: D:\UFAMeasy_Workspace\UFAMeasy\slice\7777\slice_6\layer_4.ini | z_offset: 18.0 | duration_ms: 328.9999999979045
24/07/2026 09:44:22.399 PM,gcode,gcode_generation,INFO,GCodeGeneratedEvent,stl_path: D:\UFAMeasy_Workspace\UFAMeasy\slice\7777\slice_6\layer_4_scaled.stl | gcode_path: D:\UFAMeasy_Workspace\UFAMeasy\slice\7777\slice_6\layer_4.nc | config_path: D:\UFAMeasy_Workspace\UFAMeasy\slice\7777\slice_6\layer_4.ini | z_offset: 18.0 | duration_ms: 328.9999999979045
24/07/2026 09:44:22.721 PM,gcode,gcode_generation,INFO,GCodeGeneratedEvent,stl_path: D:\UFAMeasy_Workspace\UFAMeasy\slice\7777\slice_6\layer_5_scaled.stl | gcode_path: D:\UFAMeasy_Workspace\UFAMeasy\slice\7777\slice_6\layer_5.nc | config_path: D:\UFAMeasy_Workspace\UFAMeasy\slice\7777\slice_6\layer_5.ini | z_offset: 19.0 | duration_ms: 327.9999999940628
24/07/2026 09:44:22.721 PM,gcode,gcode_generation,INFO,GCodeGeneratedEvent,stl_path: D:\UFAMeasy_Workspace\UFAMeasy\slice\7777\slice_6\layer_5_scaled.stl | gcode_path: D:\UFAMeasy_Workspace\UFAMeasy\slice\7777\slice_6\layer_5.nc | config_path: D:\UFAMeasy_Workspace\UFAMeasy\slice\7777\slice_6\layer_5.ini | z_offset: 19.0 | duration_ms: 327.9999999940628
24/07/2026 09:44:22.750 PM,session,session_sidecar,INFO,SessionSavedEvent,Saved session 'D:\UFAMeasy_Workspace\UFAMeasy\slice\7777\lava.ufamsession.json' with 6 slices
24/07/2026 09:44:22.750 PM,session,session_sidecar,INFO,SessionSavedEvent,Saved session 'D:\UFAMeasy_Workspace\UFAMeasy\slice\7777\lava.ufamsession.json' with 6 slices
24/07/2026 09:44:24.199 PM,session,session_sidecar,INFO,SessionSavedEvent,Saved session 'D:\UFAMeasy_Workspace\UFAMeasy\slice\7777\lava.ufamsession.json' with 6 slices
24/07/2026 09:44:24.199 PM,session,session_sidecar,INFO,SessionSavedEvent,Saved session 'D:\UFAMeasy_Workspace\UFAMeasy\slice\7777\lava.ufamsession.json' with 6 slices
24/07/2026 09:44:24.202 PM,gcode,gcode_merge,INFO,GCodeMergedEvent,Merged 6 slices into 'D:\UFAMeasy_Workspace\UFAMeasy\slice\7777\combined_print.gcode' (31.000000002677552ms)
24/07/2026 09:44:24.202 PM,gcode,gcode_merge,INFO,GCodeMergedEvent,Merged 6 slices into 'D:\UFAMeasy_Workspace\UFAMeasy\slice\7777\combined_print.gcode' (31.000000002677552ms)
24/07/2026 09:44:26.342 PM,workflow,job_estimator,INFO,JobEstimationEvent,Started estimation for 'D:\UFAMeasy_Workspace\UFAMeasy\slice\7777\slice_1.gcode' (0ms)
24/07/2026 09:44:26.342 PM,workflow,job_estimator,INFO,JobEstimationEvent,Started estimation for 'D:\UFAMeasy_Workspace\UFAMeasy\slice\7777\slice_1.gcode' (0ms)
24/07/2026 09:44:26.365 PM,workflow,job_estimator,INFO,JobEstimationEvent,Completed estimation for 'D:\UFAMeasy_Workspace\UFAMeasy\slice\7777\slice_1.gcode' (23.18869999726303ms)
24/07/2026 09:44:26.365 PM,workflow,job_estimator,INFO,JobEstimationEvent,Completed estimation for 'D:\UFAMeasy_Workspace\UFAMeasy\slice\7777\slice_1.gcode' (23.18869999726303ms)
24/07/2026 09:44:26.365 PM,workflow,job_estimator,INFO,JobEstimationEvent,Started estimation for 'D:\UFAMeasy_Workspace\UFAMeasy\slice\7777\slice_2.gcode' (0ms)
24/07/2026 09:44:26.365 PM,workflow,job_estimator,INFO,JobEstimationEvent,Started estimation for 'D:\UFAMeasy_Workspace\UFAMeasy\slice\7777\slice_2.gcode' (0ms)
24/07/2026 09:44:26.369 PM,workflow,job_estimator,INFO,JobEstimationEvent,Completed estimation for 'D:\UFAMeasy_Workspace\UFAMeasy\slice\7777\slice_2.gcode' (4.282399997464381ms)
24/07/2026 09:44:26.369 PM,workflow,job_estimator,INFO,JobEstimationEvent,Completed estimation for 'D:\UFAMeasy_Workspace\UFAMeasy\slice\7777\slice_2.gcode' (4.282399997464381ms)
24/07/2026 09:44:26.369 PM,workflow,job_estimator,INFO,JobEstimationEvent,Started estimation for 'D:\UFAMeasy_Workspace\UFAMeasy\slice\7777\slice_3.gcode' (0ms)
24/07/2026 09:44:26.369 PM,workflow,job_estimator,INFO,JobEstimationEvent,Started estimation for 'D:\UFAMeasy_Workspace\UFAMeasy\slice\7777\slice_3.gcode' (0ms)
24/07/2026 09:44:26.375 PM,workflow,job_estimator,INFO,JobEstimationEvent,Completed estimation for 'D:\UFAMeasy_Workspace\UFAMeasy\slice\7777\slice_3.gcode' (5.802100000437349ms)
24/07/2026 09:44:26.375 PM,workflow,job_estimator,INFO,JobEstimationEvent,Completed estimation for 'D:\UFAMeasy_Workspace\UFAMeasy\slice\7777\slice_3.gcode' (5.802100000437349ms)
24/07/2026 09:44:26.375 PM,workflow,job_estimator,INFO,JobEstimationEvent,Started estimation for 'D:\UFAMeasy_Workspace\UFAMeasy\slice\7777\slice_4.gcode' (0ms)
24/07/2026 09:44:26.375 PM,workflow,job_estimator,INFO,JobEstimationEvent,Started estimation for 'D:\UFAMeasy_Workspace\UFAMeasy\slice\7777\slice_4.gcode' (0ms)
24/07/2026 09:44:26.387 PM,workflow,job_estimator,INFO,JobEstimationEvent,Completed estimation for 'D:\UFAMeasy_Workspace\UFAMeasy\slice\7777\slice_4.gcode' (11.396500005503185ms)
24/07/2026 09:44:26.387 PM,workflow,job_estimator,INFO,JobEstimationEvent,Completed estimation for 'D:\UFAMeasy_Workspace\UFAMeasy\slice\7777\slice_4.gcode' (11.396500005503185ms)
24/07/2026 09:44:26.387 PM,workflow,job_estimator,INFO,JobEstimationEvent,Started estimation for 'D:\UFAMeasy_Workspace\UFAMeasy\slice\7777\slice_5.gcode' (0ms)
24/07/2026 09:44:26.387 PM,workflow,job_estimator,INFO,JobEstimationEvent,Started estimation for 'D:\UFAMeasy_Workspace\UFAMeasy\slice\7777\slice_5.gcode' (0ms)
24/07/2026 09:44:26.397 PM,workflow,job_estimator,INFO,JobEstimationEvent,Completed estimation for 'D:\UFAMeasy_Workspace\UFAMeasy\slice\7777\slice_5.gcode' (8.947100010118447ms)
24/07/2026 09:44:26.397 PM,workflow,job_estimator,INFO,JobEstimationEvent,Completed estimation for 'D:\UFAMeasy_Workspace\UFAMeasy\slice\7777\slice_5.gcode' (8.947100010118447ms)
24/07/2026 09:44:26.397 PM,workflow,job_estimator,INFO,JobEstimationEvent,Started estimation for 'D:\UFAMeasy_Workspace\UFAMeasy\slice\7777\slice_6.gcode' (0ms)
24/07/2026 09:44:26.397 PM,workflow,job_estimator,INFO,JobEstimationEvent,Started estimation for 'D:\UFAMeasy_Workspace\UFAMeasy\slice\7777\slice_6.gcode' (0ms)
24/07/2026 09:44:26.408 PM,workflow,job_estimator,INFO,JobEstimationEvent,Completed estimation for 'D:\UFAMeasy_Workspace\UFAMeasy\slice\7777\slice_6.gcode' (11.817099992185831ms)
24/07/2026 09:44:26.408 PM,workflow,job_estimator,INFO,JobEstimationEvent,Completed estimation for 'D:\UFAMeasy_Workspace\UFAMeasy\slice\7777\slice_6.gcode' (11.817099992185831ms)
24/07/2026 09:44:26.408 PM,workflow,job_estimator,INFO,JobEstimationEvent,Started estimation for 'D:\UFAMeasy_Workspace\UFAMeasy\slice\7777\combined_print.gcode' (0ms)
24/07/2026 09:44:26.408 PM,workflow,job_estimator,INFO,JobEstimationEvent,Started estimation for 'D:\UFAMeasy_Workspace\UFAMeasy\slice\7777\combined_print.gcode' (0ms)
24/07/2026 09:44:26.453 PM,workflow,job_estimator,INFO,JobEstimationEvent,Completed estimation for 'D:\UFAMeasy_Workspace\UFAMeasy\slice\7777\combined_print.gcode' (44.558499997947365ms)
24/07/2026 09:44:26.453 PM,workflow,job_estimator,INFO,JobEstimationEvent,Completed estimation for 'D:\UFAMeasy_Workspace\UFAMeasy\slice\7777\combined_print.gcode' (44.558499997947365ms)
24/07/2026 09:50:11.473 PM,workflow,slicing,INFO,SliceStartedEvent,slice_index: 1 | output_path: D:\UFAMeasy_Workspace\UFAMeasy\slice\7777 | plane_count: 7
24/07/2026 09:50:11.473 PM,workflow,slicing,INFO,SliceStartedEvent,slice_index: 1 | output_path: D:\UFAMeasy_Workspace\UFAMeasy\slice\7777 | plane_count: 7
24/07/2026 09:50:11.500 PM,workflow,slicing,INFO,SliceCompletedEvent,slice_index: 1 | filename: slice_1.stl | output_path: D:\UFAMeasy_Workspace\UFAMeasy\slice\7777 | z_offset: 0.0 | center_x: 10.0 | center_y: 10.0 | duration_ms: 31.000000002677552
24/07/2026 09:50:11.500 PM,workflow,slicing,INFO,SliceCompletedEvent,slice_index: 1 | filename: slice_1.stl | output_path: D:\UFAMeasy_Workspace\UFAMeasy\slice\7777 | z_offset: 0.0 | center_x: 10.0 | center_y: 10.0 | duration_ms: 31.000000002677552
24/07/2026 09:50:11.532 PM,workflow,slicing,INFO,SliceStartedEvent,slice_index: 2 | output_path: D:\UFAMeasy_Workspace\UFAMeasy\slice\7777 | plane_count: 7
24/07/2026 09:50:11.532 PM,workflow,slicing,INFO,SliceStartedEvent,slice_index: 2 | output_path: D:\UFAMeasy_Workspace\UFAMeasy\slice\7777 | plane_count: 7
24/07/2026 09:50:11.539 PM,workflow,slicing,INFO,SliceCompletedEvent,slice_index: 2 | filename: slice_2.stl | output_path: D:\UFAMeasy_Workspace\UFAMeasy\slice\7777 | z_offset: 3.0 | center_x: 10.0 | center_y: 10.0 | duration_ms: 0.0
24/07/2026 09:50:11.539 PM,workflow,slicing,INFO,SliceCompletedEvent,slice_index: 2 | filename: slice_2.stl | output_path: D:\UFAMeasy_Workspace\UFAMeasy\slice\7777 | z_offset: 3.0 | center_x: 10.0 | center_y: 10.0 | duration_ms: 0.0
24/07/2026 09:50:11.562 PM,workflow,slicing,INFO,SliceStartedEvent,slice_index: 3 | output_path: D:\UFAMeasy_Workspace\UFAMeasy\slice\7777 | plane_count: 7
24/07/2026 09:50:11.562 PM,workflow,slicing,INFO,SliceStartedEvent,slice_index: 3 | output_path: D:\UFAMeasy_Workspace\UFAMeasy\slice\7777 | plane_count: 7
24/07/2026 09:50:11.567 PM,workflow,slicing,INFO,SliceCompletedEvent,slice_index: 3 | filename: slice_3.stl | output_path: D:\UFAMeasy_Workspace\UFAMeasy\slice\7777 | z_offset: 4.0 | center_x: 10.0 | center_y: 10.0 | duration_ms: 0.0
24/07/2026 09:50:11.567 PM,workflow,slicing,INFO,SliceCompletedEvent,slice_index: 3 | filename: slice_3.stl | output_path: D:\UFAMeasy_Workspace\UFAMeasy\slice\7777 | z_offset: 4.0 | center_x: 10.0 | center_y: 10.0 | duration_ms: 0.0
24/07/2026 09:50:11.590 PM,workflow,slicing,INFO,SliceStartedEvent,slice_index: 4 | output_path: D:\UFAMeasy_Workspace\UFAMeasy\slice\7777 | plane_count: 7
24/07/2026 09:50:11.590 PM,workflow,slicing,INFO,SliceStartedEvent,slice_index: 4 | output_path: D:\UFAMeasy_Workspace\UFAMeasy\slice\7777 | plane_count: 7
24/07/2026 09:50:11.595 PM,workflow,slicing,INFO,SliceCompletedEvent,slice_index: 4 | filename: slice_4.stl | output_path: D:\UFAMeasy_Workspace\UFAMeasy\slice\7777 | z_offset: 5.0 | center_x: 10.0 | center_y: 10.0 | duration_ms: 15.999999988707714
24/07/2026 09:50:11.595 PM,workflow,slicing,INFO,SliceCompletedEvent,slice_index: 4 | filename: slice_4.stl | output_path: D:\UFAMeasy_Workspace\UFAMeasy\slice\7777 | z_offset: 5.0 | center_x: 10.0 | center_y: 10.0 | duration_ms: 15.999999988707714
24/07/2026 09:50:11.617 PM,workflow,slicing,INFO,SliceStartedEvent,slice_index: 5 | output_path: D:\UFAMeasy_Workspace\UFAMeasy\slice\7777 | plane_count: 7
24/07/2026 09:50:11.617 PM,workflow,slicing,INFO,SliceStartedEvent,slice_index: 5 | output_path: D:\UFAMeasy_Workspace\UFAMeasy\slice\7777 | plane_count: 7
24/07/2026 09:50:11.623 PM,workflow,slicing,INFO,SliceCompletedEvent,slice_index: 5 | filename: slice_5.stl | output_path: D:\UFAMeasy_Workspace\UFAMeasy\slice\7777 | z_offset: 7.0 | center_x: 10.0 | center_y: 10.0 | duration_ms: 0.0
24/07/2026 09:50:11.623 PM,workflow,slicing,INFO,SliceCompletedEvent,slice_index: 5 | filename: slice_5.stl | output_path: D:\UFAMeasy_Workspace\UFAMeasy\slice\7777 | z_offset: 7.0 | center_x: 10.0 | center_y: 10.0 | duration_ms: 0.0
24/07/2026 09:50:11.644 PM,workflow,slicing,INFO,SliceStartedEvent,slice_index: 6 | output_path: D:\UFAMeasy_Workspace\UFAMeasy\slice\7777 | plane_count: 7
24/07/2026 09:50:11.644 PM,workflow,slicing,INFO,SliceStartedEvent,slice_index: 6 | output_path: D:\UFAMeasy_Workspace\UFAMeasy\slice\7777 | plane_count: 7
24/07/2026 09:50:11.652 PM,workflow,slicing,INFO,SliceCompletedEvent,slice_index: 6 | filename: slice_6.stl | output_path: D:\UFAMeasy_Workspace\UFAMeasy\slice\7777 | z_offset: 12.0 | center_x: 10.0 | center_y: 10.0 | duration_ms: 0.0
24/07/2026 09:50:11.652 PM,workflow,slicing,INFO,SliceCompletedEvent,slice_index: 6 | filename: slice_6.stl | output_path: D:\UFAMeasy_Workspace\UFAMeasy\slice\7777 | z_offset: 12.0 | center_x: 10.0 | center_y: 10.0 | duration_ms: 0.0
24/07/2026 09:50:11.673 PM,workflow,slicing,INFO,SliceStartedEvent,slice_index: 7 | output_path: D:\UFAMeasy_Workspace\UFAMeasy\slice\7777 | plane_count: 7
24/07/2026 09:50:11.673 PM,workflow,slicing,INFO,SliceStartedEvent,slice_index: 7 | output_path: D:\UFAMeasy_Workspace\UFAMeasy\slice\7777 | plane_count: 7
24/07/2026 09:50:11.677 PM,workflow,slicing,INFO,SliceCompletedEvent,slice_index: 7 | filename: slice_7.stl | output_path: D:\UFAMeasy_Workspace\UFAMeasy\slice\7777 | z_offset: 15.0 | center_x: 10.0 | center_y: 10.0 | duration_ms: 0.0
24/07/2026 09:50:11.677 PM,workflow,slicing,INFO,SliceCompletedEvent,slice_index: 7 | filename: slice_7.stl | output_path: D:\UFAMeasy_Workspace\UFAMeasy\slice\7777 | z_offset: 15.0 | center_x: 10.0 | center_y: 10.0 | duration_ms: 0.0
24/07/2026 09:50:11.685 PM,workflow,slicing,INFO,SliceStartedEvent,slice_index: 8 | output_path: D:\UFAMeasy_Workspace\UFAMeasy\slice\7777 | plane_count: 7
24/07/2026 09:50:11.685 PM,workflow,slicing,INFO,SliceStartedEvent,slice_index: 8 | output_path: D:\UFAMeasy_Workspace\UFAMeasy\slice\7777 | plane_count: 7
24/07/2026 09:50:11.696 PM,workflow,slicing,INFO,SliceCompletedEvent,slice_index: 8 | filename: slice_8.stl | output_path: D:\UFAMeasy_Workspace\UFAMeasy\slice\7777 | z_offset: 18.0 | center_x: 10.0 | center_y: 10.0 | duration_ms: 14.999999999417923
24/07/2026 09:50:11.696 PM,workflow,slicing,INFO,SliceCompletedEvent,slice_index: 8 | filename: slice_8.stl | output_path: D:\UFAMeasy_Workspace\UFAMeasy\slice\7777 | z_offset: 18.0 | center_x: 10.0 | center_y: 10.0 | duration_ms: 14.999999999417923
24/07/2026 09:50:12.759 PM,session,session_sidecar,INFO,SessionSavedEvent,Saved session 'D:\UFAMeasy_Workspace\UFAMeasy\slice\7777\lava.ufamsession.json' with 8 slices
24/07/2026 09:50:12.759 PM,session,session_sidecar,INFO,SessionSavedEvent,Saved session 'D:\UFAMeasy_Workspace\UFAMeasy\slice\7777\lava.ufamsession.json' with 8 slices
24/07/2026 09:50:17.550 PM,gcode,gcode_generation,INFO,GCodeGeneratedEvent,stl_path: D:\UFAMeasy_Workspace\UFAMeasy\slice\7777\slice_1\layer_1_scaled.stl | gcode_path: D:\UFAMeasy_Workspace\UFAMeasy\slice\7777\slice_1\layer_1.nc | config_path: D:\UFAMeasy_Workspace\UFAMeasy\slice\7777\slice_1\layer_1.ini | z_offset: 0.0 | duration_ms: 406.00000000267755
24/07/2026 09:50:17.550 PM,gcode,gcode_generation,INFO,GCodeGeneratedEvent,stl_path: D:\UFAMeasy_Workspace\UFAMeasy\slice\7777\slice_1\layer_1_scaled.stl | gcode_path: D:\UFAMeasy_Workspace\UFAMeasy\slice\7777\slice_1\layer_1.nc | config_path: D:\UFAMeasy_Workspace\UFAMeasy\slice\7777\slice_1\layer_1.ini | z_offset: 0.0 | duration_ms: 406.00000000267755
24/07/2026 09:50:17.928 PM,gcode,gcode_generation,INFO,GCodeGeneratedEvent,stl_path: D:\UFAMeasy_Workspace\UFAMeasy\slice\7777\slice_1\layer_2_scaled.stl | gcode_path: D:\UFAMeasy_Workspace\UFAMeasy\slice\7777\slice_1\layer_2.nc | config_path: D:\UFAMeasy_Workspace\UFAMeasy\slice\7777\slice_1\layer_2.ini | z_offset: 1.0 | duration_ms: 375.0
24/07/2026 09:50:17.928 PM,gcode,gcode_generation,INFO,GCodeGeneratedEvent,stl_path: D:\UFAMeasy_Workspace\UFAMeasy\slice\7777\slice_1\layer_2_scaled.stl | gcode_path: D:\UFAMeasy_Workspace\UFAMeasy\slice\7777\slice_1\layer_2.nc | config_path: D:\UFAMeasy_Workspace\UFAMeasy\slice\7777\slice_1\layer_2.ini | z_offset: 1.0 | duration_ms: 375.0
24/07/2026 09:50:18.236 PM,gcode,gcode_generation,INFO,GCodeGeneratedEvent,stl_path: D:\UFAMeasy_Workspace\UFAMeasy\slice\7777\slice_1\layer_3_scaled.stl | gcode_path: D:\UFAMeasy_Workspace\UFAMeasy\slice\7777\slice_1\layer_3.nc | config_path: D:\UFAMeasy_Workspace\UFAMeasy\slice\7777\slice_1\layer_3.ini | z_offset: 2.0 | duration_ms: 311.9999999908032
24/07/2026 09:50:18.236 PM,gcode,gcode_generation,INFO,GCodeGeneratedEvent,stl_path: D:\UFAMeasy_Workspace\UFAMeasy\slice\7777\slice_1\layer_3_scaled.stl | gcode_path: D:\UFAMeasy_Workspace\UFAMeasy\slice\7777\slice_1\layer_3.nc | config_path: D:\UFAMeasy_Workspace\UFAMeasy\slice\7777\slice_1\layer_3.ini | z_offset: 2.0 | duration_ms: 311.9999999908032
24/07/2026 09:50:18.630 PM,gcode,gcode_generation,INFO,GCodeGeneratedEvent,stl_path: D:\UFAMeasy_Workspace\UFAMeasy\slice\7777\slice_2\layer_1_scaled.stl | gcode_path: D:\UFAMeasy_Workspace\UFAMeasy\slice\7777\slice_2\layer_1.nc | config_path: D:\UFAMeasy_Workspace\UFAMeasy\slice\7777\slice_2\layer_1.ini | z_offset: 3.0 | duration_ms: 375.0
24/07/2026 09:50:18.630 PM,gcode,gcode_generation,INFO,GCodeGeneratedEvent,stl_path: D:\UFAMeasy_Workspace\UFAMeasy\slice\7777\slice_2\layer_1_scaled.stl | gcode_path: D:\UFAMeasy_Workspace\UFAMeasy\slice\7777\slice_2\layer_1.nc | config_path: D:\UFAMeasy_Workspace\UFAMeasy\slice\7777\slice_2\layer_1.ini | z_offset: 3.0 | duration_ms: 375.0
24/07/2026 09:50:19.004 PM,gcode,gcode_generation,INFO,GCodeGeneratedEvent,stl_path: D:\UFAMeasy_Workspace\UFAMeasy\slice\7777\slice_3\layer_1_scaled.stl | gcode_path: D:\UFAMeasy_Workspace\UFAMeasy\slice\7777\slice_3\layer_1.nc | config_path: D:\UFAMeasy_Workspace\UFAMeasy\slice\7777\slice_3\layer_1.ini | z_offset: 4.0 | duration_ms: 358.99999999674037
24/07/2026 09:50:19.004 PM,gcode,gcode_generation,INFO,GCodeGeneratedEvent,stl_path: D:\UFAMeasy_Workspace\UFAMeasy\slice\7777\slice_3\layer_1_scaled.stl | gcode_path: D:\UFAMeasy_Workspace\UFAMeasy\slice\7777\slice_3\layer_1.nc | config_path: D:\UFAMeasy_Workspace\UFAMeasy\slice\7777\slice_3\layer_1.ini | z_offset: 4.0 | duration_ms: 358.99999999674037
24/07/2026 09:50:19.389 PM,gcode,gcode_generation,INFO,GCodeGeneratedEvent,stl_path: D:\UFAMeasy_Workspace\UFAMeasy\slice\7777\slice_4\layer_1_scaled.stl | gcode_path: D:\UFAMeasy_Workspace\UFAMeasy\slice\7777\slice_4\layer_1.nc | config_path: D:\UFAMeasy_Workspace\UFAMeasy\slice\7777\slice_4\layer_1.ini | z_offset: 5.0 | duration_ms: 343.99999999732245
24/07/2026 09:50:19.389 PM,gcode,gcode_generation,INFO,GCodeGeneratedEvent,stl_path: D:\UFAMeasy_Workspace\UFAMeasy\slice\7777\slice_4\layer_1_scaled.stl | gcode_path: D:\UFAMeasy_Workspace\UFAMeasy\slice\7777\slice_4\layer_1.nc | config_path: D:\UFAMeasy_Workspace\UFAMeasy\slice\7777\slice_4\layer_1.ini | z_offset: 5.0 | duration_ms: 343.99999999732245
24/07/2026 09:50:19.725 PM,gcode,gcode_generation,INFO,GCodeGeneratedEvent,stl_path: D:\UFAMeasy_Workspace\UFAMeasy\slice\7777\slice_4\layer_2_scaled.stl | gcode_path: D:\UFAMeasy_Workspace\UFAMeasy\slice\7777\slice_4\layer_2.nc | config_path: D:\UFAMeasy_Workspace\UFAMeasy\slice\7777\slice_4\layer_2.ini | z_offset: 6.0 | duration_ms: 343.99999999732245
24/07/2026 09:50:19.725 PM,gcode,gcode_generation,INFO,GCodeGeneratedEvent,stl_path: D:\UFAMeasy_Workspace\UFAMeasy\slice\7777\slice_4\layer_2_scaled.stl | gcode_path: D:\UFAMeasy_Workspace\UFAMeasy\slice\7777\slice_4\layer_2.nc | config_path: D:\UFAMeasy_Workspace\UFAMeasy\slice\7777\slice_4\layer_2.ini | z_offset: 6.0 | duration_ms: 343.99999999732245
24/07/2026 09:50:20.159 PM,gcode,gcode_generation,INFO,GCodeGeneratedEvent,stl_path: D:\UFAMeasy_Workspace\UFAMeasy\slice\7777\slice_5\layer_1_scaled.stl | gcode_path: D:\UFAMeasy_Workspace\UFAMeasy\slice\7777\slice_5\layer_1.nc | config_path: D:\UFAMeasy_Workspace\UFAMeasy\slice\7777\slice_5\layer_1.ini | z_offset: 7.0 | duration_ms: 343.99999999732245
24/07/2026 09:50:20.159 PM,gcode,gcode_generation,INFO,GCodeGeneratedEvent,stl_path: D:\UFAMeasy_Workspace\UFAMeasy\slice\7777\slice_5\layer_1_scaled.stl | gcode_path: D:\UFAMeasy_Workspace\UFAMeasy\slice\7777\slice_5\layer_1.nc | config_path: D:\UFAMeasy_Workspace\UFAMeasy\slice\7777\slice_5\layer_1.ini | z_offset: 7.0 | duration_ms: 343.99999999732245
24/07/2026 09:50:20.469 PM,gcode,gcode_generation,INFO,GCodeGeneratedEvent,stl_path: D:\UFAMeasy_Workspace\UFAMeasy\slice\7777\slice_5\layer_2_scaled.stl | gcode_path: D:\UFAMeasy_Workspace\UFAMeasy\slice\7777\slice_5\layer_2.nc | config_path: D:\UFAMeasy_Workspace\UFAMeasy\slice\7777\slice_5\layer_2.ini | z_offset: 8.0 | duration_ms: 312.9999999946449
24/07/2026 09:50:20.469 PM,gcode,gcode_generation,INFO,GCodeGeneratedEvent,stl_path: D:\UFAMeasy_Workspace\UFAMeasy\slice\7777\slice_5\layer_2_scaled.stl | gcode_path: D:\UFAMeasy_Workspace\UFAMeasy\slice\7777\slice_5\layer_2.nc | config_path: D:\UFAMeasy_Workspace\UFAMeasy\slice\7777\slice_5\layer_2.ini | z_offset: 8.0 | duration_ms: 312.9999999946449
24/07/2026 09:50:20.784 PM,gcode,gcode_generation,INFO,GCodeGeneratedEvent,stl_path: D:\UFAMeasy_Workspace\UFAMeasy\slice\7777\slice_5\layer_3_scaled.stl | gcode_path: D:\UFAMeasy_Workspace\UFAMeasy\slice\7777\slice_5\layer_3.nc | config_path: D:\UFAMeasy_Workspace\UFAMeasy\slice\7777\slice_5\layer_3.ini | z_offset: 9.0 | duration_ms: 312.0000000053551
24/07/2026 09:50:20.784 PM,gcode,gcode_generation,INFO,GCodeGeneratedEvent,stl_path: D:\UFAMeasy_Workspace\UFAMeasy\slice\7777\slice_5\layer_3_scaled.stl | gcode_path: D:\UFAMeasy_Workspace\UFAMeasy\slice\7777\slice_5\layer_3.nc | config_path: D:\UFAMeasy_Workspace\UFAMeasy\slice\7777\slice_5\layer_3.ini | z_offset: 9.0 | duration_ms: 312.0000000053551
24/07/2026 09:50:21.109 PM,gcode,gcode_generation,INFO,GCodeGeneratedEvent,stl_path: D:\UFAMeasy_Workspace\UFAMeasy\slice\7777\slice_5\layer_4_scaled.stl | gcode_path: D:\UFAMeasy_Workspace\UFAMeasy\slice\7777\slice_5\layer_4.nc | config_path: D:\UFAMeasy_Workspace\UFAMeasy\slice\7777\slice_5\layer_4.ini | z_offset: 10.0 | duration_ms: 327.9999999940628
24/07/2026 09:50:21.109 PM,gcode,gcode_generation,INFO,GCodeGeneratedEvent,stl_path: D:\UFAMeasy_Workspace\UFAMeasy\slice\7777\slice_5\layer_4_scaled.stl | gcode_path: D:\UFAMeasy_Workspace\UFAMeasy\slice\7777\slice_5\layer_4.nc | config_path: D:\UFAMeasy_Workspace\UFAMeasy\slice\7777\slice_5\layer_4.ini | z_offset: 10.0 | duration_ms: 327.9999999940628
24/07/2026 09:50:21.464 PM,gcode,gcode_generation,INFO,GCodeGeneratedEvent,stl_path: D:\UFAMeasy_Workspace\UFAMeasy\slice\7777\slice_5\layer_5_scaled.stl | gcode_path: D:\UFAMeasy_Workspace\UFAMeasy\slice\7777\slice_5\layer_5.nc | config_path: D:\UFAMeasy_Workspace\UFAMeasy\slice\7777\slice_5\layer_5.ini | z_offset: 11.0 | duration_ms: 344.00000001187436
24/07/2026 09:50:21.464 PM,gcode,gcode_generation,INFO,GCodeGeneratedEvent,stl_path: D:\UFAMeasy_Workspace\UFAMeasy\slice\7777\slice_5\layer_5_scaled.stl | gcode_path: D:\UFAMeasy_Workspace\UFAMeasy\slice\7777\slice_5\layer_5.nc | config_path: D:\UFAMeasy_Workspace\UFAMeasy\slice\7777\slice_5\layer_5.ini | z_offset: 11.0 | duration_ms: 344.00000001187436
24/07/2026 09:50:21.862 PM,gcode,gcode_generation,INFO,GCodeGeneratedEvent,stl_path: D:\UFAMeasy_Workspace\UFAMeasy\slice\7777\slice_6\layer_1_scaled.stl | gcode_path: D:\UFAMeasy_Workspace\UFAMeasy\slice\7777\slice_6\layer_1.nc | config_path: D:\UFAMeasy_Workspace\UFAMeasy\slice\7777\slice_6\layer_1.ini | z_offset: 12.0 | duration_ms: 327.9999999940628
24/07/2026 09:50:21.862 PM,gcode,gcode_generation,INFO,GCodeGeneratedEvent,stl_path: D:\UFAMeasy_Workspace\UFAMeasy\slice\7777\slice_6\layer_1_scaled.stl | gcode_path: D:\UFAMeasy_Workspace\UFAMeasy\slice\7777\slice_6\layer_1.nc | config_path: D:\UFAMeasy_Workspace\UFAMeasy\slice\7777\slice_6\layer_1.ini | z_offset: 12.0 | duration_ms: 327.9999999940628
24/07/2026 09:50:22.182 PM,gcode,gcode_generation,INFO,GCodeGeneratedEvent,stl_path: D:\UFAMeasy_Workspace\UFAMeasy\slice\7777\slice_6\layer_2_scaled.stl | gcode_path: D:\UFAMeasy_Workspace\UFAMeasy\slice\7777\slice_6\layer_2.nc | config_path: D:\UFAMeasy_Workspace\UFAMeasy\slice\7777\slice_6\layer_2.ini | z_offset: 13.0 | duration_ms: 313.0000000091968
24/07/2026 09:50:22.182 PM,gcode,gcode_generation,INFO,GCodeGeneratedEvent,stl_path: D:\UFAMeasy_Workspace\UFAMeasy\slice\7777\slice_6\layer_2_scaled.stl | gcode_path: D:\UFAMeasy_Workspace\UFAMeasy\slice\7777\slice_6\layer_2.nc | config_path: D:\UFAMeasy_Workspace\UFAMeasy\slice\7777\slice_6\layer_2.ini | z_offset: 13.0 | duration_ms: 313.0000000091968
24/07/2026 09:50:22.541 PM,gcode,gcode_generation,INFO,GCodeGeneratedEvent,stl_path: D:\UFAMeasy_Workspace\UFAMeasy\slice\7777\slice_6\layer_3_scaled.stl | gcode_path: D:\UFAMeasy_Workspace\UFAMeasy\slice\7777\slice_6\layer_3.nc | config_path: D:\UFAMeasy_Workspace\UFAMeasy\slice\7777\slice_6\layer_3.ini | z_offset: 14.0 | duration_ms: 358.99999999674037
24/07/2026 09:50:22.541 PM,gcode,gcode_generation,INFO,GCodeGeneratedEvent,stl_path: D:\UFAMeasy_Workspace\UFAMeasy\slice\7777\slice_6\layer_3_scaled.stl | gcode_path: D:\UFAMeasy_Workspace\UFAMeasy\slice\7777\slice_6\layer_3.nc | config_path: D:\UFAMeasy_Workspace\UFAMeasy\slice\7777\slice_6\layer_3.ini | z_offset: 14.0 | duration_ms: 358.99999999674037
24/07/2026 09:50:22.906 PM,gcode,gcode_generation,INFO,GCodeGeneratedEvent,stl_path: D:\UFAMeasy_Workspace\UFAMeasy\slice\7777\slice_7\layer_1_scaled.stl | gcode_path: D:\UFAMeasy_Workspace\UFAMeasy\slice\7777\slice_7\layer_1.nc | config_path: D:\UFAMeasy_Workspace\UFAMeasy\slice\7777\slice_7\layer_1.ini | z_offset: 15.0 | duration_ms: 312.0000000053551
24/07/2026 09:50:22.906 PM,gcode,gcode_generation,INFO,GCodeGeneratedEvent,stl_path: D:\UFAMeasy_Workspace\UFAMeasy\slice\7777\slice_7\layer_1_scaled.stl | gcode_path: D:\UFAMeasy_Workspace\UFAMeasy\slice\7777\slice_7\layer_1.nc | config_path: D:\UFAMeasy_Workspace\UFAMeasy\slice\7777\slice_7\layer_1.ini | z_offset: 15.0 | duration_ms: 312.0000000053551
24/07/2026 09:50:23.235 PM,gcode,gcode_generation,INFO,GCodeGeneratedEvent,stl_path: D:\UFAMeasy_Workspace\UFAMeasy\slice\7777\slice_7\layer_2_scaled.stl | gcode_path: D:\UFAMeasy_Workspace\UFAMeasy\slice\7777\slice_7\layer_2.nc | config_path: D:\UFAMeasy_Workspace\UFAMeasy\slice\7777\slice_7\layer_2.ini | z_offset: 16.0 | duration_ms: 327.9999999940628
24/07/2026 09:50:23.235 PM,gcode,gcode_generation,INFO,GCodeGeneratedEvent,stl_path: D:\UFAMeasy_Workspace\UFAMeasy\slice\7777\slice_7\layer_2_scaled.stl | gcode_path: D:\UFAMeasy_Workspace\UFAMeasy\slice\7777\slice_7\layer_2.nc | config_path: D:\UFAMeasy_Workspace\UFAMeasy\slice\7777\slice_7\layer_2.ini | z_offset: 16.0 | duration_ms: 327.9999999940628
24/07/2026 09:50:23.622 PM,gcode,gcode_generation,INFO,GCodeGeneratedEvent,stl_path: D:\UFAMeasy_Workspace\UFAMeasy\slice\7777\slice_7\layer_3_scaled.stl | gcode_path: D:\UFAMeasy_Workspace\UFAMeasy\slice\7777\slice_7\layer_3.nc | config_path: D:\UFAMeasy_Workspace\UFAMeasy\slice\7777\slice_7\layer_3.ini | z_offset: 17.0 | duration_ms: 375.0
24/07/2026 09:50:23.622 PM,gcode,gcode_generation,INFO,GCodeGeneratedEvent,stl_path: D:\UFAMeasy_Workspace\UFAMeasy\slice\7777\slice_7\layer_3_scaled.stl | gcode_path: D:\UFAMeasy_Workspace\UFAMeasy\slice\7777\slice_7\layer_3.nc | config_path: D:\UFAMeasy_Workspace\UFAMeasy\slice\7777\slice_7\layer_3.ini | z_offset: 17.0 | duration_ms: 375.0
24/07/2026 09:50:24.014 PM,gcode,gcode_generation,INFO,GCodeGeneratedEvent,stl_path: D:\UFAMeasy_Workspace\UFAMeasy\slice\7777\slice_8\layer_1_scaled.stl | gcode_path: D:\UFAMeasy_Workspace\UFAMeasy\slice\7777\slice_8\layer_1.nc | config_path: D:\UFAMeasy_Workspace\UFAMeasy\slice\7777\slice_8\layer_1.ini | z_offset: 18.0 | duration_ms: 327.9999999940628
24/07/2026 09:50:24.014 PM,gcode,gcode_generation,INFO,GCodeGeneratedEvent,stl_path: D:\UFAMeasy_Workspace\UFAMeasy\slice\7777\slice_8\layer_1_scaled.stl | gcode_path: D:\UFAMeasy_Workspace\UFAMeasy\slice\7777\slice_8\layer_1.nc | config_path: D:\UFAMeasy_Workspace\UFAMeasy\slice\7777\slice_8\layer_1.ini | z_offset: 18.0 | duration_ms: 327.9999999940628
24/07/2026 09:50:24.348 PM,gcode,gcode_generation,INFO,GCodeGeneratedEvent,stl_path: D:\UFAMeasy_Workspace\UFAMeasy\slice\7777\slice_8\layer_2_scaled.stl | gcode_path: D:\UFAMeasy_Workspace\UFAMeasy\slice\7777\slice_8\layer_2.nc | config_path: D:\UFAMeasy_Workspace\UFAMeasy\slice\7777\slice_8\layer_2.ini | z_offset: 19.0 | duration_ms: 343.99999999732245
24/07/2026 09:50:24.348 PM,gcode,gcode_generation,INFO,GCodeGeneratedEvent,stl_path: D:\UFAMeasy_Workspace\UFAMeasy\slice\7777\slice_8\layer_2_scaled.stl | gcode_path: D:\UFAMeasy_Workspace\UFAMeasy\slice\7777\slice_8\layer_2.nc | config_path: D:\UFAMeasy_Workspace\UFAMeasy\slice\7777\slice_8\layer_2.ini | z_offset: 19.0 | duration_ms: 343.99999999732245
24/07/2026 09:50:24.360 PM,session,session_sidecar,INFO,SessionSavedEvent,Saved session 'D:\UFAMeasy_Workspace\UFAMeasy\slice\7777\lava.ufamsession.json' with 8 slices
24/07/2026 09:50:24.360 PM,session,session_sidecar,INFO,SessionSavedEvent,Saved session 'D:\UFAMeasy_Workspace\UFAMeasy\slice\7777\lava.ufamsession.json' with 8 slices
24/07/2026 09:50:26.075 PM,session,session_sidecar,INFO,SessionSavedEvent,Saved session 'D:\UFAMeasy_Workspace\UFAMeasy\slice\7777\lava.ufamsession.json' with 8 slices
24/07/2026 09:50:26.075 PM,session,session_sidecar,INFO,SessionSavedEvent,Saved session 'D:\UFAMeasy_Workspace\UFAMeasy\slice\7777\lava.ufamsession.json' with 8 slices
24/07/2026 09:50:26.076 PM,gcode,gcode_merge,INFO,GCodeMergedEvent,Merged 8 slices into 'D:\UFAMeasy_Workspace\UFAMeasy\slice\7777\combined_print.gcode' (14.999999999417923ms)
24/07/2026 09:50:26.076 PM,gcode,gcode_merge,INFO,GCodeMergedEvent,Merged 8 slices into 'D:\UFAMeasy_Workspace\UFAMeasy\slice\7777\combined_print.gcode' (14.999999999417923ms)
24/07/2026 09:50:30.548 PM,workflow,job_estimator,INFO,JobEstimationEvent,Started estimation for 'D:\UFAMeasy_Workspace\UFAMeasy\slice\7777\slice_1.gcode' (0ms)
24/07/2026 09:50:30.548 PM,workflow,job_estimator,INFO,JobEstimationEvent,Started estimation for 'D:\UFAMeasy_Workspace\UFAMeasy\slice\7777\slice_1.gcode' (0ms)
24/07/2026 09:50:30.557 PM,workflow,job_estimator,INFO,JobEstimationEvent,Completed estimation for 'D:\UFAMeasy_Workspace\UFAMeasy\slice\7777\slice_1.gcode' (8.32819999777712ms)
24/07/2026 09:50:30.557 PM,workflow,job_estimator,INFO,JobEstimationEvent,Completed estimation for 'D:\UFAMeasy_Workspace\UFAMeasy\slice\7777\slice_1.gcode' (8.32819999777712ms)
24/07/2026 09:50:30.557 PM,workflow,job_estimator,INFO,JobEstimationEvent,Started estimation for 'D:\UFAMeasy_Workspace\UFAMeasy\slice\7777\slice_2.gcode' (0ms)
24/07/2026 09:50:30.557 PM,workflow,job_estimator,INFO,JobEstimationEvent,Started estimation for 'D:\UFAMeasy_Workspace\UFAMeasy\slice\7777\slice_2.gcode' (0ms)
24/07/2026 09:50:30.559 PM,workflow,job_estimator,INFO,JobEstimationEvent,Completed estimation for 'D:\UFAMeasy_Workspace\UFAMeasy\slice\7777\slice_2.gcode' (3.1983000080799684ms)
24/07/2026 09:50:30.559 PM,workflow,job_estimator,INFO,JobEstimationEvent,Completed estimation for 'D:\UFAMeasy_Workspace\UFAMeasy\slice\7777\slice_2.gcode' (3.1983000080799684ms)
24/07/2026 09:50:30.560 PM,workflow,job_estimator,INFO,JobEstimationEvent,Started estimation for 'D:\UFAMeasy_Workspace\UFAMeasy\slice\7777\slice_3.gcode' (0ms)
24/07/2026 09:50:30.560 PM,workflow,job_estimator,INFO,JobEstimationEvent,Started estimation for 'D:\UFAMeasy_Workspace\UFAMeasy\slice\7777\slice_3.gcode' (0ms)
24/07/2026 09:50:30.564 PM,workflow,job_estimator,INFO,JobEstimationEvent,Completed estimation for 'D:\UFAMeasy_Workspace\UFAMeasy\slice\7777\slice_3.gcode' (3.1584000098519027ms)
24/07/2026 09:50:30.564 PM,workflow,job_estimator,INFO,JobEstimationEvent,Completed estimation for 'D:\UFAMeasy_Workspace\UFAMeasy\slice\7777\slice_3.gcode' (3.1584000098519027ms)
24/07/2026 09:50:30.564 PM,workflow,job_estimator,INFO,JobEstimationEvent,Started estimation for 'D:\UFAMeasy_Workspace\UFAMeasy\slice\7777\slice_4.gcode' (0ms)
24/07/2026 09:50:30.564 PM,workflow,job_estimator,INFO,JobEstimationEvent,Started estimation for 'D:\UFAMeasy_Workspace\UFAMeasy\slice\7777\slice_4.gcode' (0ms)
24/07/2026 09:50:30.574 PM,workflow,job_estimator,INFO,JobEstimationEvent,Completed estimation for 'D:\UFAMeasy_Workspace\UFAMeasy\slice\7777\slice_4.gcode' (10.775100003229454ms)
24/07/2026 09:50:30.574 PM,workflow,job_estimator,INFO,JobEstimationEvent,Completed estimation for 'D:\UFAMeasy_Workspace\UFAMeasy\slice\7777\slice_4.gcode' (10.775100003229454ms)
24/07/2026 09:50:30.574 PM,workflow,job_estimator,INFO,JobEstimationEvent,Started estimation for 'D:\UFAMeasy_Workspace\UFAMeasy\slice\7777\slice_5.gcode' (0ms)
24/07/2026 09:50:30.574 PM,workflow,job_estimator,INFO,JobEstimationEvent,Started estimation for 'D:\UFAMeasy_Workspace\UFAMeasy\slice\7777\slice_5.gcode' (0ms)
24/07/2026 09:50:30.586 PM,workflow,job_estimator,INFO,JobEstimationEvent,Completed estimation for 'D:\UFAMeasy_Workspace\UFAMeasy\slice\7777\slice_5.gcode' (11.554500000784174ms)
24/07/2026 09:50:30.586 PM,workflow,job_estimator,INFO,JobEstimationEvent,Completed estimation for 'D:\UFAMeasy_Workspace\UFAMeasy\slice\7777\slice_5.gcode' (11.554500000784174ms)
24/07/2026 09:50:30.586 PM,workflow,job_estimator,INFO,JobEstimationEvent,Started estimation for 'D:\UFAMeasy_Workspace\UFAMeasy\slice\7777\slice_6.gcode' (0ms)
24/07/2026 09:50:30.586 PM,workflow,job_estimator,INFO,JobEstimationEvent,Started estimation for 'D:\UFAMeasy_Workspace\UFAMeasy\slice\7777\slice_6.gcode' (0ms)
24/07/2026 09:50:30.595 PM,workflow,job_estimator,INFO,JobEstimationEvent,Completed estimation for 'D:\UFAMeasy_Workspace\UFAMeasy\slice\7777\slice_6.gcode' (8.694600008311681ms)
24/07/2026 09:50:30.595 PM,workflow,job_estimator,INFO,JobEstimationEvent,Completed estimation for 'D:\UFAMeasy_Workspace\UFAMeasy\slice\7777\slice_6.gcode' (8.694600008311681ms)
24/07/2026 09:50:30.595 PM,workflow,job_estimator,INFO,JobEstimationEvent,Started estimation for 'D:\UFAMeasy_Workspace\UFAMeasy\slice\7777\slice_7.gcode' (0ms)
24/07/2026 09:50:30.595 PM,workflow,job_estimator,INFO,JobEstimationEvent,Started estimation for 'D:\UFAMeasy_Workspace\UFAMeasy\slice\7777\slice_7.gcode' (0ms)
24/07/2026 09:50:30.603 PM,workflow,job_estimator,INFO,JobEstimationEvent,Completed estimation for 'D:\UFAMeasy_Workspace\UFAMeasy\slice\7777\slice_7.gcode' (7.2942999977385625ms)
24/07/2026 09:50:30.603 PM,workflow,job_estimator,INFO,JobEstimationEvent,Completed estimation for 'D:\UFAMeasy_Workspace\UFAMeasy\slice\7777\slice_7.gcode' (7.2942999977385625ms)
24/07/2026 09:50:30.603 PM,workflow,job_estimator,INFO,JobEstimationEvent,Started estimation for 'D:\UFAMeasy_Workspace\UFAMeasy\slice\7777\slice_8.gcode' (0ms)
24/07/2026 09:50:30.603 PM,workflow,job_estimator,INFO,JobEstimationEvent,Started estimation for 'D:\UFAMeasy_Workspace\UFAMeasy\slice\7777\slice_8.gcode' (0ms)
24/07/2026 09:50:30.608 PM,workflow,job_estimator,INFO,JobEstimationEvent,Completed estimation for 'D:\UFAMeasy_Workspace\UFAMeasy\slice\7777\slice_8.gcode' (5.273000002489425ms)
24/07/2026 09:50:30.608 PM,workflow,job_estimator,INFO,JobEstimationEvent,Completed estimation for 'D:\UFAMeasy_Workspace\UFAMeasy\slice\7777\slice_8.gcode' (5.273000002489425ms)
24/07/2026 09:50:30.608 PM,workflow,job_estimator,INFO,JobEstimationEvent,Started estimation for 'D:\UFAMeasy_Workspace\UFAMeasy\slice\7777\combined_print.gcode' (0ms)
24/07/2026 09:50:30.608 PM,workflow,job_estimator,INFO,JobEstimationEvent,Started estimation for 'D:\UFAMeasy_Workspace\UFAMeasy\slice\7777\combined_print.gcode' (0ms)
24/07/2026 09:50:30.653 PM,workflow,job_estimator,INFO,JobEstimationEvent,Completed estimation for 'D:\UFAMeasy_Workspace\UFAMeasy\slice\7777\combined_print.gcode' (44.61080000328366ms)
24/07/2026 09:50:30.653 PM,workflow,job_estimator,INFO,JobEstimationEvent,Completed estimation for 'D:\UFAMeasy_Workspace\UFAMeasy\slice\7777\combined_print.gcode' (44.61080000328366ms)
24/07/2026 09:53:08.445 PM,session,document,INFO,FileEvent,Document Closed | Path: D:/UFAMeasy_Workspace/UFAMeasy/slice/7777/lava.FCStd | Name: Unnamed
24/07/2026 09:53:08.445 PM,session,document,INFO,FileEvent,Document Closed | Path: D:/UFAMeasy_Workspace/UFAMeasy/slice/7777/lava.FCStd | Name: Unnamed
24/07/2026 09:53:33.132 PM,workflow,geometry,INFO,ShapeChangedEvent,"Created Cylinder (Label: 'Cylinder') [a=10.0, b=30.0, c=20.0]"
24/07/2026 09:53:33.132 PM,workflow,geometry,INFO,ShapeChangedEvent,"Created Cylinder (Label: 'Cylinder') [a=10.0, b=30.0, c=20.0]"
24/07/2026 09:53:54.105 PM,session,document,INFO,FileEvent,Document Saved | Path: D:/UFAMeasy_Workspace/UFAMeasy/slice/lkjg/cynh.FCStd
24/07/2026 09:53:54.105 PM,session,document,INFO,FileEvent,Document Saved | Path: D:/UFAMeasy_Workspace/UFAMeasy/slice/lkjg/cynh.FCStd
24/07/2026 09:53:54.106 PM,session,persistence,INFO,SessionSavedEvent,Saved session 'D:/UFAMeasy_Workspace/UFAMeasy/slice/lkjg/cynh.FCStd' with 0 slices
24/07/2026 09:53:54.106 PM,session,persistence,INFO,SessionSavedEvent,Saved session 'D:/UFAMeasy_Workspace/UFAMeasy/slice/lkjg/cynh.FCStd' with 0 slices
24/07/2026 09:54:10.642 PM,workflow,slicing,INFO,SliceStartedEvent,slice_index: 1 | output_path: D:\UFAMeasy_Workspace\UFAMeasy\slice\lkjg | plane_count: 3
24/07/2026 09:54:10.642 PM,workflow,slicing,INFO,SliceStartedEvent,slice_index: 1 | output_path: D:\UFAMeasy_Workspace\UFAMeasy\slice\lkjg | plane_count: 3
24/07/2026 09:54:10.705 PM,workflow,slicing,INFO,SliceCompletedEvent,slice_index: 1 | filename: slice_1.stl | output_path: D:\UFAMeasy_Workspace\UFAMeasy\slice\lkjg | z_offset: 0.0 | center_x: 0.012179851531982422 | center_y: 0.0 | duration_ms: 62.000000005355105
24/07/2026 09:54:10.705 PM,workflow,slicing,INFO,SliceCompletedEvent,slice_index: 1 | filename: slice_1.stl | output_path: D:\UFAMeasy_Workspace\UFAMeasy\slice\lkjg | z_offset: 0.0 | center_x: 0.012179851531982422 | center_y: 0.0 | duration_ms: 62.000000005355105
24/07/2026 09:54:10.721 PM,workflow,slicing,INFO,SliceStartedEvent,slice_index: 2 | output_path: D:\UFAMeasy_Workspace\UFAMeasy\slice\lkjg | plane_count: 3
24/07/2026 09:54:10.721 PM,workflow,slicing,INFO,SliceStartedEvent,slice_index: 2 | output_path: D:\UFAMeasy_Workspace\UFAMeasy\slice\lkjg | plane_count: 3
24/07/2026 09:54:10.726 PM,workflow,slicing,INFO,SliceCompletedEvent,slice_index: 2 | filename: slice_2.stl | output_path: D:\UFAMeasy_Workspace\UFAMeasy\slice\lkjg | z_offset: 5.0 | center_x: 0.012179851531982422 | center_y: 0.0 | duration_ms: 0.0
24/07/2026 09:54:10.726 PM,workflow,slicing,INFO,SliceCompletedEvent,slice_index: 2 | filename: slice_2.stl | output_path: D:\UFAMeasy_Workspace\UFAMeasy\slice\lkjg | z_offset: 5.0 | center_x: 0.012179851531982422 | center_y: 0.0 | duration_ms: 0.0
24/07/2026 09:54:10.742 PM,workflow,slicing,INFO,SliceStartedEvent,slice_index: 3 | output_path: D:\UFAMeasy_Workspace\UFAMeasy\slice\lkjg | plane_count: 3
24/07/2026 09:54:10.742 PM,workflow,slicing,INFO,SliceStartedEvent,slice_index: 3 | output_path: D:\UFAMeasy_Workspace\UFAMeasy\slice\lkjg | plane_count: 3
24/07/2026 09:54:10.749 PM,workflow,slicing,INFO,SliceCompletedEvent,slice_index: 3 | filename: slice_3.stl | output_path: D:\UFAMeasy_Workspace\UFAMeasy\slice\lkjg | z_offset: 13.0 | center_x: 0.012179851531982422 | center_y: 0.0 | duration_ms: 0.0
24/07/2026 09:54:10.749 PM,workflow,slicing,INFO,SliceCompletedEvent,slice_index: 3 | filename: slice_3.stl | output_path: D:\UFAMeasy_Workspace\UFAMeasy\slice\lkjg | z_offset: 13.0 | center_x: 0.012179851531982422 | center_y: 0.0 | duration_ms: 0.0
24/07/2026 09:54:10.755 PM,workflow,slicing,INFO,SliceStartedEvent,slice_index: 4 | output_path: D:\UFAMeasy_Workspace\UFAMeasy\slice\lkjg | plane_count: 3
24/07/2026 09:54:10.755 PM,workflow,slicing,INFO,SliceStartedEvent,slice_index: 4 | output_path: D:\UFAMeasy_Workspace\UFAMeasy\slice\lkjg | plane_count: 3
24/07/2026 09:54:10.765 PM,workflow,slicing,INFO,SliceCompletedEvent,slice_index: 4 | filename: slice_4.stl | output_path: D:\UFAMeasy_Workspace\UFAMeasy\slice\lkjg | z_offset: 15.0 | center_x: 0.012179851531982422 | center_y: 0.0 | duration_ms: 0.0
24/07/2026 09:54:10.765 PM,workflow,slicing,INFO,SliceCompletedEvent,slice_index: 4 | filename: slice_4.stl | output_path: D:\UFAMeasy_Workspace\UFAMeasy\slice\lkjg | z_offset: 15.0 | center_x: 0.012179851531982422 | center_y: 0.0 | duration_ms: 0.0
24/07/2026 09:54:11.807 PM,session,session_sidecar,INFO,SessionSavedEvent,Saved session 'D:\UFAMeasy_Workspace\UFAMeasy\slice\lkjg\cynh.ufamsession.json' with 4 slices
24/07/2026 09:54:11.807 PM,session,session_sidecar,INFO,SessionSavedEvent,Saved session 'D:\UFAMeasy_Workspace\UFAMeasy\slice\lkjg\cynh.ufamsession.json' with 4 slices
24/07/2026 09:54:16.263 PM,gcode,gcode_generation,INFO,GCodeGeneratedEvent,stl_path: D:\UFAMeasy_Workspace\UFAMeasy\slice\lkjg\slice_1\layer_1_scaled.stl | gcode_path: D:\UFAMeasy_Workspace\UFAMeasy\slice\lkjg\slice_1\layer_1.nc | config_path: D:\UFAMeasy_Workspace\UFAMeasy\slice\lkjg\slice_1\layer_1.ini | z_offset: 0.0 | duration_ms: 296.99999999138527
24/07/2026 09:54:16.263 PM,gcode,gcode_generation,INFO,GCodeGeneratedEvent,stl_path: D:\UFAMeasy_Workspace\UFAMeasy\slice\lkjg\slice_1\layer_1_scaled.stl | gcode_path: D:\UFAMeasy_Workspace\UFAMeasy\slice\lkjg\slice_1\layer_1.nc | config_path: D:\UFAMeasy_Workspace\UFAMeasy\slice\lkjg\slice_1\layer_1.ini | z_offset: 0.0 | duration_ms: 296.99999999138527
24/07/2026 09:54:16.550 PM,gcode,gcode_generation,INFO,GCodeGeneratedEvent,stl_path: D:\UFAMeasy_Workspace\UFAMeasy\slice\lkjg\slice_1\layer_2_scaled.stl | gcode_path: D:\UFAMeasy_Workspace\UFAMeasy\slice\lkjg\slice_1\layer_2.nc | config_path: D:\UFAMeasy_Workspace\UFAMeasy\slice\lkjg\slice_1\layer_2.ini | z_offset: 1.0 | duration_ms: 297.0000000059372
24/07/2026 09:54:16.550 PM,gcode,gcode_generation,INFO,GCodeGeneratedEvent,stl_path: D:\UFAMeasy_Workspace\UFAMeasy\slice\lkjg\slice_1\layer_2_scaled.stl | gcode_path: D:\UFAMeasy_Workspace\UFAMeasy\slice\lkjg\slice_1\layer_2.nc | config_path: D:\UFAMeasy_Workspace\UFAMeasy\slice\lkjg\slice_1\layer_2.ini | z_offset: 1.0 | duration_ms: 297.0000000059372
24/07/2026 09:54:16.855 PM,gcode,gcode_generation,INFO,GCodeGeneratedEvent,stl_path: D:\UFAMeasy_Workspace\UFAMeasy\slice\lkjg\slice_1\layer_3_scaled.stl | gcode_path: D:\UFAMeasy_Workspace\UFAMeasy\slice\lkjg\slice_1\layer_3.nc | config_path: D:\UFAMeasy_Workspace\UFAMeasy\slice\lkjg\slice_1\layer_3.ini | z_offset: 2.0 | duration_ms: 296.99999999138527
24/07/2026 09:54:16.855 PM,gcode,gcode_generation,INFO,GCodeGeneratedEvent,stl_path: D:\UFAMeasy_Workspace\UFAMeasy\slice\lkjg\slice_1\layer_3_scaled.stl | gcode_path: D:\UFAMeasy_Workspace\UFAMeasy\slice\lkjg\slice_1\layer_3.nc | config_path: D:\UFAMeasy_Workspace\UFAMeasy\slice\lkjg\slice_1\layer_3.ini | z_offset: 2.0 | duration_ms: 296.99999999138527
24/07/2026 09:54:17.137 PM,gcode,gcode_generation,INFO,GCodeGeneratedEvent,stl_path: D:\UFAMeasy_Workspace\UFAMeasy\slice\lkjg\slice_1\layer_4_scaled.stl | gcode_path: D:\UFAMeasy_Workspace\UFAMeasy\slice\lkjg\slice_1\layer_4.nc | config_path: D:\UFAMeasy_Workspace\UFAMeasy\slice\lkjg\slice_1\layer_4.ini | z_offset: 3.0 | duration_ms: 281.00000000267755
24/07/2026 09:54:17.137 PM,gcode,gcode_generation,INFO,GCodeGeneratedEvent,stl_path: D:\UFAMeasy_Workspace\UFAMeasy\slice\lkjg\slice_1\layer_4_scaled.stl | gcode_path: D:\UFAMeasy_Workspace\UFAMeasy\slice\lkjg\slice_1\layer_4.nc | config_path: D:\UFAMeasy_Workspace\UFAMeasy\slice\lkjg\slice_1\layer_4.ini | z_offset: 3.0 | duration_ms: 281.00000000267755
24/07/2026 09:54:17.488 PM,gcode,gcode_generation,INFO,GCodeGeneratedEvent,stl_path: D:\UFAMeasy_Workspace\UFAMeasy\slice\lkjg\slice_1\layer_5_scaled.stl | gcode_path: D:\UFAMeasy_Workspace\UFAMeasy\slice\lkjg\slice_1\layer_5.nc | config_path: D:\UFAMeasy_Workspace\UFAMeasy\slice\lkjg\slice_1\layer_5.ini | z_offset: 4.0 | duration_ms: 358.99999999674037
24/07/2026 09:54:17.488 PM,gcode,gcode_generation,INFO,GCodeGeneratedEvent,stl_path: D:\UFAMeasy_Workspace\UFAMeasy\slice\lkjg\slice_1\layer_5_scaled.stl | gcode_path: D:\UFAMeasy_Workspace\UFAMeasy\slice\lkjg\slice_1\layer_5.nc | config_path: D:\UFAMeasy_Workspace\UFAMeasy\slice\lkjg\slice_1\layer_5.ini | z_offset: 4.0 | duration_ms: 358.99999999674037
24/07/2026 09:54:18.010 PM,gcode,gcode_generation,INFO,GCodeGeneratedEvent,stl_path: D:\UFAMeasy_Workspace\UFAMeasy\slice\lkjg\slice_2\layer_1_scaled.stl | gcode_path: D:\UFAMeasy_Workspace\UFAMeasy\slice\lkjg\slice_2\layer_1.nc | config_path: D:\UFAMeasy_Workspace\UFAMeasy\slice\lkjg\slice_2\layer_1.ini | z_offset: 5.0 | duration_ms: 375.0
24/07/2026 09:54:18.010 PM,gcode,gcode_generation,INFO,GCodeGeneratedEvent,stl_path: D:\UFAMeasy_Workspace\UFAMeasy\slice\lkjg\slice_2\layer_1_scaled.stl | gcode_path: D:\UFAMeasy_Workspace\UFAMeasy\slice\lkjg\slice_2\layer_1.nc | config_path: D:\UFAMeasy_Workspace\UFAMeasy\slice\lkjg\slice_2\layer_1.ini | z_offset: 5.0 | duration_ms: 375.0
24/07/2026 09:54:18.382 PM,gcode,gcode_generation,INFO,GCodeGeneratedEvent,stl_path: D:\UFAMeasy_Workspace\UFAMeasy\slice\lkjg\slice_2\layer_2_scaled.stl | gcode_path: D:\UFAMeasy_Workspace\UFAMeasy\slice\lkjg\slice_2\layer_2.nc | config_path: D:\UFAMeasy_Workspace\UFAMeasy\slice\lkjg\slice_2\layer_2.ini | z_offset: 6.0 | duration_ms: 375.0
24/07/2026 09:54:18.382 PM,gcode,gcode_generation,INFO,GCodeGeneratedEvent,stl_path: D:\UFAMeasy_Workspace\UFAMeasy\slice\lkjg\slice_2\layer_2_scaled.stl | gcode_path: D:\UFAMeasy_Workspace\UFAMeasy\slice\lkjg\slice_2\layer_2.nc | config_path: D:\UFAMeasy_Workspace\UFAMeasy\slice\lkjg\slice_2\layer_2.ini | z_offset: 6.0 | duration_ms: 375.0
24/07/2026 09:54:18.740 PM,gcode,gcode_generation,INFO,GCodeGeneratedEvent,stl_path: D:\UFAMeasy_Workspace\UFAMeasy\slice\lkjg\slice_2\layer_3_scaled.stl | gcode_path: D:\UFAMeasy_Workspace\UFAMeasy\slice\lkjg\slice_2\layer_3.nc | config_path: D:\UFAMeasy_Workspace\UFAMeasy\slice\lkjg\slice_2\layer_3.ini | z_offset: 7.0 | duration_ms: 358.99999999674037
24/07/2026 09:54:18.740 PM,gcode,gcode_generation,INFO,GCodeGeneratedEvent,stl_path: D:\UFAMeasy_Workspace\UFAMeasy\slice\lkjg\slice_2\layer_3_scaled.stl | gcode_path: D:\UFAMeasy_Workspace\UFAMeasy\slice\lkjg\slice_2\layer_3.nc | config_path: D:\UFAMeasy_Workspace\UFAMeasy\slice\lkjg\slice_2\layer_3.ini | z_offset: 7.0 | duration_ms: 358.99999999674037
24/07/2026 09:54:19.123 PM,gcode,gcode_generation,INFO,GCodeGeneratedEvent,stl_path: D:\UFAMeasy_Workspace\UFAMeasy\slice\lkjg\slice_2\layer_4_scaled.stl | gcode_path: D:\UFAMeasy_Workspace\UFAMeasy\slice\lkjg\slice_2\layer_4.nc | config_path: D:\UFAMeasy_Workspace\UFAMeasy\slice\lkjg\slice_2\layer_4.ini | z_offset: 8.0 | duration_ms: 375.0
24/07/2026 09:54:19.123 PM,gcode,gcode_generation,INFO,GCodeGeneratedEvent,stl_path: D:\UFAMeasy_Workspace\UFAMeasy\slice\lkjg\slice_2\layer_4_scaled.stl | gcode_path: D:\UFAMeasy_Workspace\UFAMeasy\slice\lkjg\slice_2\layer_4.nc | config_path: D:\UFAMeasy_Workspace\UFAMeasy\slice\lkjg\slice_2\layer_4.ini | z_offset: 8.0 | duration_ms: 375.0
24/07/2026 09:54:19.436 PM,gcode,gcode_generation,INFO,GCodeGeneratedEvent,stl_path: D:\UFAMeasy_Workspace\UFAMeasy\slice\lkjg\slice_2\layer_5_scaled.stl | gcode_path: D:\UFAMeasy_Workspace\UFAMeasy\slice\lkjg\slice_2\layer_5.nc | config_path: D:\UFAMeasy_Workspace\UFAMeasy\slice\lkjg\slice_2\layer_5.ini | z_offset: 9.0 | duration_ms: 313.0000000091968
24/07/2026 09:54:19.436 PM,gcode,gcode_generation,INFO,GCodeGeneratedEvent,stl_path: D:\UFAMeasy_Workspace\UFAMeasy\slice\lkjg\slice_2\layer_5_scaled.stl | gcode_path: D:\UFAMeasy_Workspace\UFAMeasy\slice\lkjg\slice_2\layer_5.nc | config_path: D:\UFAMeasy_Workspace\UFAMeasy\slice\lkjg\slice_2\layer_5.ini | z_offset: 9.0 | duration_ms: 313.0000000091968
24/07/2026 09:54:19.730 PM,gcode,gcode_generation,INFO,GCodeGeneratedEvent,stl_path: D:\UFAMeasy_Workspace\UFAMeasy\slice\lkjg\slice_2\layer_6_scaled.stl | gcode_path: D:\UFAMeasy_Workspace\UFAMeasy\slice\lkjg\slice_2\layer_6.nc | config_path: D:\UFAMeasy_Workspace\UFAMeasy\slice\lkjg\slice_2\layer_6.ini | z_offset: 10.0 | duration_ms: 281.99999999196734
24/07/2026 09:54:19.730 PM,gcode,gcode_generation,INFO,GCodeGeneratedEvent,stl_path: D:\UFAMeasy_Workspace\UFAMeasy\slice\lkjg\slice_2\layer_6_scaled.stl | gcode_path: D:\UFAMeasy_Workspace\UFAMeasy\slice\lkjg\slice_2\layer_6.nc | config_path: D:\UFAMeasy_Workspace\UFAMeasy\slice\lkjg\slice_2\layer_6.ini | z_offset: 10.0 | duration_ms: 281.99999999196734
24/07/2026 09:54:20.025 PM,gcode,gcode_generation,INFO,GCodeGeneratedEvent,stl_path: D:\UFAMeasy_Workspace\UFAMeasy\slice\lkjg\slice_2\layer_7_scaled.stl | gcode_path: D:\UFAMeasy_Workspace\UFAMeasy\slice\lkjg\slice_2\layer_7.nc | config_path: D:\UFAMeasy_Workspace\UFAMeasy\slice\lkjg\slice_2\layer_7.ini | z_offset: 11.0 | duration_ms: 297.0000000059372
24/07/2026 09:54:20.025 PM,gcode,gcode_generation,INFO,GCodeGeneratedEvent,stl_path: D:\UFAMeasy_Workspace\UFAMeasy\slice\lkjg\slice_2\layer_7_scaled.stl | gcode_path: D:\UFAMeasy_Workspace\UFAMeasy\slice\lkjg\slice_2\layer_7.nc | config_path: D:\UFAMeasy_Workspace\UFAMeasy\slice\lkjg\slice_2\layer_7.ini | z_offset: 11.0 | duration_ms: 297.0000000059372
24/07/2026 09:54:20.353 PM,gcode,gcode_generation,INFO,GCodeGeneratedEvent,stl_path: D:\UFAMeasy_Workspace\UFAMeasy\slice\lkjg\slice_2\layer_8_scaled.stl | gcode_path: D:\UFAMeasy_Workspace\UFAMeasy\slice\lkjg\slice_2\layer_8.nc | config_path: D:\UFAMeasy_Workspace\UFAMeasy\slice\lkjg\slice_2\layer_8.ini | z_offset: 12.0 | duration_ms: 327.9999999940628
24/07/2026 09:54:20.353 PM,gcode,gcode_generation,INFO,GCodeGeneratedEvent,stl_path: D:\UFAMeasy_Workspace\UFAMeasy\slice\lkjg\slice_2\layer_8_scaled.stl | gcode_path: D:\UFAMeasy_Workspace\UFAMeasy\slice\lkjg\slice_2\layer_8.nc | config_path: D:\UFAMeasy_Workspace\UFAMeasy\slice\lkjg\slice_2\layer_8.ini | z_offset: 12.0 | duration_ms: 327.9999999940628
24/07/2026 09:54:20.730 PM,gcode,gcode_generation,INFO,GCodeGeneratedEvent,stl_path: D:\UFAMeasy_Workspace\UFAMeasy\slice\lkjg\slice_3\layer_1_scaled.stl | gcode_path: D:\UFAMeasy_Workspace\UFAMeasy\slice\lkjg\slice_3\layer_1.nc | config_path: D:\UFAMeasy_Workspace\UFAMeasy\slice\lkjg\slice_3\layer_1.ini | z_offset: 13.0 | duration_ms: 327.9999999940628
24/07/2026 09:54:20.730 PM,gcode,gcode_generation,INFO,GCodeGeneratedEvent,stl_path: D:\UFAMeasy_Workspace\UFAMeasy\slice\lkjg\slice_3\layer_1_scaled.stl | gcode_path: D:\UFAMeasy_Workspace\UFAMeasy\slice\lkjg\slice_3\layer_1.nc | config_path: D:\UFAMeasy_Workspace\UFAMeasy\slice\lkjg\slice_3\layer_1.ini | z_offset: 13.0 | duration_ms: 327.9999999940628
24/07/2026 09:54:21.046 PM,gcode,gcode_generation,INFO,GCodeGeneratedEvent,stl_path: D:\UFAMeasy_Workspace\UFAMeasy\slice\lkjg\slice_3\layer_2_scaled.stl | gcode_path: D:\UFAMeasy_Workspace\UFAMeasy\slice\lkjg\slice_3\layer_2.nc | config_path: D:\UFAMeasy_Workspace\UFAMeasy\slice\lkjg\slice_3\layer_2.ini | z_offset: 14.0 | duration_ms: 312.0000000053551
24/07/2026 09:54:21.046 PM,gcode,gcode_generation,INFO,GCodeGeneratedEvent,stl_path: D:\UFAMeasy_Workspace\UFAMeasy\slice\lkjg\slice_3\layer_2_scaled.stl | gcode_path: D:\UFAMeasy_Workspace\UFAMeasy\slice\lkjg\slice_3\layer_2.nc | config_path: D:\UFAMeasy_Workspace\UFAMeasy\slice\lkjg\slice_3\layer_2.ini | z_offset: 14.0 | duration_ms: 312.0000000053551
24/07/2026 09:54:21.594 PM,gcode,gcode_generation,INFO,GCodeGeneratedEvent,stl_path: D:\UFAMeasy_Workspace\UFAMeasy\slice\lkjg\slice_4\layer_1_scaled.stl | gcode_path: D:\UFAMeasy_Workspace\UFAMeasy\slice\lkjg\slice_4\layer_1.nc | config_path: D:\UFAMeasy_Workspace\UFAMeasy\slice\lkjg\slice_4\layer_1.ini | z_offset: 15.0 | duration_ms: 312.9999999946449
24/07/2026 09:54:21.594 PM,gcode,gcode_generation,INFO,GCodeGeneratedEvent,stl_path: D:\UFAMeasy_Workspace\UFAMeasy\slice\lkjg\slice_4\layer_1_scaled.stl | gcode_path: D:\UFAMeasy_Workspace\UFAMeasy\slice\lkjg\slice_4\layer_1.nc | config_path: D:\UFAMeasy_Workspace\UFAMeasy\slice\lkjg\slice_4\layer_1.ini | z_offset: 15.0 | duration_ms: 312.9999999946449
24/07/2026 09:54:21.887 PM,gcode,gcode_generation,INFO,GCodeGeneratedEvent,stl_path: D:\UFAMeasy_Workspace\UFAMeasy\slice\lkjg\slice_4\layer_2_scaled.stl | gcode_path: D:\UFAMeasy_Workspace\UFAMeasy\slice\lkjg\slice_4\layer_2.nc | config_path: D:\UFAMeasy_Workspace\UFAMeasy\slice\lkjg\slice_4\layer_2.ini | z_offset: 16.0 | duration_ms: 281.00000000267755
24/07/2026 09:54:21.887 PM,gcode,gcode_generation,INFO,GCodeGeneratedEvent,stl_path: D:\UFAMeasy_Workspace\UFAMeasy\slice\lkjg\slice_4\layer_2_scaled.stl | gcode_path: D:\UFAMeasy_Workspace\UFAMeasy\slice\lkjg\slice_4\layer_2.nc | config_path: D:\UFAMeasy_Workspace\UFAMeasy\slice\lkjg\slice_4\layer_2.ini | z_offset: 16.0 | duration_ms: 281.00000000267755
24/07/2026 09:54:22.156 PM,gcode,gcode_generation,INFO,GCodeGeneratedEvent,stl_path: D:\UFAMeasy_Workspace\UFAMeasy\slice\lkjg\slice_4\layer_3_scaled.stl | gcode_path: D:\UFAMeasy_Workspace\UFAMeasy\slice\lkjg\slice_4\layer_3.nc | config_path: D:\UFAMeasy_Workspace\UFAMeasy\slice\lkjg\slice_4\layer_3.ini | z_offset: 17.0 | duration_ms: 266.00000000325963
24/07/2026 09:54:22.156 PM,gcode,gcode_generation,INFO,GCodeGeneratedEvent,stl_path: D:\UFAMeasy_Workspace\UFAMeasy\slice\lkjg\slice_4\layer_3_scaled.stl | gcode_path: D:\UFAMeasy_Workspace\UFAMeasy\slice\lkjg\slice_4\layer_3.nc | config_path: D:\UFAMeasy_Workspace\UFAMeasy\slice\lkjg\slice_4\layer_3.ini | z_offset: 17.0 | duration_ms: 266.00000000325963
24/07/2026 09:54:22.453 PM,gcode,gcode_generation,INFO,GCodeGeneratedEvent,stl_path: D:\UFAMeasy_Workspace\UFAMeasy\slice\lkjg\slice_4\layer_4_scaled.stl | gcode_path: D:\UFAMeasy_Workspace\UFAMeasy\slice\lkjg\slice_4\layer_4.nc | config_path: D:\UFAMeasy_Workspace\UFAMeasy\slice\lkjg\slice_4\layer_4.ini | z_offset: 18.0 | duration_ms: 297.0000000059372
24/07/2026 09:54:22.453 PM,gcode,gcode_generation,INFO,GCodeGeneratedEvent,stl_path: D:\UFAMeasy_Workspace\UFAMeasy\slice\lkjg\slice_4\layer_4_scaled.stl | gcode_path: D:\UFAMeasy_Workspace\UFAMeasy\slice\lkjg\slice_4\layer_4.nc | config_path: D:\UFAMeasy_Workspace\UFAMeasy\slice\lkjg\slice_4\layer_4.ini | z_offset: 18.0 | duration_ms: 297.0000000059372
24/07/2026 09:54:22.736 PM,gcode,gcode_generation,INFO,GCodeGeneratedEvent,stl_path: D:\UFAMeasy_Workspace\UFAMeasy\slice\lkjg\slice_4\layer_5_scaled.stl | gcode_path: D:\UFAMeasy_Workspace\UFAMeasy\slice\lkjg\slice_4\layer_5.nc | config_path: D:\UFAMeasy_Workspace\UFAMeasy\slice\lkjg\slice_4\layer_5.ini | z_offset: 19.0 | duration_ms: 280.99999998812564
24/07/2026 09:54:22.736 PM,gcode,gcode_generation,INFO,GCodeGeneratedEvent,stl_path: D:\UFAMeasy_Workspace\UFAMeasy\slice\lkjg\slice_4\layer_5_scaled.stl | gcode_path: D:\UFAMeasy_Workspace\UFAMeasy\slice\lkjg\slice_4\layer_5.nc | config_path: D:\UFAMeasy_Workspace\UFAMeasy\slice\lkjg\slice_4\layer_5.ini | z_offset: 19.0 | duration_ms: 280.99999998812564
24/07/2026 09:54:23.029 PM,gcode,gcode_generation,INFO,GCodeGeneratedEvent,stl_path: D:\UFAMeasy_Workspace\UFAMeasy\slice\lkjg\slice_4\layer_6_scaled.stl | gcode_path: D:\UFAMeasy_Workspace\UFAMeasy\slice\lkjg\slice_4\layer_6.nc | config_path: D:\UFAMeasy_Workspace\UFAMeasy\slice\lkjg\slice_4\layer_6.ini | z_offset: 20.0 | duration_ms: 282.00000000651926
24/07/2026 09:54:23.029 PM,gcode,gcode_generation,INFO,GCodeGeneratedEvent,stl_path: D:\UFAMeasy_Workspace\UFAMeasy\slice\lkjg\slice_4\layer_6_scaled.stl | gcode_path: D:\UFAMeasy_Workspace\UFAMeasy\slice\lkjg\slice_4\layer_6.nc | config_path: D:\UFAMeasy_Workspace\UFAMeasy\slice\lkjg\slice_4\layer_6.ini | z_offset: 20.0 | duration_ms: 282.00000000651926
24/07/2026 09:54:23.402 PM,gcode,gcode_generation,INFO,GCodeGeneratedEvent,stl_path: D:\UFAMeasy_Workspace\UFAMeasy\slice\lkjg\slice_4\layer_7_scaled.stl | gcode_path: D:\UFAMeasy_Workspace\UFAMeasy\slice\lkjg\slice_4\layer_7.nc | config_path: D:\UFAMeasy_Workspace\UFAMeasy\slice\lkjg\slice_4\layer_7.ini | z_offset: 21.0 | duration_ms: 375.0
24/07/2026 09:54:23.402 PM,gcode,gcode_generation,INFO,GCodeGeneratedEvent,stl_path: D:\UFAMeasy_Workspace\UFAMeasy\slice\lkjg\slice_4\layer_7_scaled.stl | gcode_path: D:\UFAMeasy_Workspace\UFAMeasy\slice\lkjg\slice_4\layer_7.nc | config_path: D:\UFAMeasy_Workspace\UFAMeasy\slice\lkjg\slice_4\layer_7.ini | z_offset: 21.0 | duration_ms: 375.0
24/07/2026 09:54:23.868 PM,gcode,gcode_generation,INFO,GCodeGeneratedEvent,stl_path: D:\UFAMeasy_Workspace\UFAMeasy\slice\lkjg\slice_4\layer_8_scaled.stl | gcode_path: D:\UFAMeasy_Workspace\UFAMeasy\slice\lkjg\slice_4\layer_8.nc | config_path: D:\UFAMeasy_Workspace\UFAMeasy\slice\lkjg\slice_4\layer_8.ini | z_offset: 22.0 | duration_ms: 467.99999999348074
24/07/2026 09:54:23.868 PM,gcode,gcode_generation,INFO,GCodeGeneratedEvent,stl_path: D:\UFAMeasy_Workspace\UFAMeasy\slice\lkjg\slice_4\layer_8_scaled.stl | gcode_path: D:\UFAMeasy_Workspace\UFAMeasy\slice\lkjg\slice_4\layer_8.nc | config_path: D:\UFAMeasy_Workspace\UFAMeasy\slice\lkjg\slice_4\layer_8.ini | z_offset: 22.0 | duration_ms: 467.99999999348074
24/07/2026 09:54:24.359 PM,gcode,gcode_generation,INFO,GCodeGeneratedEvent,stl_path: D:\UFAMeasy_Workspace\UFAMeasy\slice\lkjg\slice_4\layer_9_scaled.stl | gcode_path: D:\UFAMeasy_Workspace\UFAMeasy\slice\lkjg\slice_4\layer_9.nc | config_path: D:\UFAMeasy_Workspace\UFAMeasy\slice\lkjg\slice_4\layer_9.ini | z_offset: 23.0 | duration_ms: 485.0000000005821
24/07/2026 09:54:24.359 PM,gcode,gcode_generation,INFO,GCodeGeneratedEvent,stl_path: D:\UFAMeasy_Workspace\UFAMeasy\slice\lkjg\slice_4\layer_9_scaled.stl | gcode_path: D:\UFAMeasy_Workspace\UFAMeasy\slice\lkjg\slice_4\layer_9.nc | config_path: D:\UFAMeasy_Workspace\UFAMeasy\slice\lkjg\slice_4\layer_9.ini | z_offset: 23.0 | duration_ms: 485.0000000005821
24/07/2026 09:54:24.689 PM,gcode,gcode_generation,INFO,GCodeGeneratedEvent,stl_path: D:\UFAMeasy_Workspace\UFAMeasy\slice\lkjg\slice_4\layer_10_scaled.stl | gcode_path: D:\UFAMeasy_Workspace\UFAMeasy\slice\lkjg\slice_4\layer_10.nc | config_path: D:\UFAMeasy_Workspace\UFAMeasy\slice\lkjg\slice_4\layer_10.ini | z_offset: 24.0 | duration_ms: 343.00000000803266
24/07/2026 09:54:24.689 PM,gcode,gcode_generation,INFO,GCodeGeneratedEvent,stl_path: D:\UFAMeasy_Workspace\UFAMeasy\slice\lkjg\slice_4\layer_10_scaled.stl | gcode_path: D:\UFAMeasy_Workspace\UFAMeasy\slice\lkjg\slice_4\layer_10.nc | config_path: D:\UFAMeasy_Workspace\UFAMeasy\slice\lkjg\slice_4\layer_10.ini | z_offset: 24.0 | duration_ms: 343.00000000803266
24/07/2026 09:54:25.248 PM,gcode,gcode_generation,INFO,GCodeGeneratedEvent,stl_path: D:\UFAMeasy_Workspace\UFAMeasy\slice\lkjg\slice_4\layer_11_scaled.stl | gcode_path: D:\UFAMeasy_Workspace\UFAMeasy\slice\lkjg\slice_4\layer_11.nc | config_path: D:\UFAMeasy_Workspace\UFAMeasy\slice\lkjg\slice_4\layer_11.ini | z_offset: 25.0 | duration_ms: 546.9999999913853
24/07/2026 09:54:25.248 PM,gcode,gcode_generation,INFO,GCodeGeneratedEvent,stl_path: D:\UFAMeasy_Workspace\UFAMeasy\slice\lkjg\slice_4\layer_11_scaled.stl | gcode_path: D:\UFAMeasy_Workspace\UFAMeasy\slice\lkjg\slice_4\layer_11.nc | config_path: D:\UFAMeasy_Workspace\UFAMeasy\slice\lkjg\slice_4\layer_11.ini | z_offset: 25.0 | duration_ms: 546.9999999913853
24/07/2026 09:54:25.559 PM,gcode,gcode_generation,INFO,GCodeGeneratedEvent,stl_path: D:\UFAMeasy_Workspace\UFAMeasy\slice\lkjg\slice_4\layer_12_scaled.stl | gcode_path: D:\UFAMeasy_Workspace\UFAMeasy\slice\lkjg\slice_4\layer_12.nc | config_path: D:\UFAMeasy_Workspace\UFAMeasy\slice\lkjg\slice_4\layer_12.ini | z_offset: 26.0 | duration_ms: 313.0000000091968
24/07/2026 09:54:25.559 PM,gcode,gcode_generation,INFO,GCodeGeneratedEvent,stl_path: D:\UFAMeasy_Workspace\UFAMeasy\slice\lkjg\slice_4\layer_12_scaled.stl | gcode_path: D:\UFAMeasy_Workspace\UFAMeasy\slice\lkjg\slice_4\layer_12.nc | config_path: D:\UFAMeasy_Workspace\UFAMeasy\slice\lkjg\slice_4\layer_12.ini | z_offset: 26.0 | duration_ms: 313.0000000091968
24/07/2026 09:54:25.863 PM,gcode,gcode_generation,INFO,GCodeGeneratedEvent,stl_path: D:\UFAMeasy_Workspace\UFAMeasy\slice\lkjg\slice_4\layer_13_scaled.stl | gcode_path: D:\UFAMeasy_Workspace\UFAMeasy\slice\lkjg\slice_4\layer_13.nc | config_path: D:\UFAMeasy_Workspace\UFAMeasy\slice\lkjg\slice_4\layer_13.ini | z_offset: 27.0 | duration_ms: 311.9999999908032
24/07/2026 09:54:25.863 PM,gcode,gcode_generation,INFO,GCodeGeneratedEvent,stl_path: D:\UFAMeasy_Workspace\UFAMeasy\slice\lkjg\slice_4\layer_13_scaled.stl | gcode_path: D:\UFAMeasy_Workspace\UFAMeasy\slice\lkjg\slice_4\layer_13.nc | config_path: D:\UFAMeasy_Workspace\UFAMeasy\slice\lkjg\slice_4\layer_13.ini | z_offset: 27.0 | duration_ms: 311.9999999908032
24/07/2026 09:54:26.192 PM,gcode,gcode_generation,INFO,GCodeGeneratedEvent,stl_path: D:\UFAMeasy_Workspace\UFAMeasy\slice\lkjg\slice_4\layer_14_scaled.stl | gcode_path: D:\UFAMeasy_Workspace\UFAMeasy\slice\lkjg\slice_4\layer_14.nc | config_path: D:\UFAMeasy_Workspace\UFAMeasy\slice\lkjg\slice_4\layer_14.ini | z_offset: 28.0 | duration_ms: 328.00000000861473
24/07/2026 09:54:26.192 PM,gcode,gcode_generation,INFO,GCodeGeneratedEvent,stl_path: D:\UFAMeasy_Workspace\UFAMeasy\slice\lkjg\slice_4\layer_14_scaled.stl | gcode_path: D:\UFAMeasy_Workspace\UFAMeasy\slice\lkjg\slice_4\layer_14.nc | config_path: D:\UFAMeasy_Workspace\UFAMeasy\slice\lkjg\slice_4\layer_14.ini | z_offset: 28.0 | duration_ms: 328.00000000861473
24/07/2026 09:54:26.545 PM,gcode,gcode_generation,INFO,GCodeGeneratedEvent,stl_path: D:\UFAMeasy_Workspace\UFAMeasy\slice\lkjg\slice_4\layer_15_scaled.stl | gcode_path: D:\UFAMeasy_Workspace\UFAMeasy\slice\lkjg\slice_4\layer_15.nc | config_path: D:\UFAMeasy_Workspace\UFAMeasy\slice\lkjg\slice_4\layer_15.ini | z_offset: 29.0 | duration_ms: 343.99999999732245
24/07/2026 09:54:26.545 PM,gcode,gcode_generation,INFO,GCodeGeneratedEvent,stl_path: D:\UFAMeasy_Workspace\UFAMeasy\slice\lkjg\slice_4\layer_15_scaled.stl | gcode_path: D:\UFAMeasy_Workspace\UFAMeasy\slice\lkjg\slice_4\layer_15.nc | config_path: D:\UFAMeasy_Workspace\UFAMeasy\slice\lkjg\slice_4\layer_15.ini | z_offset: 29.0 | duration_ms: 343.99999999732245
24/07/2026 09:54:26.559 PM,session,session_sidecar,INFO,SessionSavedEvent,Saved session 'D:\UFAMeasy_Workspace\UFAMeasy\slice\lkjg\cynh.ufamsession.json' with 4 slices
24/07/2026 09:54:26.559 PM,session,session_sidecar,INFO,SessionSavedEvent,Saved session 'D:\UFAMeasy_Workspace\UFAMeasy\slice\lkjg\cynh.ufamsession.json' with 4 slices
24/07/2026 09:54:27.412 PM,session,session_sidecar,INFO,SessionSavedEvent,Saved session 'D:\UFAMeasy_Workspace\UFAMeasy\slice\lkjg\cynh.ufamsession.json' with 4 slices
24/07/2026 09:54:27.412 PM,session,session_sidecar,INFO,SessionSavedEvent,Saved session 'D:\UFAMeasy_Workspace\UFAMeasy\slice\lkjg\cynh.ufamsession.json' with 4 slices
24/07/2026 09:54:27.414 PM,gcode,gcode_merge,INFO,GCodeMergedEvent,Merged 4 slices into 'D:\UFAMeasy_Workspace\UFAMeasy\slice\lkjg\combined_print.gcode' (14.999999999417923ms)
24/07/2026 09:54:27.414 PM,gcode,gcode_merge,INFO,GCodeMergedEvent,Merged 4 slices into 'D:\UFAMeasy_Workspace\UFAMeasy\slice\lkjg\combined_print.gcode' (14.999999999417923ms)
24/07/2026 09:54:31.171 PM,session,session_sidecar,INFO,SessionSavedEvent,Saved session 'D:\UFAMeasy_Workspace\UFAMeasy\slice\lkjg\cynh.ufamsession.json' with 4 slices
24/07/2026 09:54:31.171 PM,session,session_sidecar,INFO,SessionSavedEvent,Saved session 'D:\UFAMeasy_Workspace\UFAMeasy\slice\lkjg\cynh.ufamsession.json' with 4 slices
24/07/2026 09:54:31.172 PM,gcode,gcode_merge,INFO,GCodeMergedEvent,Merged 4 slices into 'D:\UFAMeasy_Workspace\UFAMeasy\slice\lkjg\combined_print.gcode' (16.00000000325963ms)
24/07/2026 09:54:31.172 PM,gcode,gcode_merge,INFO,GCodeMergedEvent,Merged 4 slices into 'D:\UFAMeasy_Workspace\UFAMeasy\slice\lkjg\combined_print.gcode' (16.00000000325963ms)
24/07/2026 09:54:32.018 PM,session,session_sidecar,INFO,SessionSavedEvent,Saved session 'D:\UFAMeasy_Workspace\UFAMeasy\slice\lkjg\cynh.ufamsession.json' with 4 slices
24/07/2026 09:54:32.018 PM,session,session_sidecar,INFO,SessionSavedEvent,Saved session 'D:\UFAMeasy_Workspace\UFAMeasy\slice\lkjg\cynh.ufamsession.json' with 4 slices
24/07/2026 09:54:32.021 PM,gcode,gcode_merge,INFO,GCodeMergedEvent,Merged 4 slices into 'D:\UFAMeasy_Workspace\UFAMeasy\slice\lkjg\combined_print.gcode' (16.00000000325963ms)
24/07/2026 09:54:32.021 PM,gcode,gcode_merge,INFO,GCodeMergedEvent,Merged 4 slices into 'D:\UFAMeasy_Workspace\UFAMeasy\slice\lkjg\combined_print.gcode' (16.00000000325963ms)
24/07/2026 09:54:32.583 PM,session,session_sidecar,INFO,SessionSavedEvent,Saved session 'D:\UFAMeasy_Workspace\UFAMeasy\slice\lkjg\cynh.ufamsession.json' with 4 slices
24/07/2026 09:54:32.583 PM,session,session_sidecar,INFO,SessionSavedEvent,Saved session 'D:\UFAMeasy_Workspace\UFAMeasy\slice\lkjg\cynh.ufamsession.json' with 4 slices
24/07/2026 09:54:32.585 PM,gcode,gcode_merge,INFO,GCodeMergedEvent,Merged 4 slices into 'D:\UFAMeasy_Workspace\UFAMeasy\slice\lkjg\combined_print.gcode' (16.00000000325963ms)
24/07/2026 09:54:32.585 PM,gcode,gcode_merge,INFO,GCodeMergedEvent,Merged 4 slices into 'D:\UFAMeasy_Workspace\UFAMeasy\slice\lkjg\combined_print.gcode' (16.00000000325963ms)
24/07/2026 09:54:59.941 PM,workflow,geometry,INFO,ShapeChangedEvent,Deleted Part::Feature (Label: 'PreviewSlice')
24/07/2026 09:54:59.941 PM,workflow,geometry,INFO,ShapeChangedEvent,Deleted Part::Feature (Label: 'PreviewSlice')
24/07/2026 09:54:59.944 PM,workflow,slicer_ui,INFO,ParameterChangedEvent,Changed 4 parameters in Slice 1 [COOLING_PASS: False → false; --thin-wall-mode: False → false; --post-process: 0 → 0]
24/07/2026 09:54:59.944 PM,workflow,slicer_ui,INFO,ParameterChangedEvent,Changed 4 parameters in Slice 1 [COOLING_PASS: False → false; --thin-wall-mode: False → false; --post-process: 0 → 0]
24/07/2026 09:54:59.966 PM,session,session_sidecar,INFO,SessionSavedEvent,Saved session 'D:\UFAMeasy_Workspace\UFAMeasy\slice\lkjg\cynh.ufamsession.json' with 4 slices
24/07/2026 09:54:59.966 PM,session,session_sidecar,INFO,SessionSavedEvent,Saved session 'D:\UFAMeasy_Workspace\UFAMeasy\slice\lkjg\cynh.ufamsession.json' with 4 slices
24/07/2026 09:55:03.187 PM,workflow,geometry,INFO,ShapeChangedEvent,Deleted Part::Feature (Label: 'PreviewSlice')
24/07/2026 09:55:03.187 PM,workflow,geometry,INFO,ShapeChangedEvent,Deleted Part::Feature (Label: 'PreviewSlice')
24/07/2026 09:55:03.190 PM,workflow,slicer_ui,INFO,ParameterChangedEvent,Changed 4 parameters in Slice 2 [COOLING_PASS: False → false; --thin-wall-mode: False → false; --post-process: 0 → 0]
24/07/2026 09:55:03.190 PM,workflow,slicer_ui,INFO,ParameterChangedEvent,Changed 4 parameters in Slice 2 [COOLING_PASS: False → false; --thin-wall-mode: False → false; --post-process: 0 → 0]
24/07/2026 09:55:03.220 PM,session,session_sidecar,INFO,SessionSavedEvent,Saved session 'D:\UFAMeasy_Workspace\UFAMeasy\slice\lkjg\cynh.ufamsession.json' with 4 slices
24/07/2026 09:55:03.220 PM,session,session_sidecar,INFO,SessionSavedEvent,Saved session 'D:\UFAMeasy_Workspace\UFAMeasy\slice\lkjg\cynh.ufamsession.json' with 4 slices
24/07/2026 09:55:06.313 PM,workflow,geometry,INFO,ShapeChangedEvent,Deleted Part::Feature (Label: 'PreviewSlice')
24/07/2026 09:55:06.313 PM,workflow,geometry,INFO,ShapeChangedEvent,Deleted Part::Feature (Label: 'PreviewSlice')
24/07/2026 09:55:06.314 PM,workflow,slicer_ui,INFO,ParameterChangedEvent,Changed 4 parameters in Slice 3 [COOLING_PASS: False → false; --thin-wall-mode: False → false; --post-process: 0 → 0]
24/07/2026 09:55:06.314 PM,workflow,slicer_ui,INFO,ParameterChangedEvent,Changed 4 parameters in Slice 3 [COOLING_PASS: False → false; --thin-wall-mode: False → false; --post-process: 0 → 0]
24/07/2026 09:55:06.336 PM,session,session_sidecar,INFO,SessionSavedEvent,Saved session 'D:\UFAMeasy_Workspace\UFAMeasy\slice\lkjg\cynh.ufamsession.json' with 4 slices
24/07/2026 09:55:06.336 PM,session,session_sidecar,INFO,SessionSavedEvent,Saved session 'D:\UFAMeasy_Workspace\UFAMeasy\slice\lkjg\cynh.ufamsession.json' with 4 slices
24/07/2026 09:55:09.033 PM,workflow,geometry,INFO,ShapeChangedEvent,Deleted Part::Feature (Label: 'PreviewSlice')
24/07/2026 09:55:09.033 PM,workflow,geometry,INFO,ShapeChangedEvent,Deleted Part::Feature (Label: 'PreviewSlice')
24/07/2026 09:55:09.035 PM,workflow,slicer_ui,INFO,ParameterChangedEvent,Changed 4 parameters in Slice 4 [COOLING_PASS: False → false; --thin-wall-mode: False → false; --post-process: 0 → 0]
24/07/2026 09:55:09.035 PM,workflow,slicer_ui,INFO,ParameterChangedEvent,Changed 4 parameters in Slice 4 [COOLING_PASS: False → false; --thin-wall-mode: False → false; --post-process: 0 → 0]
24/07/2026 09:55:09.065 PM,session,session_sidecar,INFO,SessionSavedEvent,Saved session 'D:\UFAMeasy_Workspace\UFAMeasy\slice\lkjg\cynh.ufamsession.json' with 4 slices
24/07/2026 09:55:09.065 PM,session,session_sidecar,INFO,SessionSavedEvent,Saved session 'D:\UFAMeasy_Workspace\UFAMeasy\slice\lkjg\cynh.ufamsession.json' with 4 slices
24/07/2026 09:55:10.763 PM,gcode,gcode_generation,INFO,GCodeGeneratedEvent,stl_path: D:\UFAMeasy_Workspace\UFAMeasy\slice\lkjg\slice_1\layer_1_scaled.stl | gcode_path: D:\UFAMeasy_Workspace\UFAMeasy\slice\lkjg\slice_1\layer_1.nc | config_path: D:\UFAMeasy_Workspace\UFAMeasy\slice\lkjg\slice_1\layer_1.ini | z_offset: 0.0 | duration_ms: 312.9999999946449
24/07/2026 09:55:10.763 PM,gcode,gcode_generation,INFO,GCodeGeneratedEvent,stl_path: D:\UFAMeasy_Workspace\UFAMeasy\slice\lkjg\slice_1\layer_1_scaled.stl | gcode_path: D:\UFAMeasy_Workspace\UFAMeasy\slice\lkjg\slice_1\layer_1.nc | config_path: D:\UFAMeasy_Workspace\UFAMeasy\slice\lkjg\slice_1\layer_1.ini | z_offset: 0.0 | duration_ms: 312.9999999946449
24/07/2026 09:55:11.059 PM,gcode,gcode_generation,INFO,GCodeGeneratedEvent,stl_path: D:\UFAMeasy_Workspace\UFAMeasy\slice\lkjg\slice_1\layer_2_scaled.stl | gcode_path: D:\UFAMeasy_Workspace\UFAMeasy\slice\lkjg\slice_1\layer_2.nc | config_path: D:\UFAMeasy_Workspace\UFAMeasy\slice\lkjg\slice_1\layer_2.ini | z_offset: 1.0 | duration_ms: 297.0000000059372
24/07/2026 09:55:11.059 PM,gcode,gcode_generation,INFO,GCodeGeneratedEvent,stl_path: D:\UFAMeasy_Workspace\UFAMeasy\slice\lkjg\slice_1\layer_2_scaled.stl | gcode_path: D:\UFAMeasy_Workspace\UFAMeasy\slice\lkjg\slice_1\layer_2.nc | config_path: D:\UFAMeasy_Workspace\UFAMeasy\slice\lkjg\slice_1\layer_2.ini | z_offset: 1.0 | duration_ms: 297.0000000059372
24/07/2026 09:55:11.367 PM,gcode,gcode_generation,INFO,GCodeGeneratedEvent,stl_path: D:\UFAMeasy_Workspace\UFAMeasy\slice\lkjg\slice_1\layer_3_scaled.stl | gcode_path: D:\UFAMeasy_Workspace\UFAMeasy\slice\lkjg\slice_1\layer_3.nc | config_path: D:\UFAMeasy_Workspace\UFAMeasy\slice\lkjg\slice_1\layer_3.ini | z_offset: 2.0 | duration_ms: 311.9999999908032
24/07/2026 09:55:11.367 PM,gcode,gcode_generation,INFO,GCodeGeneratedEvent,stl_path: D:\UFAMeasy_Workspace\UFAMeasy\slice\lkjg\slice_1\layer_3_scaled.stl | gcode_path: D:\UFAMeasy_Workspace\UFAMeasy\slice\lkjg\slice_1\layer_3.nc | config_path: D:\UFAMeasy_Workspace\UFAMeasy\slice\lkjg\slice_1\layer_3.ini | z_offset: 2.0 | duration_ms: 311.9999999908032
24/07/2026 09:55:11.671 PM,gcode,gcode_generation,INFO,GCodeGeneratedEvent,stl_path: D:\UFAMeasy_Workspace\UFAMeasy\slice\lkjg\slice_1\layer_4_scaled.stl | gcode_path: D:\UFAMeasy_Workspace\UFAMeasy\slice\lkjg\slice_1\layer_4.nc | config_path: D:\UFAMeasy_Workspace\UFAMeasy\slice\lkjg\slice_1\layer_4.ini | z_offset: 3.0 | duration_ms: 297.0000000059372
24/07/2026 09:55:11.671 PM,gcode,gcode_generation,INFO,GCodeGeneratedEvent,stl_path: D:\UFAMeasy_Workspace\UFAMeasy\slice\lkjg\slice_1\layer_4_scaled.stl | gcode_path: D:\UFAMeasy_Workspace\UFAMeasy\slice\lkjg\slice_1\layer_4.nc | config_path: D:\UFAMeasy_Workspace\UFAMeasy\slice\lkjg\slice_1\layer_4.ini | z_offset: 3.0 | duration_ms: 297.0000000059372
24/07/2026 09:55:11.960 PM,gcode,gcode_generation,INFO,GCodeGeneratedEvent,stl_path: D:\UFAMeasy_Workspace\UFAMeasy\slice\lkjg\slice_1\layer_5_scaled.stl | gcode_path: D:\UFAMeasy_Workspace\UFAMeasy\slice\lkjg\slice_1\layer_5.nc | config_path: D:\UFAMeasy_Workspace\UFAMeasy\slice\lkjg\slice_1\layer_5.ini | z_offset: 4.0 | duration_ms: 297.0000000059372
24/07/2026 09:55:11.960 PM,gcode,gcode_generation,INFO,GCodeGeneratedEvent,stl_path: D:\UFAMeasy_Workspace\UFAMeasy\slice\lkjg\slice_1\layer_5_scaled.stl | gcode_path: D:\UFAMeasy_Workspace\UFAMeasy\slice\lkjg\slice_1\layer_5.nc | config_path: D:\UFAMeasy_Workspace\UFAMeasy\slice\lkjg\slice_1\layer_5.ini | z_offset: 4.0 | duration_ms: 297.0000000059372
24/07/2026 09:55:12.352 PM,gcode,gcode_generation,INFO,GCodeGeneratedEvent,stl_path: D:\UFAMeasy_Workspace\UFAMeasy\slice\lkjg\slice_2\layer_1_scaled.stl | gcode_path: D:\UFAMeasy_Workspace\UFAMeasy\slice\lkjg\slice_2\layer_1.nc | config_path: D:\UFAMeasy_Workspace\UFAMeasy\slice\lkjg\slice_2\layer_1.ini | z_offset: 5.0 | duration_ms: 265.9999999887077
24/07/2026 09:55:12.352 PM,gcode,gcode_generation,INFO,GCodeGeneratedEvent,stl_path: D:\UFAMeasy_Workspace\UFAMeasy\slice\lkjg\slice_2\layer_1_scaled.stl | gcode_path: D:\UFAMeasy_Workspace\UFAMeasy\slice\lkjg\slice_2\layer_1.nc | config_path: D:\UFAMeasy_Workspace\UFAMeasy\slice\lkjg\slice_2\layer_1.ini | z_offset: 5.0 | duration_ms: 265.9999999887077
24/07/2026 09:55:12.637 PM,gcode,gcode_generation,INFO,GCodeGeneratedEvent,stl_path: D:\UFAMeasy_Workspace\UFAMeasy\slice\lkjg\slice_2\layer_2_scaled.stl | gcode_path: D:\UFAMeasy_Workspace\UFAMeasy\slice\lkjg\slice_2\layer_2.nc | config_path: D:\UFAMeasy_Workspace\UFAMeasy\slice\lkjg\slice_2\layer_2.ini | z_offset: 6.0 | duration_ms: 281.00000000267755
24/07/2026 09:55:12.637 PM,gcode,gcode_generation,INFO,GCodeGeneratedEvent,stl_path: D:\UFAMeasy_Workspace\UFAMeasy\slice\lkjg\slice_2\layer_2_scaled.stl | gcode_path: D:\UFAMeasy_Workspace\UFAMeasy\slice\lkjg\slice_2\layer_2.nc | config_path: D:\UFAMeasy_Workspace\UFAMeasy\slice\lkjg\slice_2\layer_2.ini | z_offset: 6.0 | duration_ms: 281.00000000267755
24/07/2026 09:55:12.935 PM,gcode,gcode_generation,INFO,GCodeGeneratedEvent,stl_path: D:\UFAMeasy_Workspace\UFAMeasy\slice\lkjg\slice_2\layer_3_scaled.stl | gcode_path: D:\UFAMeasy_Workspace\UFAMeasy\slice\lkjg\slice_2\layer_3.nc | config_path: D:\UFAMeasy_Workspace\UFAMeasy\slice\lkjg\slice_2\layer_3.ini | z_offset: 7.0 | duration_ms: 297.0000000059372
24/07/2026 09:55:12.935 PM,gcode,gcode_generation,INFO,GCodeGeneratedEvent,stl_path: D:\UFAMeasy_Workspace\UFAMeasy\slice\lkjg\slice_2\layer_3_scaled.stl | gcode_path: D:\UFAMeasy_Workspace\UFAMeasy\slice\lkjg\slice_2\layer_3.nc | config_path: D:\UFAMeasy_Workspace\UFAMeasy\slice\lkjg\slice_2\layer_3.ini | z_offset: 7.0 | duration_ms: 297.0000000059372
24/07/2026 09:55:13.213 PM,gcode,gcode_generation,INFO,GCodeGeneratedEvent,stl_path: D:\UFAMeasy_Workspace\UFAMeasy\slice\lkjg\slice_2\layer_4_scaled.stl | gcode_path: D:\UFAMeasy_Workspace\UFAMeasy\slice\lkjg\slice_2\layer_4.nc | config_path: D:\UFAMeasy_Workspace\UFAMeasy\slice\lkjg\slice_2\layer_4.ini | z_offset: 8.0 | duration_ms: 281.00000000267755
24/07/2026 09:55:13.213 PM,gcode,gcode_generation,INFO,GCodeGeneratedEvent,stl_path: D:\UFAMeasy_Workspace\UFAMeasy\slice\lkjg\slice_2\layer_4_scaled.stl | gcode_path: D:\UFAMeasy_Workspace\UFAMeasy\slice\lkjg\slice_2\layer_4.nc | config_path: D:\UFAMeasy_Workspace\UFAMeasy\slice\lkjg\slice_2\layer_4.ini | z_offset: 8.0 | duration_ms: 281.00000000267755
24/07/2026 09:55:13.500 PM,gcode,gcode_generation,INFO,GCodeGeneratedEvent,stl_path: D:\UFAMeasy_Workspace\UFAMeasy\slice\lkjg\slice_2\layer_5_scaled.stl | gcode_path: D:\UFAMeasy_Workspace\UFAMeasy\slice\lkjg\slice_2\layer_5.nc | config_path: D:\UFAMeasy_Workspace\UFAMeasy\slice\lkjg\slice_2\layer_5.ini | z_offset: 9.0 | duration_ms: 296.99999999138527
24/07/2026 09:55:13.500 PM,gcode,gcode_generation,INFO,GCodeGeneratedEvent,stl_path: D:\UFAMeasy_Workspace\UFAMeasy\slice\lkjg\slice_2\layer_5_scaled.stl | gcode_path: D:\UFAMeasy_Workspace\UFAMeasy\slice\lkjg\slice_2\layer_5.nc | config_path: D:\UFAMeasy_Workspace\UFAMeasy\slice\lkjg\slice_2\layer_5.ini | z_offset: 9.0 | duration_ms: 296.99999999138527
24/07/2026 09:55:13.867 PM,gcode,gcode_generation,INFO,GCodeGeneratedEvent,stl_path: D:\UFAMeasy_Workspace\UFAMeasy\slice\lkjg\slice_2\layer_6_scaled.stl | gcode_path: D:\UFAMeasy_Workspace\UFAMeasy\slice\lkjg\slice_2\layer_6.nc | config_path: D:\UFAMeasy_Workspace\UFAMeasy\slice\lkjg\slice_2\layer_6.ini | z_offset: 10.0 | duration_ms: 358.99999999674037
24/07/2026 09:55:13.867 PM,gcode,gcode_generation,INFO,GCodeGeneratedEvent,stl_path: D:\UFAMeasy_Workspace\UFAMeasy\slice\lkjg\slice_2\layer_6_scaled.stl | gcode_path: D:\UFAMeasy_Workspace\UFAMeasy\slice\lkjg\slice_2\layer_6.nc | config_path: D:\UFAMeasy_Workspace\UFAMeasy\slice\lkjg\slice_2\layer_6.ini | z_offset: 10.0 | duration_ms: 358.99999999674037
24/07/2026 09:55:14.190 PM,gcode,gcode_generation,INFO,GCodeGeneratedEvent,stl_path: D:\UFAMeasy_Workspace\UFAMeasy\slice\lkjg\slice_2\layer_7_scaled.stl | gcode_path: D:\UFAMeasy_Workspace\UFAMeasy\slice\lkjg\slice_2\layer_7.nc | config_path: D:\UFAMeasy_Workspace\UFAMeasy\slice\lkjg\slice_2\layer_7.ini | z_offset: 11.0 | duration_ms: 328.00000000861473
24/07/2026 09:55:14.190 PM,gcode,gcode_generation,INFO,GCodeGeneratedEvent,stl_path: D:\UFAMeasy_Workspace\UFAMeasy\slice\lkjg\slice_2\layer_7_scaled.stl | gcode_path: D:\UFAMeasy_Workspace\UFAMeasy\slice\lkjg\slice_2\layer_7.nc | config_path: D:\UFAMeasy_Workspace\UFAMeasy\slice\lkjg\slice_2\layer_7.ini | z_offset: 11.0 | duration_ms: 328.00000000861473
24/07/2026 09:55:14.532 PM,gcode,gcode_generation,INFO,GCodeGeneratedEvent,stl_path: D:\UFAMeasy_Workspace\UFAMeasy\slice\lkjg\slice_2\layer_8_scaled.stl | gcode_path: D:\UFAMeasy_Workspace\UFAMeasy\slice\lkjg\slice_2\layer_8.nc | config_path: D:\UFAMeasy_Workspace\UFAMeasy\slice\lkjg\slice_2\layer_8.ini | z_offset: 12.0 | duration_ms: 343.99999999732245
24/07/2026 09:55:14.532 PM,gcode,gcode_generation,INFO,GCodeGeneratedEvent,stl_path: D:\UFAMeasy_Workspace\UFAMeasy\slice\lkjg\slice_2\layer_8_scaled.stl | gcode_path: D:\UFAMeasy_Workspace\UFAMeasy\slice\lkjg\slice_2\layer_8.nc | config_path: D:\UFAMeasy_Workspace\UFAMeasy\slice\lkjg\slice_2\layer_8.ini | z_offset: 12.0 | duration_ms: 343.99999999732245
24/07/2026 09:55:15.025 PM,gcode,gcode_generation,INFO,GCodeGeneratedEvent,stl_path: D:\UFAMeasy_Workspace\UFAMeasy\slice\lkjg\slice_3\layer_1_scaled.stl | gcode_path: D:\UFAMeasy_Workspace\UFAMeasy\slice\lkjg\slice_3\layer_1.nc | config_path: D:\UFAMeasy_Workspace\UFAMeasy\slice\lkjg\slice_3\layer_1.ini | z_offset: 13.0 | duration_ms: 375.0
24/07/2026 09:55:15.025 PM,gcode,gcode_generation,INFO,GCodeGeneratedEvent,stl_path: D:\UFAMeasy_Workspace\UFAMeasy\slice\lkjg\slice_3\layer_1_scaled.stl | gcode_path: D:\UFAMeasy_Workspace\UFAMeasy\slice\lkjg\slice_3\layer_1.nc | config_path: D:\UFAMeasy_Workspace\UFAMeasy\slice\lkjg\slice_3\layer_1.ini | z_offset: 13.0 | duration_ms: 375.0
24/07/2026 09:55:15.403 PM,gcode,gcode_generation,INFO,GCodeGeneratedEvent,stl_path: D:\UFAMeasy_Workspace\UFAMeasy\slice\lkjg\slice_3\layer_2_scaled.stl | gcode_path: D:\UFAMeasy_Workspace\UFAMeasy\slice\lkjg\slice_3\layer_2.nc | config_path: D:\UFAMeasy_Workspace\UFAMeasy\slice\lkjg\slice_3\layer_2.ini | z_offset: 14.0 | duration_ms: 375.0
24/07/2026 09:55:15.403 PM,gcode,gcode_generation,INFO,GCodeGeneratedEvent,stl_path: D:\UFAMeasy_Workspace\UFAMeasy\slice\lkjg\slice_3\layer_2_scaled.stl | gcode_path: D:\UFAMeasy_Workspace\UFAMeasy\slice\lkjg\slice_3\layer_2.nc | config_path: D:\UFAMeasy_Workspace\UFAMeasy\slice\lkjg\slice_3\layer_2.ini | z_offset: 14.0 | duration_ms: 375.0
24/07/2026 09:55:16.266 PM,gcode,gcode_generation,INFO,GCodeGeneratedEvent,stl_path: D:\UFAMeasy_Workspace\UFAMeasy\slice\lkjg\slice_4\layer_1_scaled.stl | gcode_path: D:\UFAMeasy_Workspace\UFAMeasy\slice\lkjg\slice_4\layer_1.nc | config_path: D:\UFAMeasy_Workspace\UFAMeasy\slice\lkjg\slice_4\layer_1.ini | z_offset: 15.0 | duration_ms: 437.9999999946449
24/07/2026 09:55:16.266 PM,gcode,gcode_generation,INFO,GCodeGeneratedEvent,stl_path: D:\UFAMeasy_Workspace\UFAMeasy\slice\lkjg\slice_4\layer_1_scaled.stl | gcode_path: D:\UFAMeasy_Workspace\UFAMeasy\slice\lkjg\slice_4\layer_1.nc | config_path: D:\UFAMeasy_Workspace\UFAMeasy\slice\lkjg\slice_4\layer_1.ini | z_offset: 15.0 | duration_ms: 437.9999999946449
24/07/2026 09:55:16.626 PM,gcode,gcode_generation,INFO,GCodeGeneratedEvent,stl_path: D:\UFAMeasy_Workspace\UFAMeasy\slice\lkjg\slice_4\layer_2_scaled.stl | gcode_path: D:\UFAMeasy_Workspace\UFAMeasy\slice\lkjg\slice_4\layer_2.nc | config_path: D:\UFAMeasy_Workspace\UFAMeasy\slice\lkjg\slice_4\layer_2.ini | z_offset: 16.0 | duration_ms: 358.99999999674037
24/07/2026 09:55:16.626 PM,gcode,gcode_generation,INFO,GCodeGeneratedEvent,stl_path: D:\UFAMeasy_Workspace\UFAMeasy\slice\lkjg\slice_4\layer_2_scaled.stl | gcode_path: D:\UFAMeasy_Workspace\UFAMeasy\slice\lkjg\slice_4\layer_2.nc | config_path: D:\UFAMeasy_Workspace\UFAMeasy\slice\lkjg\slice_4\layer_2.ini | z_offset: 16.0 | duration_ms: 358.99999999674037
24/07/2026 09:55:17.009 PM,gcode,gcode_generation,INFO,GCodeGeneratedEvent,stl_path: D:\UFAMeasy_Workspace\UFAMeasy\slice\lkjg\slice_4\layer_3_scaled.stl | gcode_path: D:\UFAMeasy_Workspace\UFAMeasy\slice\lkjg\slice_4\layer_3.nc | config_path: D:\UFAMeasy_Workspace\UFAMeasy\slice\lkjg\slice_4\layer_3.ini | z_offset: 17.0 | duration_ms: 375.0
24/07/2026 09:55:17.009 PM,gcode,gcode_generation,INFO,GCodeGeneratedEvent,stl_path: D:\UFAMeasy_Workspace\UFAMeasy\slice\lkjg\slice_4\layer_3_scaled.stl | gcode_path: D:\UFAMeasy_Workspace\UFAMeasy\slice\lkjg\slice_4\layer_3.nc | config_path: D:\UFAMeasy_Workspace\UFAMeasy\slice\lkjg\slice_4\layer_3.ini | z_offset: 17.0 | duration_ms: 375.0
24/07/2026 09:55:17.279 PM,gcode,gcode_generation,INFO,GCodeGeneratedEvent,stl_path: D:\UFAMeasy_Workspace\UFAMeasy\slice\lkjg\slice_4\layer_4_scaled.stl | gcode_path: D:\UFAMeasy_Workspace\UFAMeasy\slice\lkjg\slice_4\layer_4.nc | config_path: D:\UFAMeasy_Workspace\UFAMeasy\slice\lkjg\slice_4\layer_4.ini | z_offset: 18.0 | duration_ms: 266.00000000325963
24/07/2026 09:55:17.279 PM,gcode,gcode_generation,INFO,GCodeGeneratedEvent,stl_path: D:\UFAMeasy_Workspace\UFAMeasy\slice\lkjg\slice_4\layer_4_scaled.stl | gcode_path: D:\UFAMeasy_Workspace\UFAMeasy\slice\lkjg\slice_4\layer_4.nc | config_path: D:\UFAMeasy_Workspace\UFAMeasy\slice\lkjg\slice_4\layer_4.ini | z_offset: 18.0 | duration_ms: 266.00000000325963
24/07/2026 09:55:17.581 PM,gcode,gcode_generation,INFO,GCodeGeneratedEvent,stl_path: D:\UFAMeasy_Workspace\UFAMeasy\slice\lkjg\slice_4\layer_5_scaled.stl | gcode_path: D:\UFAMeasy_Workspace\UFAMeasy\slice\lkjg\slice_4\layer_5.nc | config_path: D:\UFAMeasy_Workspace\UFAMeasy\slice\lkjg\slice_4\layer_5.ini | z_offset: 19.0 | duration_ms: 312.0000000053551
24/07/2026 09:55:17.581 PM,gcode,gcode_generation,INFO,GCodeGeneratedEvent,stl_path: D:\UFAMeasy_Workspace\UFAMeasy\slice\lkjg\slice_4\layer_5_scaled.stl | gcode_path: D:\UFAMeasy_Workspace\UFAMeasy\slice\lkjg\slice_4\layer_5.nc | config_path: D:\UFAMeasy_Workspace\UFAMeasy\slice\lkjg\slice_4\layer_5.ini | z_offset: 19.0 | duration_ms: 312.0000000053551
24/07/2026 09:55:17.871 PM,gcode,gcode_generation,INFO,GCodeGeneratedEvent,stl_path: D:\UFAMeasy_Workspace\UFAMeasy\slice\lkjg\slice_4\layer_6_scaled.stl | gcode_path: D:\UFAMeasy_Workspace\UFAMeasy\slice\lkjg\slice_4\layer_6.nc | config_path: D:\UFAMeasy_Workspace\UFAMeasy\slice\lkjg\slice_4\layer_6.ini | z_offset: 20.0 | duration_ms: 280.99999998812564
24/07/2026 09:55:17.871 PM,gcode,gcode_generation,INFO,GCodeGeneratedEvent,stl_path: D:\UFAMeasy_Workspace\UFAMeasy\slice\lkjg\slice_4\layer_6_scaled.stl | gcode_path: D:\UFAMeasy_Workspace\UFAMeasy\slice\lkjg\slice_4\layer_6.nc | config_path: D:\UFAMeasy_Workspace\UFAMeasy\slice\lkjg\slice_4\layer_6.ini | z_offset: 20.0 | duration_ms: 280.99999998812564
24/07/2026 09:55:18.165 PM,gcode,gcode_generation,INFO,GCodeGeneratedEvent,stl_path: D:\UFAMeasy_Workspace\UFAMeasy\slice\lkjg\slice_4\layer_7_scaled.stl | gcode_path: D:\UFAMeasy_Workspace\UFAMeasy\slice\lkjg\slice_4\layer_7.nc | config_path: D:\UFAMeasy_Workspace\UFAMeasy\slice\lkjg\slice_4\layer_7.ini | z_offset: 21.0 | duration_ms: 297.0000000059372
24/07/2026 09:55:18.165 PM,gcode,gcode_generation,INFO,GCodeGeneratedEvent,stl_path: D:\UFAMeasy_Workspace\UFAMeasy\slice\lkjg\slice_4\layer_7_scaled.stl | gcode_path: D:\UFAMeasy_Workspace\UFAMeasy\slice\lkjg\slice_4\layer_7.nc | config_path: D:\UFAMeasy_Workspace\UFAMeasy\slice\lkjg\slice_4\layer_7.ini | z_offset: 21.0 | duration_ms: 297.0000000059372
24/07/2026 09:55:18.445 PM,gcode,gcode_generation,INFO,GCodeGeneratedEvent,stl_path: D:\UFAMeasy_Workspace\UFAMeasy\slice\lkjg\slice_4\layer_8_scaled.stl | gcode_path: D:\UFAMeasy_Workspace\UFAMeasy\slice\lkjg\slice_4\layer_8.nc | config_path: D:\UFAMeasy_Workspace\UFAMeasy\slice\lkjg\slice_4\layer_8.ini | z_offset: 22.0 | duration_ms: 281.00000000267755
24/07/2026 09:55:18.445 PM,gcode,gcode_generation,INFO,GCodeGeneratedEvent,stl_path: D:\UFAMeasy_Workspace\UFAMeasy\slice\lkjg\slice_4\layer_8_scaled.stl | gcode_path: D:\UFAMeasy_Workspace\UFAMeasy\slice\lkjg\slice_4\layer_8.nc | config_path: D:\UFAMeasy_Workspace\UFAMeasy\slice\lkjg\slice_4\layer_8.ini | z_offset: 22.0 | duration_ms: 281.00000000267755
24/07/2026 09:55:18.742 PM,gcode,gcode_generation,INFO,GCodeGeneratedEvent,stl_path: D:\UFAMeasy_Workspace\UFAMeasy\slice\lkjg\slice_4\layer_9_scaled.stl | gcode_path: D:\UFAMeasy_Workspace\UFAMeasy\slice\lkjg\slice_4\layer_9.nc | config_path: D:\UFAMeasy_Workspace\UFAMeasy\slice\lkjg\slice_4\layer_9.ini | z_offset: 23.0 | duration_ms: 296.99999999138527
24/07/2026 09:55:18.742 PM,gcode,gcode_generation,INFO,GCodeGeneratedEvent,stl_path: D:\UFAMeasy_Workspace\UFAMeasy\slice\lkjg\slice_4\layer_9_scaled.stl | gcode_path: D:\UFAMeasy_Workspace\UFAMeasy\slice\lkjg\slice_4\layer_9.nc | config_path: D:\UFAMeasy_Workspace\UFAMeasy\slice\lkjg\slice_4\layer_9.ini | z_offset: 23.0 | duration_ms: 296.99999999138527
24/07/2026 09:55:19.025 PM,gcode,gcode_generation,INFO,GCodeGeneratedEvent,stl_path: D:\UFAMeasy_Workspace\UFAMeasy\slice\lkjg\slice_4\layer_10_scaled.stl | gcode_path: D:\UFAMeasy_Workspace\UFAMeasy\slice\lkjg\slice_4\layer_10.nc | config_path: D:\UFAMeasy_Workspace\UFAMeasy\slice\lkjg\slice_4\layer_10.ini | z_offset: 24.0 | duration_ms: 282.00000000651926
24/07/2026 09:55:19.025 PM,gcode,gcode_generation,INFO,GCodeGeneratedEvent,stl_path: D:\UFAMeasy_Workspace\UFAMeasy\slice\lkjg\slice_4\layer_10_scaled.stl | gcode_path: D:\UFAMeasy_Workspace\UFAMeasy\slice\lkjg\slice_4\layer_10.nc | config_path: D:\UFAMeasy_Workspace\UFAMeasy\slice\lkjg\slice_4\layer_10.ini | z_offset: 24.0 | duration_ms: 282.00000000651926
24/07/2026 09:55:19.323 PM,gcode,gcode_generation,INFO,GCodeGeneratedEvent,stl_path: D:\UFAMeasy_Workspace\UFAMeasy\slice\lkjg\slice_4\layer_11_scaled.stl | gcode_path: D:\UFAMeasy_Workspace\UFAMeasy\slice\lkjg\slice_4\layer_11.nc | config_path: D:\UFAMeasy_Workspace\UFAMeasy\slice\lkjg\slice_4\layer_11.ini | z_offset: 25.0 | duration_ms: 296.0000000020955
24/07/2026 09:55:19.323 PM,gcode,gcode_generation,INFO,GCodeGeneratedEvent,stl_path: D:\UFAMeasy_Workspace\UFAMeasy\slice\lkjg\slice_4\layer_11_scaled.stl | gcode_path: D:\UFAMeasy_Workspace\UFAMeasy\slice\lkjg\slice_4\layer_11.nc | config_path: D:\UFAMeasy_Workspace\UFAMeasy\slice\lkjg\slice_4\layer_11.ini | z_offset: 25.0 | duration_ms: 296.0000000020955
24/07/2026 09:55:19.623 PM,gcode,gcode_generation,INFO,GCodeGeneratedEvent,stl_path: D:\UFAMeasy_Workspace\UFAMeasy\slice\lkjg\slice_4\layer_12_scaled.stl | gcode_path: D:\UFAMeasy_Workspace\UFAMeasy\slice\lkjg\slice_4\layer_12.nc | config_path: D:\UFAMeasy_Workspace\UFAMeasy\slice\lkjg\slice_4\layer_12.ini | z_offset: 26.0 | duration_ms: 296.99999999138527
24/07/2026 09:55:19.623 PM,gcode,gcode_generation,INFO,GCodeGeneratedEvent,stl_path: D:\UFAMeasy_Workspace\UFAMeasy\slice\lkjg\slice_4\layer_12_scaled.stl | gcode_path: D:\UFAMeasy_Workspace\UFAMeasy\slice\lkjg\slice_4\layer_12.nc | config_path: D:\UFAMeasy_Workspace\UFAMeasy\slice\lkjg\slice_4\layer_12.ini | z_offset: 26.0 | duration_ms: 296.99999999138527
24/07/2026 09:55:19.918 PM,gcode,gcode_generation,INFO,GCodeGeneratedEvent,stl_path: D:\UFAMeasy_Workspace\UFAMeasy\slice\lkjg\slice_4\layer_13_scaled.stl | gcode_path: D:\UFAMeasy_Workspace\UFAMeasy\slice\lkjg\slice_4\layer_13.nc | config_path: D:\UFAMeasy_Workspace\UFAMeasy\slice\lkjg\slice_4\layer_13.ini | z_offset: 27.0 | duration_ms: 297.0000000059372
24/07/2026 09:55:19.918 PM,gcode,gcode_generation,INFO,GCodeGeneratedEvent,stl_path: D:\UFAMeasy_Workspace\UFAMeasy\slice\lkjg\slice_4\layer_13_scaled.stl | gcode_path: D:\UFAMeasy_Workspace\UFAMeasy\slice\lkjg\slice_4\layer_13.nc | config_path: D:\UFAMeasy_Workspace\UFAMeasy\slice\lkjg\slice_4\layer_13.ini | z_offset: 27.0 | duration_ms: 297.0000000059372
24/07/2026 09:55:20.189 PM,gcode,gcode_generation,INFO,GCodeGeneratedEvent,stl_path: D:\UFAMeasy_Workspace\UFAMeasy\slice\lkjg\slice_4\layer_14_scaled.stl | gcode_path: D:\UFAMeasy_Workspace\UFAMeasy\slice\lkjg\slice_4\layer_14.nc | config_path: D:\UFAMeasy_Workspace\UFAMeasy\slice\lkjg\slice_4\layer_14.ini | z_offset: 28.0 | duration_ms: 281.00000000267755
24/07/2026 09:55:20.189 PM,gcode,gcode_generation,INFO,GCodeGeneratedEvent,stl_path: D:\UFAMeasy_Workspace\UFAMeasy\slice\lkjg\slice_4\layer_14_scaled.stl | gcode_path: D:\UFAMeasy_Workspace\UFAMeasy\slice\lkjg\slice_4\layer_14.nc | config_path: D:\UFAMeasy_Workspace\UFAMeasy\slice\lkjg\slice_4\layer_14.ini | z_offset: 28.0 | duration_ms: 281.00000000267755
24/07/2026 09:55:20.475 PM,gcode,gcode_generation,INFO,GCodeGeneratedEvent,stl_path: D:\UFAMeasy_Workspace\UFAMeasy\slice\lkjg\slice_4\layer_15_scaled.stl | gcode_path: D:\UFAMeasy_Workspace\UFAMeasy\slice\lkjg\slice_4\layer_15.nc | config_path: D:\UFAMeasy_Workspace\UFAMeasy\slice\lkjg\slice_4\layer_15.ini | z_offset: 29.0 | duration_ms: 281.99999999196734
24/07/2026 09:55:20.475 PM,gcode,gcode_generation,INFO,GCodeGeneratedEvent,stl_path: D:\UFAMeasy_Workspace\UFAMeasy\slice\lkjg\slice_4\layer_15_scaled.stl | gcode_path: D:\UFAMeasy_Workspace\UFAMeasy\slice\lkjg\slice_4\layer_15.nc | config_path: D:\UFAMeasy_Workspace\UFAMeasy\slice\lkjg\slice_4\layer_15.ini | z_offset: 29.0 | duration_ms: 281.99999999196734
24/07/2026 09:55:20.496 PM,session,session_sidecar,INFO,SessionSavedEvent,Saved session 'D:\UFAMeasy_Workspace\UFAMeasy\slice\lkjg\cynh.ufamsession.json' with 4 slices
24/07/2026 09:55:20.496 PM,session,session_sidecar,INFO,SessionSavedEvent,Saved session 'D:\UFAMeasy_Workspace\UFAMeasy\slice\lkjg\cynh.ufamsession.json' with 4 slices
24/07/2026 09:55:21.499 PM,session,session_sidecar,INFO,SessionSavedEvent,Saved session 'D:\UFAMeasy_Workspace\UFAMeasy\slice\lkjg\cynh.ufamsession.json' with 4 slices
24/07/2026 09:55:21.499 PM,session,session_sidecar,INFO,SessionSavedEvent,Saved session 'D:\UFAMeasy_Workspace\UFAMeasy\slice\lkjg\cynh.ufamsession.json' with 4 slices
24/07/2026 09:55:21.501 PM,gcode,gcode_merge,INFO,GCodeMergedEvent,Merged 4 slices into 'D:\UFAMeasy_Workspace\UFAMeasy\slice\lkjg\combined_print.gcode' (31.000000002677552ms)
24/07/2026 09:55:21.501 PM,gcode,gcode_merge,INFO,GCodeMergedEvent,Merged 4 slices into 'D:\UFAMeasy_Workspace\UFAMeasy\slice\lkjg\combined_print.gcode' (31.000000002677552ms)
24/07/2026 10:12:53.595 PM,session,document,INFO,FileEvent,Document Closed | Path: D:/UFAMeasy_Workspace/UFAMeasy/slice/lkjg/cynh.FCStd | Name: Unnamed
24/07/2026 10:12:53.595 PM,session,document,INFO,FileEvent,Document Closed | Path: D:/UFAMeasy_Workspace/UFAMeasy/slice/lkjg/cynh.FCStd | Name: Unnamed
24/07/2026 10:13:35.240 PM,workflow,geometry,INFO,ShapeChangedEvent,"Created Box (Label: 'Box') [a=20.0, b=20.0, c=20.0]"
24/07/2026 10:13:35.240 PM,workflow,geometry,INFO,ShapeChangedEvent,"Created Box (Label: 'Box') [a=20.0, b=20.0, c=20.0]"
24/07/2026 10:13:51.643 PM,session,document,INFO,FileEvent,Document Saved | Path: D:/UFAMeasy_Workspace/UFAMeasy/slice/852..2/......FCStd
24/07/2026 10:13:51.643 PM,session,document,INFO,FileEvent,Document Saved | Path: D:/UFAMeasy_Workspace/UFAMeasy/slice/852..2/......FCStd
24/07/2026 10:13:51.643 PM,session,persistence,INFO,SessionSavedEvent,Saved session 'D:/UFAMeasy_Workspace/UFAMeasy/slice/852..2/......FCStd' with 0 slices
24/07/2026 10:13:51.643 PM,session,persistence,INFO,SessionSavedEvent,Saved session 'D:/UFAMeasy_Workspace/UFAMeasy/slice/852..2/......FCStd' with 0 slices
24/07/2026 10:14:08.689 PM,workflow,slicing,INFO,SliceStartedEvent,slice_index: 1 | output_path: D:\UFAMeasy_Workspace\UFAMeasy\slice\852..2 | plane_count: 3
24/07/2026 10:14:08.689 PM,workflow,slicing,INFO,SliceStartedEvent,slice_index: 1 | output_path: D:\UFAMeasy_Workspace\UFAMeasy\slice\852..2 | plane_count: 3
24/07/2026 10:14:09.566 PM,workflow,slicing,INFO,SliceCompletedEvent,slice_index: 1 | filename: slice_1.stl | output_path: D:\UFAMeasy_Workspace\UFAMeasy\slice\852..2 | z_offset: 0.0 | center_x: 10.0 | center_y: 10.0 | duration_ms: 875.0
24/07/2026 10:14:09.566 PM,workflow,slicing,INFO,SliceCompletedEvent,slice_index: 1 | filename: slice_1.stl | output_path: D:\UFAMeasy_Workspace\UFAMeasy\slice\852..2 | z_offset: 0.0 | center_x: 10.0 | center_y: 10.0 | duration_ms: 875.0
24/07/2026 10:14:09.602 PM,workflow,slicing,INFO,SliceStartedEvent,slice_index: 2 | output_path: D:\UFAMeasy_Workspace\UFAMeasy\slice\852..2 | plane_count: 3
24/07/2026 10:14:09.602 PM,workflow,slicing,INFO,SliceStartedEvent,slice_index: 2 | output_path: D:\UFAMeasy_Workspace\UFAMeasy\slice\852..2 | plane_count: 3
24/07/2026 10:14:09.610 PM,workflow,slicing,INFO,SliceCompletedEvent,slice_index: 2 | filename: slice_2.stl | output_path: D:\UFAMeasy_Workspace\UFAMeasy\slice\852..2 | z_offset: 6.0 | center_x: 10.0 | center_y: 10.0 | duration_ms: 14.999999999417923
24/07/2026 10:14:09.610 PM,workflow,slicing,INFO,SliceCompletedEvent,slice_index: 2 | filename: slice_2.stl | output_path: D:\UFAMeasy_Workspace\UFAMeasy\slice\852..2 | z_offset: 6.0 | center_x: 10.0 | center_y: 10.0 | duration_ms: 14.999999999417923
24/07/2026 10:14:09.644 PM,workflow,slicing,INFO,SliceStartedEvent,slice_index: 3 | output_path: D:\UFAMeasy_Workspace\UFAMeasy\slice\852..2 | plane_count: 3
24/07/2026 10:14:09.644 PM,workflow,slicing,INFO,SliceStartedEvent,slice_index: 3 | output_path: D:\UFAMeasy_Workspace\UFAMeasy\slice\852..2 | plane_count: 3
24/07/2026 10:14:09.653 PM,workflow,slicing,INFO,SliceCompletedEvent,slice_index: 3 | filename: slice_3.stl | output_path: D:\UFAMeasy_Workspace\UFAMeasy\slice\852..2 | z_offset: 10.0 | center_x: 10.0 | center_y: 10.0 | duration_ms: 0.0
24/07/2026 10:14:09.653 PM,workflow,slicing,INFO,SliceCompletedEvent,slice_index: 3 | filename: slice_3.stl | output_path: D:\UFAMeasy_Workspace\UFAMeasy\slice\852..2 | z_offset: 10.0 | center_x: 10.0 | center_y: 10.0 | duration_ms: 0.0
24/07/2026 10:14:09.669 PM,workflow,slicing,INFO,SliceStartedEvent,slice_index: 4 | output_path: D:\UFAMeasy_Workspace\UFAMeasy\slice\852..2 | plane_count: 3
24/07/2026 10:14:09.669 PM,workflow,slicing,INFO,SliceStartedEvent,slice_index: 4 | output_path: D:\UFAMeasy_Workspace\UFAMeasy\slice\852..2 | plane_count: 3
24/07/2026 10:14:09.684 PM,workflow,slicing,INFO,SliceCompletedEvent,slice_index: 4 | filename: slice_4.stl | output_path: D:\UFAMeasy_Workspace\UFAMeasy\slice\852..2 | z_offset: 17.0 | center_x: 10.0 | center_y: 10.0 | duration_ms: 16.00000000325963
24/07/2026 10:14:09.684 PM,workflow,slicing,INFO,SliceCompletedEvent,slice_index: 4 | filename: slice_4.stl | output_path: D:\UFAMeasy_Workspace\UFAMeasy\slice\852..2 | z_offset: 17.0 | center_x: 10.0 | center_y: 10.0 | duration_ms: 16.00000000325963
24/07/2026 10:14:10.817 PM,session,session_sidecar,INFO,SessionSavedEvent,Saved session 'D:\UFAMeasy_Workspace\UFAMeasy\slice\852..2\......ufamsession.json' with 4 slices
24/07/2026 10:14:10.817 PM,session,session_sidecar,INFO,SessionSavedEvent,Saved session 'D:\UFAMeasy_Workspace\UFAMeasy\slice\852..2\......ufamsession.json' with 4 slices
24/07/2026 10:14:30.470 PM,workflow,slicing,INFO,SliceStartedEvent,slice_index: 1 | output_path: D:\UFAMeasy_Workspace\UFAMeasy\slice\852..2 | plane_count: 3
24/07/2026 10:14:30.470 PM,workflow,slicing,INFO,SliceStartedEvent,slice_index: 1 | output_path: D:\UFAMeasy_Workspace\UFAMeasy\slice\852..2 | plane_count: 3
24/07/2026 10:14:30.505 PM,workflow,slicing,INFO,SliceCompletedEvent,slice_index: 1 | filename: slice_1.stl | output_path: D:\UFAMeasy_Workspace\UFAMeasy\slice\852..2 | z_offset: 0.0 | center_x: 10.0 | center_y: 10.0 | duration_ms: 31.000000002677552
24/07/2026 10:14:30.505 PM,workflow,slicing,INFO,SliceCompletedEvent,slice_index: 1 | filename: slice_1.stl | output_path: D:\UFAMeasy_Workspace\UFAMeasy\slice\852..2 | z_offset: 0.0 | center_x: 10.0 | center_y: 10.0 | duration_ms: 31.000000002677552
24/07/2026 10:14:30.534 PM,workflow,slicing,INFO,SliceStartedEvent,slice_index: 2 | output_path: D:\UFAMeasy_Workspace\UFAMeasy\slice\852..2 | plane_count: 3
24/07/2026 10:14:30.534 PM,workflow,slicing,INFO,SliceStartedEvent,slice_index: 2 | output_path: D:\UFAMeasy_Workspace\UFAMeasy\slice\852..2 | plane_count: 3
24/07/2026 10:14:30.542 PM,workflow,slicing,INFO,SliceCompletedEvent,slice_index: 2 | filename: slice_2.stl | output_path: D:\UFAMeasy_Workspace\UFAMeasy\slice\852..2 | z_offset: 6.0 | center_x: 10.0 | center_y: 10.0 | duration_ms: 0.0
24/07/2026 10:14:30.542 PM,workflow,slicing,INFO,SliceCompletedEvent,slice_index: 2 | filename: slice_2.stl | output_path: D:\UFAMeasy_Workspace\UFAMeasy\slice\852..2 | z_offset: 6.0 | center_x: 10.0 | center_y: 10.0 | duration_ms: 0.0
24/07/2026 10:14:30.565 PM,workflow,slicing,INFO,SliceStartedEvent,slice_index: 3 | output_path: D:\UFAMeasy_Workspace\UFAMeasy\slice\852..2 | plane_count: 3
24/07/2026 10:14:30.565 PM,workflow,slicing,INFO,SliceStartedEvent,slice_index: 3 | output_path: D:\UFAMeasy_Workspace\UFAMeasy\slice\852..2 | plane_count: 3
24/07/2026 10:14:30.573 PM,workflow,slicing,INFO,SliceCompletedEvent,slice_index: 3 | filename: slice_3.stl | output_path: D:\UFAMeasy_Workspace\UFAMeasy\slice\852..2 | z_offset: 10.0 | center_x: 10.0 | center_y: 10.0 | duration_ms: 0.0
24/07/2026 10:14:30.573 PM,workflow,slicing,INFO,SliceCompletedEvent,slice_index: 3 | filename: slice_3.stl | output_path: D:\UFAMeasy_Workspace\UFAMeasy\slice\852..2 | z_offset: 10.0 | center_x: 10.0 | center_y: 10.0 | duration_ms: 0.0
24/07/2026 10:14:30.579 PM,workflow,slicing,INFO,SliceStartedEvent,slice_index: 4 | output_path: D:\UFAMeasy_Workspace\UFAMeasy\slice\852..2 | plane_count: 3
24/07/2026 10:14:30.579 PM,workflow,slicing,INFO,SliceStartedEvent,slice_index: 4 | output_path: D:\UFAMeasy_Workspace\UFAMeasy\slice\852..2 | plane_count: 3
24/07/2026 10:14:30.593 PM,workflow,slicing,INFO,SliceCompletedEvent,slice_index: 4 | filename: slice_4.stl | output_path: D:\UFAMeasy_Workspace\UFAMeasy\slice\852..2 | z_offset: 17.0 | center_x: 10.0 | center_y: 10.0 | duration_ms: 0.0
24/07/2026 10:14:30.593 PM,workflow,slicing,INFO,SliceCompletedEvent,slice_index: 4 | filename: slice_4.stl | output_path: D:\UFAMeasy_Workspace\UFAMeasy\slice\852..2 | z_offset: 17.0 | center_x: 10.0 | center_y: 10.0 | duration_ms: 0.0
24/07/2026 10:14:31.686 PM,session,session_sidecar,INFO,SessionSavedEvent,Saved session 'D:\UFAMeasy_Workspace\UFAMeasy\slice\852..2\......ufamsession.json' with 4 slices
24/07/2026 10:14:31.686 PM,session,session_sidecar,INFO,SessionSavedEvent,Saved session 'D:\UFAMeasy_Workspace\UFAMeasy\slice\852..2\......ufamsession.json' with 4 slices
24/07/2026 10:15:13.807 PM,session,document,INFO,FileEvent,Document Closed | Path: D:/UFAMeasy_Workspace/UFAMeasy/slice/852..2/......FCStd | Name: Unnamed
24/07/2026 10:15:13.807 PM,session,document,INFO,FileEvent,Document Closed | Path: D:/UFAMeasy_Workspace/UFAMeasy/slice/852..2/......FCStd | Name: Unnamed
24/07/2026 10:15:35.400 PM,workflow,geometry,INFO,ShapeChangedEvent,"Created Box (Label: 'Box') [a=20.0, b=20.0, c=20.0]"
24/07/2026 10:15:35.400 PM,workflow,geometry,INFO,ShapeChangedEvent,"Created Box (Label: 'Box') [a=20.0, b=20.0, c=20.0]"
24/07/2026 10:15:53.215 PM,session,document,INFO,FileEvent,Document Saved | Path: D:/UFAMeasy_Workspace/UFAMeasy/slice/97532/[mjhgg].FCStd
24/07/2026 10:15:53.215 PM,session,document,INFO,FileEvent,Document Saved | Path: D:/UFAMeasy_Workspace/UFAMeasy/slice/97532/[mjhgg].FCStd
24/07/2026 10:15:53.216 PM,session,persistence,INFO,SessionSavedEvent,Saved session 'D:/UFAMeasy_Workspace/UFAMeasy/slice/97532/[mjhgg].FCStd' with 0 slices
24/07/2026 10:15:53.216 PM,session,persistence,INFO,SessionSavedEvent,Saved session 'D:/UFAMeasy_Workspace/UFAMeasy/slice/97532/[mjhgg].FCStd' with 0 slices
24/07/2026 10:16:12.555 PM,workflow,slicing,INFO,SliceStartedEvent,slice_index: 1 | output_path: D:\UFAMeasy_Workspace\UFAMeasy\slice\97532 | plane_count: 3
24/07/2026 10:16:12.555 PM,workflow,slicing,INFO,SliceStartedEvent,slice_index: 1 | output_path: D:\UFAMeasy_Workspace\UFAMeasy\slice\97532 | plane_count: 3
24/07/2026 10:16:12.969 PM,workflow,slicing,INFO,SliceCompletedEvent,slice_index: 1 | filename: slice_1.stl | output_path: D:\UFAMeasy_Workspace\UFAMeasy\slice\97532 | z_offset: 0.0 | center_x: 10.0 | center_y: 10.0 | duration_ms: 406.99999999196734
24/07/2026 10:16:12.969 PM,workflow,slicing,INFO,SliceCompletedEvent,slice_index: 1 | filename: slice_1.stl | output_path: D:\UFAMeasy_Workspace\UFAMeasy\slice\97532 | z_offset: 0.0 | center_x: 10.0 | center_y: 10.0 | duration_ms: 406.99999999196734
24/07/2026 10:16:13.064 PM,workflow,slicing,INFO,SliceStartedEvent,slice_index: 2 | output_path: D:\UFAMeasy_Workspace\UFAMeasy\slice\97532 | plane_count: 3
24/07/2026 10:16:13.064 PM,workflow,slicing,INFO,SliceStartedEvent,slice_index: 2 | output_path: D:\UFAMeasy_Workspace\UFAMeasy\slice\97532 | plane_count: 3
24/07/2026 10:16:13.089 PM,workflow,slicing,INFO,SliceCompletedEvent,slice_index: 2 | filename: slice_2.stl | output_path: D:\UFAMeasy_Workspace\UFAMeasy\slice\97532 | z_offset: 4.0 | center_x: 10.0 | center_y: 10.0 | duration_ms: 16.00000000325963
24/07/2026 10:16:13.089 PM,workflow,slicing,INFO,SliceCompletedEvent,slice_index: 2 | filename: slice_2.stl | output_path: D:\UFAMeasy_Workspace\UFAMeasy\slice\97532 | z_offset: 4.0 | center_x: 10.0 | center_y: 10.0 | duration_ms: 16.00000000325963
24/07/2026 10:16:13.163 PM,workflow,slicing,INFO,SliceStartedEvent,slice_index: 3 | output_path: D:\UFAMeasy_Workspace\UFAMeasy\slice\97532 | plane_count: 3
24/07/2026 10:16:13.163 PM,workflow,slicing,INFO,SliceStartedEvent,slice_index: 3 | output_path: D:\UFAMeasy_Workspace\UFAMeasy\slice\97532 | plane_count: 3
24/07/2026 10:16:13.187 PM,workflow,slicing,INFO,SliceCompletedEvent,slice_index: 3 | filename: slice_3.stl | output_path: D:\UFAMeasy_Workspace\UFAMeasy\slice\97532 | z_offset: 11.0 | center_x: 10.0 | center_y: 10.0 | duration_ms: 16.00000000325963
24/07/2026 10:16:13.187 PM,workflow,slicing,INFO,SliceCompletedEvent,slice_index: 3 | filename: slice_3.stl | output_path: D:\UFAMeasy_Workspace\UFAMeasy\slice\97532 | z_offset: 11.0 | center_x: 10.0 | center_y: 10.0 | duration_ms: 16.00000000325963
24/07/2026 10:16:13.212 PM,workflow,slicing,INFO,SliceStartedEvent,slice_index: 4 | output_path: D:\UFAMeasy_Workspace\UFAMeasy\slice\97532 | plane_count: 3
24/07/2026 10:16:13.212 PM,workflow,slicing,INFO,SliceStartedEvent,slice_index: 4 | output_path: D:\UFAMeasy_Workspace\UFAMeasy\slice\97532 | plane_count: 3
24/07/2026 10:16:13.244 PM,workflow,slicing,INFO,SliceCompletedEvent,slice_index: 4 | filename: slice_4.stl | output_path: D:\UFAMeasy_Workspace\UFAMeasy\slice\97532 | z_offset: 16.0 | center_x: 10.0 | center_y: 10.0 | duration_ms: 30.999999988125637
24/07/2026 10:16:13.244 PM,workflow,slicing,INFO,SliceCompletedEvent,slice_index: 4 | filename: slice_4.stl | output_path: D:\UFAMeasy_Workspace\UFAMeasy\slice\97532 | z_offset: 16.0 | center_x: 10.0 | center_y: 10.0 | duration_ms: 30.999999988125637
24/07/2026 10:16:14.350 PM,session,session_sidecar,INFO,SessionSavedEvent,Saved session 'D:\UFAMeasy_Workspace\UFAMeasy\slice\97532\[mjhgg].ufamsession.json' with 4 slices
24/07/2026 10:16:14.350 PM,session,session_sidecar,INFO,SessionSavedEvent,Saved session 'D:\UFAMeasy_Workspace\UFAMeasy\slice\97532\[mjhgg].ufamsession.json' with 4 slices
24/07/2026 10:16:39.891 PM,workflow,geometry,INFO,ShapeChangedEvent,Deleted Part::Feature (Label: 'PreviewSlice')
24/07/2026 10:16:39.891 PM,workflow,geometry,INFO,ShapeChangedEvent,Deleted Part::Feature (Label: 'PreviewSlice')
24/07/2026 10:16:39.899 PM,workflow,slicer_ui,INFO,ParameterChangedEvent,Changed 4 parameters in Slice 1 [--post-process: 0 → 0; COOLING_PASS: False → false; --thin-wall-mode: False → false]
24/07/2026 10:16:39.899 PM,workflow,slicer_ui,INFO,ParameterChangedEvent,Changed 4 parameters in Slice 1 [--post-process: 0 → 0; COOLING_PASS: False → false; --thin-wall-mode: False → false]
24/07/2026 10:16:39.925 PM,session,session_sidecar,INFO,SessionSavedEvent,Saved session 'D:\UFAMeasy_Workspace\UFAMeasy\slice\97532\[mjhgg].ufamsession.json' with 4 slices
24/07/2026 10:16:39.925 PM,session,session_sidecar,INFO,SessionSavedEvent,Saved session 'D:\UFAMeasy_Workspace\UFAMeasy\slice\97532\[mjhgg].ufamsession.json' with 4 slices
24/07/2026 10:16:43.139 PM,workflow,geometry,INFO,ShapeChangedEvent,Deleted Part::Feature (Label: 'PreviewSlice')
24/07/2026 10:16:43.139 PM,workflow,geometry,INFO,ShapeChangedEvent,Deleted Part::Feature (Label: 'PreviewSlice')
24/07/2026 10:16:43.142 PM,workflow,slicer_ui,INFO,ParameterChangedEvent,Changed 4 parameters in Slice 2 [--post-process: 0 → 0; COOLING_PASS: False → false; --thin-wall-mode: False → false]
24/07/2026 10:16:43.142 PM,workflow,slicer_ui,INFO,ParameterChangedEvent,Changed 4 parameters in Slice 2 [--post-process: 0 → 0; COOLING_PASS: False → false; --thin-wall-mode: False → false]
24/07/2026 10:16:43.159 PM,session,session_sidecar,INFO,SessionSavedEvent,Saved session 'D:\UFAMeasy_Workspace\UFAMeasy\slice\97532\[mjhgg].ufamsession.json' with 4 slices
24/07/2026 10:16:43.159 PM,session,session_sidecar,INFO,SessionSavedEvent,Saved session 'D:\UFAMeasy_Workspace\UFAMeasy\slice\97532\[mjhgg].ufamsession.json' with 4 slices
24/07/2026 10:16:46.198 PM,workflow,geometry,INFO,ShapeChangedEvent,Deleted Part::Feature (Label: 'PreviewSlice')
24/07/2026 10:16:46.198 PM,workflow,geometry,INFO,ShapeChangedEvent,Deleted Part::Feature (Label: 'PreviewSlice')
24/07/2026 10:16:46.202 PM,workflow,slicer_ui,INFO,ParameterChangedEvent,Changed 4 parameters in Slice 3 [--post-process: 0 → 0; COOLING_PASS: False → false; --thin-wall-mode: False → false]
24/07/2026 10:16:46.202 PM,workflow,slicer_ui,INFO,ParameterChangedEvent,Changed 4 parameters in Slice 3 [--post-process: 0 → 0; COOLING_PASS: False → false; --thin-wall-mode: False → false]
24/07/2026 10:16:46.225 PM,session,session_sidecar,INFO,SessionSavedEvent,Saved session 'D:\UFAMeasy_Workspace\UFAMeasy\slice\97532\[mjhgg].ufamsession.json' with 4 slices
24/07/2026 10:16:46.225 PM,session,session_sidecar,INFO,SessionSavedEvent,Saved session 'D:\UFAMeasy_Workspace\UFAMeasy\slice\97532\[mjhgg].ufamsession.json' with 4 slices
24/07/2026 10:16:48.922 PM,workflow,geometry,INFO,ShapeChangedEvent,Deleted Part::Feature (Label: 'PreviewSlice')
24/07/2026 10:16:48.922 PM,workflow,geometry,INFO,ShapeChangedEvent,Deleted Part::Feature (Label: 'PreviewSlice')
24/07/2026 10:16:48.926 PM,workflow,slicer_ui,INFO,ParameterChangedEvent,Changed 4 parameters in Slice 4 [--post-process: 0 → 0; COOLING_PASS: False → false; --thin-wall-mode: False → false]
24/07/2026 10:16:48.926 PM,workflow,slicer_ui,INFO,ParameterChangedEvent,Changed 4 parameters in Slice 4 [--post-process: 0 → 0; COOLING_PASS: False → false; --thin-wall-mode: False → false]
24/07/2026 10:16:48.948 PM,session,session_sidecar,INFO,SessionSavedEvent,Saved session 'D:\UFAMeasy_Workspace\UFAMeasy\slice\97532\[mjhgg].ufamsession.json' with 4 slices
24/07/2026 10:16:48.948 PM,session,session_sidecar,INFO,SessionSavedEvent,Saved session 'D:\UFAMeasy_Workspace\UFAMeasy\slice\97532\[mjhgg].ufamsession.json' with 4 slices
24/07/2026 10:16:55.024 PM,gcode,gcode_generation,INFO,GCodeGeneratedEvent,stl_path: D:\UFAMeasy_Workspace\UFAMeasy\slice\97532\slice_1\layer_1_scaled.stl | gcode_path: D:\UFAMeasy_Workspace\UFAMeasy\slice\97532\slice_1\layer_1.nc | config_path: D:\UFAMeasy_Workspace\UFAMeasy\slice\97532\slice_1\layer_1.ini | z_offset: 0.0 | duration_ms: 4468.999999997322
24/07/2026 10:16:55.024 PM,gcode,gcode_generation,INFO,GCodeGeneratedEvent,stl_path: D:\UFAMeasy_Workspace\UFAMeasy\slice\97532\slice_1\layer_1_scaled.stl | gcode_path: D:\UFAMeasy_Workspace\UFAMeasy\slice\97532\slice_1\layer_1.nc | config_path: D:\UFAMeasy_Workspace\UFAMeasy\slice\97532\slice_1\layer_1.ini | z_offset: 0.0 | duration_ms: 4468.999999997322
24/07/2026 10:16:55.709 PM,gcode,gcode_generation,INFO,GCodeGeneratedEvent,stl_path: D:\UFAMeasy_Workspace\UFAMeasy\slice\97532\slice_1\layer_2_scaled.stl | gcode_path: D:\UFAMeasy_Workspace\UFAMeasy\slice\97532\slice_1\layer_2.nc | config_path: D:\UFAMeasy_Workspace\UFAMeasy\slice\97532\slice_1\layer_2.ini | z_offset: 1.0 | duration_ms: 687.0000000053551
24/07/2026 10:16:55.709 PM,gcode,gcode_generation,INFO,GCodeGeneratedEvent,stl_path: D:\UFAMeasy_Workspace\UFAMeasy\slice\97532\slice_1\layer_2_scaled.stl | gcode_path: D:\UFAMeasy_Workspace\UFAMeasy\slice\97532\slice_1\layer_2.nc | config_path: D:\UFAMeasy_Workspace\UFAMeasy\slice\97532\slice_1\layer_2.ini | z_offset: 1.0 | duration_ms: 687.0000000053551
24/07/2026 10:16:56.343 PM,gcode,gcode_generation,INFO,GCodeGeneratedEvent,stl_path: D:\UFAMeasy_Workspace\UFAMeasy\slice\97532\slice_1\layer_3_scaled.stl | gcode_path: D:\UFAMeasy_Workspace\UFAMeasy\slice\97532\slice_1\layer_3.nc | config_path: D:\UFAMeasy_Workspace\UFAMeasy\slice\97532\slice_1\layer_3.ini | z_offset: 2.0 | duration_ms: 625.0
24/07/2026 10:16:56.343 PM,gcode,gcode_generation,INFO,GCodeGeneratedEvent,stl_path: D:\UFAMeasy_Workspace\UFAMeasy\slice\97532\slice_1\layer_3_scaled.stl | gcode_path: D:\UFAMeasy_Workspace\UFAMeasy\slice\97532\slice_1\layer_3.nc | config_path: D:\UFAMeasy_Workspace\UFAMeasy\slice\97532\slice_1\layer_3.ini | z_offset: 2.0 | duration_ms: 625.0
24/07/2026 10:16:57.052 PM,gcode,gcode_generation,INFO,GCodeGeneratedEvent,stl_path: D:\UFAMeasy_Workspace\UFAMeasy\slice\97532\slice_1\layer_4_scaled.stl | gcode_path: D:\UFAMeasy_Workspace\UFAMeasy\slice\97532\slice_1\layer_4.nc | config_path: D:\UFAMeasy_Workspace\UFAMeasy\slice\97532\slice_1\layer_4.ini | z_offset: 3.0 | duration_ms: 718.9999999973224
24/07/2026 10:16:57.052 PM,gcode,gcode_generation,INFO,GCodeGeneratedEvent,stl_path: D:\UFAMeasy_Workspace\UFAMeasy\slice\97532\slice_1\layer_4_scaled.stl | gcode_path: D:\UFAMeasy_Workspace\UFAMeasy\slice\97532\slice_1\layer_4.nc | config_path: D:\UFAMeasy_Workspace\UFAMeasy\slice\97532\slice_1\layer_4.ini | z_offset: 3.0 | duration_ms: 718.9999999973224
24/07/2026 10:16:58.060 PM,gcode,gcode_generation,INFO,GCodeGeneratedEvent,stl_path: D:\UFAMeasy_Workspace\UFAMeasy\slice\97532\slice_2\layer_1_scaled.stl | gcode_path: D:\UFAMeasy_Workspace\UFAMeasy\slice\97532\slice_2\layer_1.nc | config_path: D:\UFAMeasy_Workspace\UFAMeasy\slice\97532\slice_2\layer_1.ini | z_offset: 4.0 | duration_ms: 718.9999999973224
24/07/2026 10:16:58.060 PM,gcode,gcode_generation,INFO,GCodeGeneratedEvent,stl_path: D:\UFAMeasy_Workspace\UFAMeasy\slice\97532\slice_2\layer_1_scaled.stl | gcode_path: D:\UFAMeasy_Workspace\UFAMeasy\slice\97532\slice_2\layer_1.nc | config_path: D:\UFAMeasy_Workspace\UFAMeasy\slice\97532\slice_2\layer_1.ini | z_offset: 4.0 | duration_ms: 718.9999999973224
24/07/2026 10:16:58.776 PM,gcode,gcode_generation,INFO,GCodeGeneratedEvent,stl_path: D:\UFAMeasy_Workspace\UFAMeasy\slice\97532\slice_2\layer_2_scaled.stl | gcode_path: D:\UFAMeasy_Workspace\UFAMeasy\slice\97532\slice_2\layer_2.nc | config_path: D:\UFAMeasy_Workspace\UFAMeasy\slice\97532\slice_2\layer_2.ini | z_offset: 5.0 | duration_ms: 718.9999999973224
24/07/2026 10:16:58.776 PM,gcode,gcode_generation,INFO,GCodeGeneratedEvent,stl_path: D:\UFAMeasy_Workspace\UFAMeasy\slice\97532\slice_2\layer_2_scaled.stl | gcode_path: D:\UFAMeasy_Workspace\UFAMeasy\slice\97532\slice_2\layer_2.nc | config_path: D:\UFAMeasy_Workspace\UFAMeasy\slice\97532\slice_2\layer_2.ini | z_offset: 5.0 | duration_ms: 718.9999999973224
24/07/2026 10:16:59.703 PM,gcode,gcode_generation,INFO,GCodeGeneratedEvent,stl_path: D:\UFAMeasy_Workspace\UFAMeasy\slice\97532\slice_2\layer_3_scaled.stl | gcode_path: D:\UFAMeasy_Workspace\UFAMeasy\slice\97532\slice_2\layer_3.nc | config_path: D:\UFAMeasy_Workspace\UFAMeasy\slice\97532\slice_2\layer_3.ini | z_offset: 6.0 | duration_ms: 921.0000000020955
24/07/2026 10:16:59.703 PM,gcode,gcode_generation,INFO,GCodeGeneratedEvent,stl_path: D:\UFAMeasy_Workspace\UFAMeasy\slice\97532\slice_2\layer_3_scaled.stl | gcode_path: D:\UFAMeasy_Workspace\UFAMeasy\slice\97532\slice_2\layer_3.nc | config_path: D:\UFAMeasy_Workspace\UFAMeasy\slice\97532\slice_2\layer_3.ini | z_offset: 6.0 | duration_ms: 921.0000000020955
24/07/2026 10:17:00.451 PM,gcode,gcode_generation,INFO,GCodeGeneratedEvent,stl_path: D:\UFAMeasy_Workspace\UFAMeasy\slice\97532\slice_2\layer_4_scaled.stl | gcode_path: D:\UFAMeasy_Workspace\UFAMeasy\slice\97532\slice_2\layer_4.nc | config_path: D:\UFAMeasy_Workspace\UFAMeasy\slice\97532\slice_2\layer_4.ini | z_offset: 7.0 | duration_ms: 733.9999999967404
24/07/2026 10:17:00.451 PM,gcode,gcode_generation,INFO,GCodeGeneratedEvent,stl_path: D:\UFAMeasy_Workspace\UFAMeasy\slice\97532\slice_2\layer_4_scaled.stl | gcode_path: D:\UFAMeasy_Workspace\UFAMeasy\slice\97532\slice_2\layer_4.nc | config_path: D:\UFAMeasy_Workspace\UFAMeasy\slice\97532\slice_2\layer_4.ini | z_offset: 7.0 | duration_ms: 733.9999999967404
24/07/2026 10:17:01.128 PM,gcode,gcode_generation,INFO,GCodeGeneratedEvent,stl_path: D:\UFAMeasy_Workspace\UFAMeasy\slice\97532\slice_2\layer_5_scaled.stl | gcode_path: D:\UFAMeasy_Workspace\UFAMeasy\slice\97532\slice_2\layer_5.nc | config_path: D:\UFAMeasy_Workspace\UFAMeasy\slice\97532\slice_2\layer_5.ini | z_offset: 8.0 | duration_ms: 687.9999999946449
24/07/2026 10:17:01.128 PM,gcode,gcode_generation,INFO,GCodeGeneratedEvent,stl_path: D:\UFAMeasy_Workspace\UFAMeasy\slice\97532\slice_2\layer_5_scaled.stl | gcode_path: D:\UFAMeasy_Workspace\UFAMeasy\slice\97532\slice_2\layer_5.nc | config_path: D:\UFAMeasy_Workspace\UFAMeasy\slice\97532\slice_2\layer_5.ini | z_offset: 8.0 | duration_ms: 687.9999999946449
24/07/2026 10:17:01.984 PM,gcode,gcode_generation,INFO,GCodeGeneratedEvent,stl_path: D:\UFAMeasy_Workspace\UFAMeasy\slice\97532\slice_2\layer_6_scaled.stl | gcode_path: D:\UFAMeasy_Workspace\UFAMeasy\slice\97532\slice_2\layer_6.nc | config_path: D:\UFAMeasy_Workspace\UFAMeasy\slice\97532\slice_2\layer_6.ini | z_offset: 9.0 | duration_ms: 858.9999999967404
24/07/2026 10:17:01.984 PM,gcode,gcode_generation,INFO,GCodeGeneratedEvent,stl_path: D:\UFAMeasy_Workspace\UFAMeasy\slice\97532\slice_2\layer_6_scaled.stl | gcode_path: D:\UFAMeasy_Workspace\UFAMeasy\slice\97532\slice_2\layer_6.nc | config_path: D:\UFAMeasy_Workspace\UFAMeasy\slice\97532\slice_2\layer_6.ini | z_offset: 9.0 | duration_ms: 858.9999999967404
24/07/2026 10:17:02.861 PM,gcode,gcode_generation,INFO,GCodeGeneratedEvent,stl_path: D:\UFAMeasy_Workspace\UFAMeasy\slice\97532\slice_2\layer_7_scaled.stl | gcode_path: D:\UFAMeasy_Workspace\UFAMeasy\slice\97532\slice_2\layer_7.nc | config_path: D:\UFAMeasy_Workspace\UFAMeasy\slice\97532\slice_2\layer_7.ini | z_offset: 10.0 | duration_ms: 875.0
24/07/2026 10:17:02.861 PM,gcode,gcode_generation,INFO,GCodeGeneratedEvent,stl_path: D:\UFAMeasy_Workspace\UFAMeasy\slice\97532\slice_2\layer_7_scaled.stl | gcode_path: D:\UFAMeasy_Workspace\UFAMeasy\slice\97532\slice_2\layer_7.nc | config_path: D:\UFAMeasy_Workspace\UFAMeasy\slice\97532\slice_2\layer_7.ini | z_offset: 10.0 | duration_ms: 875.0
24/07/2026 10:17:03.858 PM,gcode,gcode_generation,INFO,GCodeGeneratedEvent,stl_path: D:\UFAMeasy_Workspace\UFAMeasy\slice\97532\slice_3\layer_1_scaled.stl | gcode_path: D:\UFAMeasy_Workspace\UFAMeasy\slice\97532\slice_3\layer_1.nc | config_path: D:\UFAMeasy_Workspace\UFAMeasy\slice\97532\slice_3\layer_1.ini | z_offset: 11.0 | duration_ms: 812.9999999946449
24/07/2026 10:17:03.858 PM,gcode,gcode_generation,INFO,GCodeGeneratedEvent,stl_path: D:\UFAMeasy_Workspace\UFAMeasy\slice\97532\slice_3\layer_1_scaled.stl | gcode_path: D:\UFAMeasy_Workspace\UFAMeasy\slice\97532\slice_3\layer_1.nc | config_path: D:\UFAMeasy_Workspace\UFAMeasy\slice\97532\slice_3\layer_1.ini | z_offset: 11.0 | duration_ms: 812.9999999946449
24/07/2026 10:17:04.638 PM,gcode,gcode_generation,INFO,GCodeGeneratedEvent,stl_path: D:\UFAMeasy_Workspace\UFAMeasy\slice\97532\slice_3\layer_2_scaled.stl | gcode_path: D:\UFAMeasy_Workspace\UFAMeasy\slice\97532\slice_3\layer_2.nc | config_path: D:\UFAMeasy_Workspace\UFAMeasy\slice\97532\slice_3\layer_2.ini | z_offset: 12.0 | duration_ms: 781.0000000026776
24/07/2026 10:17:04.638 PM,gcode,gcode_generation,INFO,GCodeGeneratedEvent,stl_path: D:\UFAMeasy_Workspace\UFAMeasy\slice\97532\slice_3\layer_2_scaled.stl | gcode_path: D:\UFAMeasy_Workspace\UFAMeasy\slice\97532\slice_3\layer_2.nc | config_path: D:\UFAMeasy_Workspace\UFAMeasy\slice\97532\slice_3\layer_2.ini | z_offset: 12.0 | duration_ms: 781.0000000026776
24/07/2026 10:17:05.547 PM,gcode,gcode_generation,INFO,GCodeGeneratedEvent,stl_path: D:\UFAMeasy_Workspace\UFAMeasy\slice\97532\slice_3\layer_3_scaled.stl | gcode_path: D:\UFAMeasy_Workspace\UFAMeasy\slice\97532\slice_3\layer_3.nc | config_path: D:\UFAMeasy_Workspace\UFAMeasy\slice\97532\slice_3\layer_3.ini | z_offset: 13.0 | duration_ms: 922.0000000059372
24/07/2026 10:17:05.547 PM,gcode,gcode_generation,INFO,GCodeGeneratedEvent,stl_path: D:\UFAMeasy_Workspace\UFAMeasy\slice\97532\slice_3\layer_3_scaled.stl | gcode_path: D:\UFAMeasy_Workspace\UFAMeasy\slice\97532\slice_3\layer_3.nc | config_path: D:\UFAMeasy_Workspace\UFAMeasy\slice\97532\slice_3\layer_3.ini | z_offset: 13.0 | duration_ms: 922.0000000059372
24/07/2026 10:17:06.350 PM,gcode,gcode_generation,INFO,GCodeGeneratedEvent,stl_path: D:\UFAMeasy_Workspace\UFAMeasy\slice\97532\slice_3\layer_4_scaled.stl | gcode_path: D:\UFAMeasy_Workspace\UFAMeasy\slice\97532\slice_3\layer_4.nc | config_path: D:\UFAMeasy_Workspace\UFAMeasy\slice\97532\slice_3\layer_4.ini | z_offset: 14.0 | duration_ms: 796.9999999913853
24/07/2026 10:17:06.350 PM,gcode,gcode_generation,INFO,GCodeGeneratedEvent,stl_path: D:\UFAMeasy_Workspace\UFAMeasy\slice\97532\slice_3\layer_4_scaled.stl | gcode_path: D:\UFAMeasy_Workspace\UFAMeasy\slice\97532\slice_3\layer_4.nc | config_path: D:\UFAMeasy_Workspace\UFAMeasy\slice\97532\slice_3\layer_4.ini | z_offset: 14.0 | duration_ms: 796.9999999913853
24/07/2026 10:17:07.190 PM,gcode,gcode_generation,INFO,GCodeGeneratedEvent,stl_path: D:\UFAMeasy_Workspace\UFAMeasy\slice\97532\slice_3\layer_5_scaled.stl | gcode_path: D:\UFAMeasy_Workspace\UFAMeasy\slice\97532\slice_3\layer_5.nc | config_path: D:\UFAMeasy_Workspace\UFAMeasy\slice\97532\slice_3\layer_5.ini | z_offset: 15.0 | duration_ms: 843.0000000080327
24/07/2026 10:17:07.190 PM,gcode,gcode_generation,INFO,GCodeGeneratedEvent,stl_path: D:\UFAMeasy_Workspace\UFAMeasy\slice\97532\slice_3\layer_5_scaled.stl | gcode_path: D:\UFAMeasy_Workspace\UFAMeasy\slice\97532\slice_3\layer_5.nc | config_path: D:\UFAMeasy_Workspace\UFAMeasy\slice\97532\slice_3\layer_5.ini | z_offset: 15.0 | duration_ms: 843.0000000080327
24/07/2026 10:17:08.122 PM,gcode,gcode_generation,INFO,GCodeGeneratedEvent,stl_path: D:\UFAMeasy_Workspace\UFAMeasy\slice\97532\slice_4\layer_1_scaled.stl | gcode_path: D:\UFAMeasy_Workspace\UFAMeasy\slice\97532\slice_4\layer_1.nc | config_path: D:\UFAMeasy_Workspace\UFAMeasy\slice\97532\slice_4\layer_1.ini | z_offset: 16.0 | duration_ms: 780.9999999881256
24/07/2026 10:17:08.122 PM,gcode,gcode_generation,INFO,GCodeGeneratedEvent,stl_path: D:\UFAMeasy_Workspace\UFAMeasy\slice\97532\slice_4\layer_1_scaled.stl | gcode_path: D:\UFAMeasy_Workspace\UFAMeasy\slice\97532\slice_4\layer_1.nc | config_path: D:\UFAMeasy_Workspace\UFAMeasy\slice\97532\slice_4\layer_1.ini | z_offset: 16.0 | duration_ms: 780.9999999881256
24/07/2026 10:17:08.891 PM,gcode,gcode_generation,INFO,GCodeGeneratedEvent,stl_path: D:\UFAMeasy_Workspace\UFAMeasy\slice\97532\slice_4\layer_2_scaled.stl | gcode_path: D:\UFAMeasy_Workspace\UFAMeasy\slice\97532\slice_4\layer_2.nc | config_path: D:\UFAMeasy_Workspace\UFAMeasy\slice\97532\slice_4\layer_2.ini | z_offset: 17.0 | duration_ms: 782.0000000065193
24/07/2026 10:17:08.891 PM,gcode,gcode_generation,INFO,GCodeGeneratedEvent,stl_path: D:\UFAMeasy_Workspace\UFAMeasy\slice\97532\slice_4\layer_2_scaled.stl | gcode_path: D:\UFAMeasy_Workspace\UFAMeasy\slice\97532\slice_4\layer_2.nc | config_path: D:\UFAMeasy_Workspace\UFAMeasy\slice\97532\slice_4\layer_2.ini | z_offset: 17.0 | duration_ms: 782.0000000065193
24/07/2026 10:17:09.562 PM,gcode,gcode_generation,INFO,GCodeGeneratedEvent,stl_path: D:\UFAMeasy_Workspace\UFAMeasy\slice\97532\slice_4\layer_3_scaled.stl | gcode_path: D:\UFAMeasy_Workspace\UFAMeasy\slice\97532\slice_4\layer_3.nc | config_path: D:\UFAMeasy_Workspace\UFAMeasy\slice\97532\slice_4\layer_3.ini | z_offset: 18.0 | duration_ms: 656.0000000026776
24/07/2026 10:17:09.562 PM,gcode,gcode_generation,INFO,GCodeGeneratedEvent,stl_path: D:\UFAMeasy_Workspace\UFAMeasy\slice\97532\slice_4\layer_3_scaled.stl | gcode_path: D:\UFAMeasy_Workspace\UFAMeasy\slice\97532\slice_4\layer_3.nc | config_path: D:\UFAMeasy_Workspace\UFAMeasy\slice\97532\slice_4\layer_3.ini | z_offset: 18.0 | duration_ms: 656.0000000026776
24/07/2026 10:17:10.227 PM,gcode,gcode_generation,INFO,GCodeGeneratedEvent,stl_path: D:\UFAMeasy_Workspace\UFAMeasy\slice\97532\slice_4\layer_4_scaled.stl | gcode_path: D:\UFAMeasy_Workspace\UFAMeasy\slice\97532\slice_4\layer_4.nc | config_path: D:\UFAMeasy_Workspace\UFAMeasy\slice\97532\slice_4\layer_4.ini | z_offset: 19.0 | duration_ms: 656.9999999919673
24/07/2026 10:17:10.227 PM,gcode,gcode_generation,INFO,GCodeGeneratedEvent,stl_path: D:\UFAMeasy_Workspace\UFAMeasy\slice\97532\slice_4\layer_4_scaled.stl | gcode_path: D:\UFAMeasy_Workspace\UFAMeasy\slice\97532\slice_4\layer_4.nc | config_path: D:\UFAMeasy_Workspace\UFAMeasy\slice\97532\slice_4\layer_4.ini | z_offset: 19.0 | duration_ms: 656.9999999919673
24/07/2026 10:17:10.264 PM,session,session_sidecar,INFO,SessionSavedEvent,Saved session 'D:\UFAMeasy_Workspace\UFAMeasy\slice\97532\[mjhgg].ufamsession.json' with 4 slices
24/07/2026 10:17:10.264 PM,session,session_sidecar,INFO,SessionSavedEvent,Saved session 'D:\UFAMeasy_Workspace\UFAMeasy\slice\97532\[mjhgg].ufamsession.json' with 4 slices
24/07/2026 10:17:12.883 PM,session,session_sidecar,INFO,SessionSavedEvent,Saved session 'D:\UFAMeasy_Workspace\UFAMeasy\slice\97532\[mjhgg].ufamsession.json' with 4 slices
24/07/2026 10:17:12.883 PM,session,session_sidecar,INFO,SessionSavedEvent,Saved session 'D:\UFAMeasy_Workspace\UFAMeasy\slice\97532\[mjhgg].ufamsession.json' with 4 slices
24/07/2026 10:17:12.886 PM,gcode,gcode_merge,INFO,GCodeMergedEvent,Merged 4 slices into 'D:\UFAMeasy_Workspace\UFAMeasy\slice\97532\combined_print.gcode' (31.000000002677552ms)
24/07/2026 10:17:12.886 PM,gcode,gcode_merge,INFO,GCodeMergedEvent,Merged 4 slices into 'D:\UFAMeasy_Workspace\UFAMeasy\slice\97532\combined_print.gcode' (31.000000002677552ms)
24/07/2026 10:18:16.663 PM,session,session_sidecar,INFO,SessionSavedEvent,Saved session 'D:\UFAMeasy_Workspace\UFAMeasy\slice\97532\[mjhgg].ufamsession.json' with 4 slices
24/07/2026 10:18:16.663 PM,session,session_sidecar,INFO,SessionSavedEvent,Saved session 'D:\UFAMeasy_Workspace\UFAMeasy\slice\97532\[mjhgg].ufamsession.json' with 4 slices
24/07/2026 10:18:16.666 PM,gcode,gcode_merge,INFO,GCodeMergedEvent,Merged 4 slices into 'D:\UFAMeasy_Workspace\UFAMeasy\slice\97532\combined_print.gcode' (14.999999999417923ms)
24/07/2026 10:18:16.666 PM,gcode,gcode_merge,INFO,GCodeMergedEvent,Merged 4 slices into 'D:\UFAMeasy_Workspace\UFAMeasy\slice\97532\combined_print.gcode' (14.999999999417923ms)
24/07/2026 10:27:44.433 PM,session,document,INFO,FileEvent,Document Closed | Path: D:/UFAMeasy_Workspace/UFAMeasy/slice/97532/[mjhgg].FCStd | Name: Unnamed
24/07/2026 10:27:44.433 PM,session,document,INFO,FileEvent,Document Closed | Path: D:/UFAMeasy_Workspace/UFAMeasy/slice/97532/[mjhgg].FCStd | Name: Unnamed
